match_no,stage,group_name,date_et,home_team,away_team,home_team_zh,away_team_zh,scoreline_rank,scoreline,model_probability,model_fair_odds,best_decimal_odds,average_decimal_odds,raw_market_implied_probability,listed_score_fair_probability,listed_score_market_overround_proxy,market_edge,kelly_fraction,has_score_odds,value_signal,bookmaker_count,source_names,source_urls,source_match_ids,latest_fetched_at
1,Group Stage,Group A,2026-06-11,Mexico,South Africa,墨西哥,南非,10,5-0,0.0380848130963044,26.25718544216871,80.0,57.0,0.02095588235294118,0.014745394704200606,0.42118151282660166,2.046785047704352,0.025908671489928505,True,strong_value,2.0,SportsGambler|中国体育彩票,https://www.sportsgambler.com/betting-tips/football/mexico-vs-south-africa-prediction-lineups-odds-2026-06-11/|https://www.sporttery.cn/jc/zqdz/index.html?showType=3&mid=2040162,2040162,2026-06-13 06:30:21.088806+00:00
19,Group Stage,Group D,2026-06-12,United States,Paraguay,美国,巴拉圭,10,1-3,0.0392306487428631,25.490274365700405,52.0,52.0,0.019230769230769232,0.013645317054687911,0.40933106601304026,1.0399937346288812,0.020392034012331004,True,strong_value,1.0,中国体育彩票,https://www.sporttery.cn/jc/zqdz/index.html?showType=3&mid=2040165,2040165,2026-06-13 06:30:21.088806+00:00
68,Group Stage,Group L,2026-06-17,Ghana,Panama,加纳,巴拿马,8,1-3,0.0535004034109145,18.691447844223024,35.0,35.0,0.02857142857142857,0.020277047969043706,0.4090526695526695,0.8725141193820074,0.025662179981823748,True,strong_value,1.0,中国体育彩票,https://www.sporttery.cn/jc/zqdz/index.html?showType=3&mid=2040184,2040184,2026-06-13 06:30:21.088806+00:00
50,Group Stage,Group I,2026-06-16,Norway,Iraq,挪威,伊拉克,6,0-1,0.0599437909785934,16.68229492454208,30.0,30.0,0.03333333333333333,0.02367488973494803,0.4079615029474817,0.798313729357802,0.027528059633027655,True,strong_value,1.0,中国体育彩票,https://www.sporttery.cn/jc/zqdz/index.html?showType=3&mid=2040179,2040179,2026-06-13 06:30:21.088806+00:00
7,Group Stage,Group B,2026-06-12,Canada,Bosnia and Herzegovina,加拿大,波黑,8,4-0,0.0444057999647388,22.51958079336635,40.0,33.0,0.03173076923076923,0.02237092635916266,0.41839317341335636,0.776231998589552,0.019903384579219283,True,strong_value,2.0,SportsGambler|中国体育彩票,https://www.sportsgambler.com/betting-tips/football/canada-vs-bosnia-herzegovina-prediction-lineups-odds-2026-06-12/|https://www.sporttery.cn/jc/zqdz/index.html?showType=3&mid=2040164,2040164,2026-06-13 06:30:21.088806+00:00
50,Group Stage,Group I,2026-06-16,Norway,Iraq,挪威,伊拉克,7,1-2,0.057347101007729,17.437673089442207,29.0,29.0,0.034482758620689655,0.024491265243049686,0.4079615029474817,0.663065929224141,0.02368092604371932,True,strong_value,1.0,中国体育彩票,https://www.sporttery.cn/jc/zqdz/index.html?showType=3&mid=2040179,2040179,2026-06-13 06:30:21.088806+00:00
1,Group Stage,Group A,2026-06-11,Mexico,South Africa,墨西哥,南非,6,4-0,0.0715499251992922,13.976255002568367,23.0,19.5,0.05298913043478261,0.03728526578522121,0.42118151282660166,0.6456482795837204,0.02934764907198729,True,strong_value,2.0,SportsGambler|中国体育彩票,https://www.sportsgambler.com/betting-tips/football/mexico-vs-south-africa-prediction-lineups-odds-2026-06-11/|https://www.sporttery.cn/jc/zqdz/index.html?showType=3&mid=2040162,2040162,2026-06-13 06:30:21.088806+00:00
32,Group Stage,Group F,2026-06-14,Tunisia,Sweden,突尼斯,瑞典,10,3-1,0.0364707197100795,27.41925599355879,45.0,45.0,0.022222222222222223,0.015767276324464636,0.40938877234884496,0.6411823869535775,0.014572326976217671,True,strong_value,1.0,中国体育彩票,https://www.sporttery.cn/jc/zqdz/index.html?showType=3&mid=2040173,2040173,2026-06-13 06:30:21.088806+00:00
2,Group Stage,Group A,2026-06-11,South Korea,Czech Republic,韩国,捷克,10,3-0,0.0449622350074315,22.240887265384313,35.0,28.0,0.03809523809523809,0.026649119805103833,0.4295120579533025,0.5736782252601027,0.016872888978238316,True,strong_value,2.0,SportsGambler|中国体育彩票,https://www.sportsgambler.com/betting-tips/football/south-korea-vs-czech-republic-prediction-lineups-odds-2026-06-12/|https://www.sporttery.cn/jc/zqdz/index.html?showType=3&mid=2040163,2040163,2026-06-13 06:30:21.088806+00:00
20,Group Stage,Group D,2026-06-14,Australia,Turkey,澳大利亚,土耳其,8,2-0,0.0549748063477636,18.190150478641577,28.0,28.0,0.03571428571428571,0.025334428833735677,0.40971347523446333,0.5392945777373808,0.01997387324953262,True,strong_value,1.0,中国体育彩票,https://www.sporttery.cn/jc/zqdz/index.html?showType=3&mid=2040169,2040169,2026-06-13 06:30:21.088806+00:00
1,Group Stage,Group A,2026-06-11,Mexico,South Africa,墨西哥,南非,9,4-1,0.0439279651109149,22.76454184652244,34.0,27.5,0.03851540616246499,0.0271009760645291,0.42118151282660166,0.49355081377110666,0.01495608526579111,True,strong_value,2.0,SportsGambler|中国体育彩票,https://www.sportsgambler.com/betting-tips/football/mexico-vs-south-africa-prediction-lineups-odds-2026-06-11/|https://www.sporttery.cn/jc/zqdz/index.html?showType=3&mid=2040162,2040162,2026-06-13 06:30:21.088806+00:00
2,Group Stage,Group A,2026-06-11,South Korea,Czech Republic,韩国,捷克,9,3-1,0.04636714332002,21.56699611831011,32.0,25.5,0.04194078947368421,0.02933923448937727,0.4295120579533025,0.4837485862406401,0.015604793104536777,True,strong_value,2.0,SportsGambler|中国体育彩票,https://www.sportsgambler.com/betting-tips/football/south-korea-vs-czech-republic-prediction-lineups-odds-2026-06-12/|https://www.sporttery.cn/jc/zqdz/index.html?showType=3&mid=2040163,2040163,2026-06-13 06:30:21.088806+00:00
19,Group Stage,Group D,2026-06-12,United States,Paraguay,美国,巴拉圭,7,0-2,0.0631308768034889,15.840109477851184,23.0,23.0,0.043478260869565216,0.03085028203668571,0.40933106601304026,0.4520101664802447,0.020545916658192942,True,strong_value,1.0,中国体育彩票,https://www.sporttery.cn/jc/zqdz/index.html?showType=3&mid=2040165,2040165,2026-06-13 06:30:21.088806+00:00
7,Group Stage,Group B,2026-06-12,Canada,Bosnia and Herzegovina,加拿大,波黑,5,3-0,0.0883504399495426,11.318562766309995,15.5,14.25,0.0707196029776675,0.049858956108397724,0.41839317341335636,0.36943181921791024,0.025478056497786915,True,strong_value,2.0,SportsGambler|中国体育彩票,https://www.sportsgambler.com/betting-tips/football/canada-vs-bosnia-herzegovina-prediction-lineups-odds-2026-06-12/|https://www.sporttery.cn/jc/zqdz/index.html?showType=3&mid=2040164,2040164,2026-06-13 06:30:21.088806+00:00
31,Group Stage,Group F,2026-06-14,Netherlands,Japan,荷兰,日本,8,0-2,0.0626202653624708,15.969271196977616,21.0,21.0,0.047619047619047616,0.033781405165267786,0.40962305700672696,0.3150255726118867,0.015751278630594334,True,strong_value,1.0,中国体育彩票,https://www.sporttery.cn/jc/zqdz/index.html?showType=3&mid=2040171,2040171,2026-06-13 06:30:21.088806+00:00
32,Group Stage,Group F,2026-06-14,Tunisia,Sweden,突尼斯,瑞典,7,2-0,0.0618891720961205,16.15791528842708,21.0,21.0,0.047619047619047616,0.03378702069528136,0.40938877234884496,0.2996726140185304,0.01498363070092652,True,strong_value,1.0,中国体育彩票,https://www.sporttery.cn/jc/zqdz/index.html?showType=3&mid=2040173,2040173,2026-06-13 06:30:21.088806+00:00
19,Group Stage,Group D,2026-06-12,United States,Paraguay,美国,巴拉圭,5,1-2,0.0806681619167251,12.396464432055788,16.0,16.0,0.0625,0.044347280427735704,0.40933106601304026,0.2906905906676016,0.019379372711173442,True,strong_value,1.0,中国体育彩票,https://www.sporttery.cn/jc/zqdz/index.html?showType=3&mid=2040165,2040165,2026-06-13 06:30:21.088806+00:00
50,Group Stage,Group I,2026-06-16,Norway,Iraq,挪威,伊拉克,10,2-2,0.0495758226814824,20.171122654380497,26.0,26.0,0.038461538461538464,0.027317180463401574,0.4079615029474817,0.2889713897185424,0.011558855588741696,True,strong_value,1.0,中国体育彩票,https://www.sporttery.cn/jc/zqdz/index.html?showType=3&mid=2040179,2040179,2026-06-13 06:30:21.088806+00:00
8,Group Stage,Group B,2026-06-13,Qatar,Switzerland,卡塔尔,瑞士,10,2-2,0.0369120259456555,27.09144172883577,34.0,34.0,0.029411764705882353,0.02086132813354457,0.4098701922332961,0.2550088821522869,0.007727541883402633,True,strong_value,1.0,中国体育彩票,https://www.sporttery.cn/jc/zqdz/index.html?showType=3&mid=2040166,2040166,2026-06-13 06:30:21.088806+00:00
50,Group Stage,Group I,2026-06-16,Norway,Iraq,挪威,伊拉克,5,0-0,0.0696573012697225,14.355996884344753,18.0,18.0,0.05555555555555555,0.03945814955824671,0.4079615029474817,0.25383142285500493,0.014931260167941466,True,strong_value,1.0,中国体育彩票,https://www.sporttery.cn/jc/zqdz/index.html?showType=3&mid=2040179,2040179,2026-06-13 06:30:21.088806+00:00
8,Group Stage,Group B,2026-06-13,Qatar,Switzerland,卡塔尔,瑞士,5,1-1,0.0883379783866569,11.320159440631324,14.0,14.0,0.07142857142857142,0.05066322546717967,0.4098701922332961,0.23673169741319655,0.01821013057024589,True,strong_value,1.0,中国体育彩票,https://www.sporttery.cn/jc/zqdz/index.html?showType=3&mid=2040166,2040166,2026-06-13 06:30:21.088806+00:00
68,Group Stage,Group L,2026-06-17,Ghana,Panama,加纳,巴拿马,5,0-2,0.0680116518736195,14.703362915787112,18.0,18.0,0.05555555555555555,0.03942759327314054,0.4090526695526695,0.22420973372515096,0.013188807866185351,True,strong_value,1.0,中国体育彩票,https://www.sporttery.cn/jc/zqdz/index.html?showType=3&mid=2040184,2040184,2026-06-13 06:30:21.088806+00:00
14,Group Stage,Group C,2026-06-13,Haiti,Scotland,海地,苏格兰,9,2-1,0.0538862357036595,18.557614703305177,22.0,22.0,0.045454545454545456,0.03225406972635614,0.4092654303838954,0.18549718548050897,0.008833199308595666,True,strong_value,1.0,中国体育彩票,https://www.sporttery.cn/jc/zqdz/index.html?showType=3&mid=2040168,2040168,2026-06-13 06:30:21.088806+00:00
50,Group Stage,Group I,2026-06-16,Norway,Iraq,挪威,伊拉克,1,1-1,0.1182779396445176,8.454661985197607,10.0,10.0,0.1,0.07102466920484408,0.4079615029474817,0.18277939644517605,0.020308821827241783,True,strong_value,1.0,中国体育彩票,https://www.sporttery.cn/jc/zqdz/index.html?showType=3&mid=2040179,2040179,2026-06-13 06:30:21.088806+00:00
20,Group Stage,Group D,2026-06-14,Australia,Turkey,澳大利亚,土耳其,5,1-0,0.0836219565410717,11.958581709444227,14.0,14.0,0.07142857142857142,0.050668857667471354,0.40971347523446333,0.1707073915750037,0.013131337813461822,True,strong_value,1.0,中国体育彩票,https://www.sporttery.cn/jc/zqdz/index.html?showType=3&mid=2040169,2040169,2026-06-13 06:30:21.088806+00:00
56,Group Stage,Group J,2026-06-17,Austria,Jordan,奥地利,约旦,8,1-2,0.0456492957616057,21.906142982408745,25.0,25.0,0.04,0.02837320751270847,0.4097806877168837,0.14123239404014254,0.005884683085005939,True,strong_value,1.0,中国体育彩票,https://www.sporttery.cn/jc/zqdz/index.html?showType=3&mid=2040181,2040181,2026-06-13 06:30:21.088806+00:00
19,Group Stage,Group D,2026-06-12,United States,Paraguay,美国,巴拉圭,8,2-2,0.0552855087931896,18.087922528501466,20.0,20.0,0.05,0.03547782434218857,0.40933106601304026,0.10571017586379194,0.005563693466515365,True,strong_value,1.0,中国体育彩票,https://www.sporttery.cn/jc/zqdz/index.html?showType=3&mid=2040165,2040165,2026-06-13 06:30:21.088806+00:00
26,Group Stage,Group E,2026-06-14,Ivory Coast,Ecuador,科特迪瓦,厄瓜多尔,8,0-3,0.0520904258064371,19.197385786706786,21.0,21.0,0.047619047619047616,0.033781702990414254,0.4096106295339754,0.093898941935179,0.00469494709675895,True,thin_value,1.0,中国体育彩票,https://www.sporttery.cn/jc/zqdz/index.html?showType=3&mid=2040172,2040172,2026-06-13 06:30:21.088806+00:00
14,Group Stage,Group C,2026-06-13,Haiti,Scotland,海地,苏格兰,10,2-2,0.0493023141723269,20.28302356162612,22.0,22.0,0.045454545454545456,0.03225406972635614,0.4092654303838954,0.08465091179119177,0.0040309957995805605,True,thin_value,1.0,中国体育彩票,https://www.sporttery.cn/jc/zqdz/index.html?showType=3&mid=2040168,2040168,2026-06-13 06:30:21.088806+00:00
8,Group Stage,Group B,2026-06-13,Qatar,Switzerland,卡塔尔,瑞士,7,0-0,0.0539225724155387,18.54510931514523,20.0,20.0,0.05,0.03546425782702577,0.4098701922332961,0.07845144831077411,0.004129023595303901,True,thin_value,1.0,中国体育彩票,https://www.sporttery.cn/jc/zqdz/index.html?showType=3&mid=2040166,2040166,2026-06-13 06:30:21.088806+00:00
38,Group Stage,Group G,2026-06-15,Iran,New Zealand,伊朗,新西兰,10,4-0,0.0414607250202671,24.11921160353982,26.0,26.0,0.038461538461538464,0.02727879578309632,0.40994268102449327,0.07797885052694453,0.0031191540210777813,True,thin_value,1.0,中国体育彩票,https://www.sporttery.cn/jc/zqdz/index.html?showType=3&mid=2040177,2040177,2026-06-13 06:30:21.088806+00:00
55,Group Stage,Group J,2026-06-16,Argentina,Algeria,阿根廷,阿尔及利亚,10,5-0,0.0306451550081674,32.631585636733924,35.0,35.0,0.02857142857142857,0.020269996111964325,0.4095428737928737,0.07258042528585906,0.0021347183907605605,True,thin_value,1.0,中国体育彩票,https://www.sporttery.cn/jc/zqdz/index.html?showType=3&mid=2040180,2040180,2026-06-13 06:30:21.088806+00:00
32,Group Stage,Group F,2026-06-14,Tunisia,Sweden,突尼斯,瑞典,4,2-1,0.0822871392770664,12.152567324438536,12.5,12.5,0.08,0.05676219476807269,0.40938877234884496,0.028589240963330154,0.002486020953333057,True,thin_value,1.0,中国体育彩票,https://www.sporttery.cn/jc/zqdz/index.html?showType=3&mid=2040173,2040173,2026-06-13 06:30:21.088806+00:00
68,Group Stage,Group L,2026-06-17,Ghana,Panama,加纳,巴拿马,2,1-2,0.092638387602372,10.794661110599847,11.0,11.0,0.09090909090909091,0.0645178799015027,0.4090526695526695,0.01902226362609194,0.0019022263626091939,True,thin_value,1.0,中国体育彩票,https://www.sporttery.cn/jc/zqdz/index.html?showType=3&mid=2040184,2040184,2026-06-13 06:30:21.088806+00:00
68,Group Stage,Group L,2026-06-17,Ghana,Panama,加纳,巴拿马,6,2-2,0.0630911808576147,15.850075817360556,16.0,16.0,0.0625,0.04435604243228311,0.4090526695526695,0.009458893721835171,0.0006305929147890114,True,thin_value,1.0,中国体育彩票,https://www.sporttery.cn/jc/zqdz/index.html?showType=3&mid=2040184,2040184,2026-06-13 06:30:21.088806+00:00
56,Group Stage,Group J,2026-06-17,Austria,Jordan,奥地利,约旦,10,2-2,0.0453368980096342,22.057089123907367,22.0,22.0,0.045454545454545456,0.032242281264441446,0.4097806877168837,-0.0025882437880476727,0.0,True,no_value,1.0,中国体育彩票,https://www.sporttery.cn/jc/zqdz/index.html?showType=3&mid=2040181,2040181,2026-06-13 06:30:21.088806+00:00
43,Group Stage,Group H,2026-06-15,Spain,Cape Verde,西班牙,佛得角,9,5-1,0.0429705378775727,23.271758963062055,23.0,23.0,0.043478260869565216,0.03084689185050299,0.40948595664934917,-0.0116776288158279,0.0,True,no_value,1.0,中国体育彩票,https://www.sporttery.cn/jc/zqdz/index.html?showType=3&mid=2040174,2040174,2026-06-13 06:30:21.088806+00:00
62,Group Stage,Group K,2026-06-17,Uzbekistan,Colombia,乌兹别克斯坦,哥伦比亚,9,1-4,0.0427290732055124,23.403269132244876,23.0,23.0,0.043478260869565216,0.0308373298001309,0.4099230105643148,-0.017231316273214836,0.0,True,no_value,1.0,中国体育彩票,https://www.sporttery.cn/jc/zqdz/index.html?showType=3&mid=2040185,2040185,2026-06-13 06:30:21.088806+00:00
31,Group Stage,Group F,2026-06-14,Netherlands,Japan,荷兰,日本,3,0-1,0.0933798901141253,10.70894385052112,10.5,10.5,0.09523809523809523,0.06756281033053557,0.40962305700672696,-0.019511153801684333,0.0,True,no_value,1.0,中国体育彩票,https://www.sporttery.cn/jc/zqdz/index.html?showType=3&mid=2040171,2040171,2026-06-13 06:30:21.088806+00:00
2,Group Stage,Group A,2026-06-11,South Korea,Czech Republic,韩国,捷克,4,2-0,0.0817071971606444,12.238823931677665,12.0,11.5,0.08712121212121213,0.06094472000883122,0.4295120579533025,-0.01951363407226725,0.0,True,no_value,2.0,SportsGambler|中国体育彩票,https://www.sportsgambler.com/betting-tips/football/south-korea-vs-czech-republic-prediction-lineups-odds-2026-06-12/|https://www.sporttery.cn/jc/zqdz/index.html?showType=3&mid=2040163,2040163,2026-06-13 06:30:21.088806+00:00
14,Group Stage,Group C,2026-06-13,Haiti,Scotland,海地,苏格兰,7,1-0,0.0560089409999554,17.85429222810687,17.5,17.5,0.05714285714285714,0.04054797337027629,0.4092654303838954,-0.019843532500780414,0.0,True,no_value,1.0,中国体育彩票,https://www.sporttery.cn/jc/zqdz/index.html?showType=3&mid=2040168,2040168,2026-06-13 06:30:21.088806+00:00
1,Group Stage,Group A,2026-06-11,Mexico,South Africa,墨西哥,南非,2,3-0,0.1150282661801174,8.693515369814813,8.5,8.5,0.11764705882352941,0.08278116325165252,0.42118151282660166,-0.022259737469002117,0.0,True,no_value,2.0,SportsGambler|中国体育彩票,https://www.sportsgambler.com/betting-tips/football/mexico-vs-south-africa-prediction-lineups-odds-2026-06-11/|https://www.sporttery.cn/jc/zqdz/index.html?showType=3&mid=2040162,2040162,2026-06-13 06:30:21.088806+00:00
20,Group Stage,Group D,2026-06-14,Australia,Turkey,澳大利亚,土耳其,7,2-1,0.0698076931460001,14.325068698496288,14.0,14.0,0.07142857142857142,0.050668857667471354,0.40971347523446333,-0.02269229595599853,0.0,True,no_value,1.0,中国体育彩票,https://www.sporttery.cn/jc/zqdz/index.html?showType=3&mid=2040169,2040169,2026-06-13 06:30:21.088806+00:00
55,Group Stage,Group J,2026-06-16,Argentina,Algeria,阿根廷,阿尔及利亚,7,4-0,0.0640855803542953,15.604134260336389,15.0,15.0,0.06666666666666667,0.04729665759458342,0.4095428737928737,-0.038716294685570474,0.0,True,no_value,1.0,中国体育彩票,https://www.sporttery.cn/jc/zqdz/index.html?showType=3&mid=2040180,2040180,2026-06-13 06:30:21.088806+00:00
67,Group Stage,Group L,2026-06-17,England,Croatia,英格兰,克罗地亚,8,2-2,0.0562522371210865,17.77707076515796,17.0,17.0,0.058823529411764705,0.04172706185954762,0.4097213364737593,-0.04371196894152951,0.0,True,no_value,1.0,中国体育彩票,https://www.sporttery.cn/jc/zqdz/index.html?showType=3&mid=2040183,2040183,2026-06-13 06:30:21.088806+00:00
26,Group Stage,Group E,2026-06-14,Ivory Coast,Ecuador,科特迪瓦,厄瓜多尔,9,1-3,0.0434527697492683,23.013492713357792,22.0,22.0,0.045454545454545456,0.03224617103630452,0.4096106295339754,-0.044039065516097375,0.0,True,no_value,1.0,中国体育彩票,https://www.sporttery.cn/jc/zqdz/index.html?showType=3&mid=2040172,2040172,2026-06-13 06:30:21.088806+00:00
25,Group Stage,Group E,2026-06-14,Germany,Curaçao,德国,库拉索,9,5-1,0.0525593868473579,19.026097144249103,18.0,18.0,0.05555555555555555,0.039413028685618544,0.40957336719030857,-0.05393103674755784,0.0,True,no_value,1.0,中国体育彩票,https://www.sporttery.cn/jc/zqdz/index.html?showType=3&mid=2040170,2040170,2026-06-13 06:30:21.088806+00:00
67,Group Stage,Group L,2026-06-17,England,Croatia,英格兰,克罗地亚,5,1-2,0.067517239619463,14.811032051016092,14.0,14.0,0.07142857142857142,0.05066857511516497,0.4097213364737593,-0.05475864532751795,0.0,True,no_value,1.0,中国体育彩票,https://www.sporttery.cn/jc/zqdz/index.html?showType=3&mid=2040183,2040183,2026-06-13 06:30:21.088806+00:00
62,Group Stage,Group K,2026-06-17,Uzbekistan,Colombia,乌兹别克斯坦,哥伦比亚,10,2-2,0.0377791809459074,26.46960508306969,25.0,25.0,0.04,0.02837034341612043,0.4099230105643148,-0.05552047635231505,0.0,True,no_value,1.0,中国体育彩票,https://www.sporttery.cn/jc/zqdz/index.html?showType=3&mid=2040185,2040185,2026-06-13 06:30:21.088806+00:00
25,Group Stage,Group E,2026-06-14,Germany,Curaçao,德国,库拉索,6,4-1,0.0674494295111958,14.825922283508891,14.0,14.0,0.07142857142857142,0.0506738940243667,0.40957336719030857,-0.05570798684325884,0.0,True,no_value,1.0,中国体育彩票,https://www.sporttery.cn/jc/zqdz/index.html?showType=3&mid=2040170,2040170,2026-06-13 06:30:21.088806+00:00
55,Group Stage,Group J,2026-06-16,Argentina,Algeria,阿根廷,阿尔及利亚,9,4-1,0.0428456580674055,23.339587839374143,22.0,22.0,0.045454545454545456,0.03224772108721597,0.4095428737928737,-0.05739552251707902,0.0,True,no_value,1.0,中国体育彩票,https://www.sporttery.cn/jc/zqdz/index.html?showType=3&mid=2040180,2040180,2026-06-13 06:30:21.088806+00:00
61,Group Stage,Group K,2026-06-17,Portugal,DR Congo,葡萄牙,刚果民主共和国,10,2-2,0.0319187769084927,31.329521267900706,29.0,29.0,0.034482758620689655,0.024472349954161404,0.4090497514655731,-0.07435546965371165,0.0,True,no_value,1.0,中国体育彩票,https://www.sporttery.cn/jc/zqdz/index.html?showType=3&mid=2040182,2040182,2026-06-13 06:30:21.088806+00:00
7,Group Stage,Group B,2026-06-12,Canada,Bosnia and Herzegovina,加拿大,波黑,1,2-0,0.1228267690173045,8.14154770984096,7.5,7.05,0.14242424242424243,0.100412385714956,0.41839317341335636,-0.07879923237021624,0.0,True,no_value,2.0,SportsGambler|中国体育彩票,https://www.sportsgambler.com/betting-tips/football/canada-vs-bosnia-herzegovina-prediction-lineups-odds-2026-06-12/|https://www.sporttery.cn/jc/zqdz/index.html?showType=3&mid=2040164,2040164,2026-06-13 06:30:21.088806+00:00
38,Group Stage,Group G,2026-06-15,Iran,New Zealand,伊朗,新西兰,7,2-2,0.0482847651416108,20.710466273723696,19.0,19.0,0.05263157894736842,0.03732887844002654,0.40994268102449327,-0.08258946230939479,0.0,True,no_value,1.0,中国体育彩票,https://www.sporttery.cn/jc/zqdz/index.html?showType=3&mid=2040177,2040177,2026-06-13 06:30:21.088806+00:00
49,Group Stage,Group I,2026-06-16,France,Senegal,法国,塞内加尔,10,2-2,0.0458397738241943,21.815116362380447,20.0,20.0,0.05,0.03550323773074155,0.4083222600485812,-0.08320452351611396,0.0,True,no_value,1.0,中国体育彩票,https://www.sporttery.cn/jc/zqdz/index.html?showType=3&mid=2040178,2040178,2026-06-13 06:30:21.088806+00:00
7,Group Stage,Group B,2026-06-12,Canada,Bosnia and Herzegovina,加拿大,波黑,7,3-1,0.0606907751067746,16.476968670126197,15.0,15.0,0.06666666666666667,0.04700154224955388,0.41839317341335636,-0.08963837339838099,0.0,True,no_value,2.0,SportsGambler|中国体育彩票,https://www.sportsgambler.com/betting-tips/football/canada-vs-bosnia-herzegovina-prediction-lineups-odds-2026-06-12/|https://www.sporttery.cn/jc/zqdz/index.html?showType=3&mid=2040164,2040164,2026-06-13 06:30:21.088806+00:00
25,Group Stage,Group E,2026-06-14,Germany,Curaçao,德国,库拉索,5,3-1,0.0695635067719462,14.37535349214573,13.0,13.0,0.07692307692307693,0.054571885872394914,0.40957336719030857,-0.09567441196469939,0.0,True,no_value,1.0,中国体育彩票,https://www.sporttery.cn/jc/zqdz/index.html?showType=3&mid=2040170,2040170,2026-06-13 06:30:21.088806+00:00
20,Group Stage,Group D,2026-06-14,Australia,Turkey,澳大利亚,土耳其,4,0-0,0.085845988240236,11.648767991365498,10.5,10.5,0.09523809523809523,0.0675584768899618,0.40971347523446333,-0.09861712347752205,0.0,True,no_value,1.0,中国体育彩票,https://www.sporttery.cn/jc/zqdz/index.html?showType=3&mid=2040169,2040169,2026-06-13 06:30:21.088806+00:00
13,Group Stage,Group C,2026-06-13,Brazil,Morocco,巴西,摩洛哥,5,3-0,0.0643605890265237,15.537458794665307,14.0,14.0,0.07142857142857142,0.050681814206713034,0.40935308939888726,-0.09895175362866826,0.0,True,no_value,1.0,中国体育彩票,https://www.sporttery.cn/jc/zqdz/index.html?showType=3&mid=2040167,2040167,2026-06-13 06:30:21.088806+00:00
56,Group Stage,Group J,2026-06-17,Austria,Jordan,奥地利,约旦,2,1-1,0.1047102816154607,9.550160543664777,8.5,8.5,0.11764705882352941,0.0834506103314955,0.4097806877168837,-0.10996260626858412,0.0,True,no_value,1.0,中国体育彩票,https://www.sporttery.cn/jc/zqdz/index.html?showType=3&mid=2040181,2040181,2026-06-13 06:30:21.088806+00:00
14,Group Stage,Group C,2026-06-13,Haiti,Scotland,海地,苏格兰,1,1-1,0.1139910789782226,8.772616321940815,7.75,7.75,0.12903225806451613,0.0915599398683658,0.4092654303838954,-0.11656913791877488,0.0,True,no_value,1.0,中国体育彩票,https://www.sporttery.cn/jc/zqdz/index.html?showType=3&mid=2040168,2040168,2026-06-13 06:30:21.088806+00:00
38,Group Stage,Group G,2026-06-15,Iran,New Zealand,伊朗,新西兰,6,3-1,0.0730647451731136,13.686491311653553,12.0,12.0,0.08333333333333333,0.05910405753004201,0.40994268102449327,-0.12322305792263688,0.0,True,no_value,1.0,中国体育彩票,https://www.sporttery.cn/jc/zqdz/index.html?showType=3&mid=2040177,2040177,2026-06-13 06:30:21.088806+00:00
32,Group Stage,Group F,2026-06-14,Tunisia,Sweden,突尼斯,瑞典,9,2-2,0.0547040222147985,18.280191465143865,16.0,16.0,0.0625,0.04434546466255679,0.40938877234884496,-0.12473564456322395,0.0,True,no_value,1.0,中国体育彩票,https://www.sporttery.cn/jc/zqdz/index.html?showType=3&mid=2040173,2040173,2026-06-13 06:30:21.088806+00:00
43,Group Stage,Group H,2026-06-15,Spain,Cape Verde,西班牙,佛得角,7,4-1,0.0623292741011553,16.043825544592128,14.0,14.0,0.07142857142857142,0.05067703661154062,0.40948595664934917,-0.12739016258382574,0.0,True,no_value,1.0,中国体育彩票,https://www.sporttery.cn/jc/zqdz/index.html?showType=3&mid=2040174,2040174,2026-06-13 06:30:21.088806+00:00
14,Group Stage,Group C,2026-06-13,Haiti,Scotland,海地,苏格兰,5,0-0,0.0670126312565237,14.922559840577067,13.0,13.0,0.07692307692307693,0.05458381030614116,0.4092654303838954,-0.12883579366519193,0.0,True,no_value,1.0,中国体育彩票,https://www.sporttery.cn/jc/zqdz/index.html?showType=3&mid=2040168,2040168,2026-06-13 06:30:21.088806+00:00
56,Group Stage,Group J,2026-06-17,Austria,Jordan,奥地利,约旦,9,0-1,0.04557724103286,21.94077520574416,19.0,19.0,0.05263157894736842,0.037333167779879564,0.4097806877168837,-0.1340324203756601,0.0,True,no_value,1.0,中国体育彩票,https://www.sporttery.cn/jc/zqdz/index.html?showType=3&mid=2040181,2040181,2026-06-13 06:30:21.088806+00:00
26,Group Stage,Group E,2026-06-14,Ivory Coast,Ecuador,科特迪瓦,厄瓜多尔,4,0-2,0.0998757795140243,10.012437498518674,8.65,8.65,0.11560693641618497,0.0820133829825086,0.4096106295339754,-0.13607450720368985,0.0,True,no_value,1.0,中国体育彩票,https://www.sporttery.cn/jc/zqdz/index.html?showType=3&mid=2040172,2040172,2026-06-13 06:30:21.088806+00:00
13,Group Stage,Group C,2026-06-13,Brazil,Morocco,巴西,摩洛哥,7,0-0,0.0616836759403159,16.21174459459231,14.0,14.0,0.07142857142857142,0.050681814206713034,0.40935308939888726,-0.13642853683557732,0.0,True,no_value,1.0,中国体育彩票,https://www.sporttery.cn/jc/zqdz/index.html?showType=3&mid=2040167,2040167,2026-06-13 06:30:21.088806+00:00
37,Group Stage,Group G,2026-06-15,Belgium,Egypt,比利时,埃及,8,2-2,0.047888580804595,20.88180487286539,18.0,18.0,0.05555555555555555,0.039437875139033365,0.40868531480718207,-0.13800554551728994,0.0,True,no_value,1.0,中国体育彩票,https://www.sporttery.cn/jc/zqdz/index.html?showType=3&mid=2040175,2040175,2026-06-13 06:30:21.088806+00:00
44,Group Stage,Group H,2026-06-15,Saudi Arabia,Uruguay,沙特阿拉伯,乌拉圭,9,1-4,0.0374082955016541,26.732038618433776,23.0,23.0,0.043478260869565216,0.0308534307346635,0.409187238964575,-0.1396092034619557,0.0,True,no_value,1.0,中国体育彩票,https://www.sporttery.cn/jc/zqdz/index.html?showType=3&mid=2040176,2040176,2026-06-13 06:30:21.088806+00:00
2,Group Stage,Group A,2026-06-11,South Korea,Czech Republic,韩国,捷克,3,2-1,0.0903493482231059,11.068148466667747,9.5,8.25,0.12406015037593984,0.08678496252319999,0.4295120579533025,-0.14168119188049388,0.0,True,no_value,2.0,SportsGambler|中国体育彩票,https://www.sportsgambler.com/betting-tips/football/south-korea-vs-czech-republic-prediction-lineups-odds-2026-06-12/|https://www.sporttery.cn/jc/zqdz/index.html?showType=3&mid=2040163,2040163,2026-06-13 06:30:21.088806+00:00
55,Group Stage,Group J,2026-06-16,Argentina,Algeria,阿根廷,阿尔及利亚,3,3-0,0.1072133355697441,9.327197915127666,8.0,8.0,0.125,0.08868123298984393,0.4095428737928737,-0.14229331544204715,0.0,True,no_value,1.0,中国体育彩票,https://www.sporttery.cn/jc/zqdz/index.html?showType=3&mid=2040180,2040180,2026-06-13 06:30:21.088806+00:00
31,Group Stage,Group F,2026-06-14,Netherlands,Japan,荷兰,日本,4,0-0,0.0849712391631174,11.76868796841155,10.0,10.0,0.1,0.07094095084706237,0.40962305700672696,-0.15028760836882604,0.0,True,no_value,1.0,中国体育彩票,https://www.sporttery.cn/jc/zqdz/index.html?showType=3&mid=2040171,2040171,2026-06-13 06:30:21.088806+00:00
31,Group Stage,Group F,2026-06-14,Netherlands,Japan,荷兰,日本,6,1-2,0.0801325673539652,12.479320618578894,10.5,10.5,0.09523809523809523,0.06756281033053557,0.40962305700672696,-0.15860804278336538,0.0,True,no_value,1.0,中国体育彩票,https://www.sporttery.cn/jc/zqdz/index.html?showType=3&mid=2040171,2040171,2026-06-13 06:30:21.088806+00:00
56,Group Stage,Group J,2026-06-17,Austria,Jordan,奥地利,约旦,7,0-0,0.0598491123886951,16.708685560872077,14.0,14.0,0.07142857142857142,0.05066644198697941,0.4097806877168837,-0.16211242655826863,0.0,True,no_value,1.0,中国体育彩票,https://www.sporttery.cn/jc/zqdz/index.html?showType=3&mid=2040181,2040181,2026-06-13 06:30:21.088806+00:00
32,Group Stage,Group F,2026-06-14,Tunisia,Sweden,突尼斯,瑞典,2,1-0,0.0872124676205766,11.466250494717839,9.5,9.5,0.10526315789473684,0.07468709837904301,0.40938877234884496,-0.17148155760452222,0.0,True,no_value,1.0,中国体育彩票,https://www.sporttery.cn/jc/zqdz/index.html?showType=3&mid=2040173,2040173,2026-06-13 06:30:21.088806+00:00
1,Group Stage,Group A,2026-06-11,Mexico,South Africa,墨西哥,南非,7,3-1,0.0660219622954761,15.146474979410314,12.5,9.75,0.11142857142857143,0.07840558747977946,0.42118151282660166,-0.1747254713065487,0.0,True,no_value,2.0,SportsGambler|中国体育彩票,https://www.sportsgambler.com/betting-tips/football/mexico-vs-south-africa-prediction-lineups-odds-2026-06-11/|https://www.sporttery.cn/jc/zqdz/index.html?showType=3&mid=2040162,2040162,2026-06-13 06:30:21.088806+00:00
25,Group Stage,Group E,2026-06-14,Germany,Curaçao,德国,库拉索,7,2-1,0.0548971312035651,18.215888117939734,15.0,15.0,0.06666666666666667,0.047295634422742254,0.40957336719030857,-0.17654303194652354,0.0,True,no_value,1.0,中国体育彩票,https://www.sporttery.cn/jc/zqdz/index.html?showType=3&mid=2040170,2040170,2026-06-13 06:30:21.088806+00:00
38,Group Stage,Group G,2026-06-15,Iran,New Zealand,伊朗,新西兰,5,3-0,0.0746147055498358,13.402183827316605,11.0,11.0,0.09090909090909091,0.06447715366913676,0.40994268102449327,-0.17923823895180613,0.0,True,no_value,1.0,中国体育彩票,https://www.sporttery.cn/jc/zqdz/index.html?showType=3&mid=2040177,2040177,2026-06-13 06:30:21.088806+00:00
13,Group Stage,Group C,2026-06-13,Brazil,Morocco,巴西,摩洛哥,10,0-1,0.0477719915148044,20.93276768020238,17.0,17.0,0.058823529411764705,0.041737964640822495,0.40935308939888726,-0.18787614424832522,0.0,True,no_value,1.0,中国体育彩票,https://www.sporttery.cn/jc/zqdz/index.html?showType=3&mid=2040167,2040167,2026-06-13 06:30:21.088806+00:00
61,Group Stage,Group K,2026-06-17,Portugal,DR Congo,葡萄牙,刚果民主共和国,5,1-1,0.081149546546854,12.322927761803593,10.0,10.0,0.1,0.07096981486706808,0.4090497514655731,-0.18850453453146,0.0,True,no_value,1.0,中国体育彩票,https://www.sporttery.cn/jc/zqdz/index.html?showType=3&mid=2040182,2040182,2026-06-13 06:30:21.088806+00:00
62,Group Stage,Group K,2026-06-17,Uzbekistan,Colombia,乌兹别克斯坦,哥伦比亚,6,1-3,0.0736334348376355,13.58078707322343,11.0,11.0,0.09090909090909091,0.06447805321845552,0.4099230105643148,-0.19003221678600946,0.0,True,no_value,1.0,中国体育彩票,https://www.sporttery.cn/jc/zqdz/index.html?showType=3&mid=2040185,2040185,2026-06-13 06:30:21.088806+00:00
49,Group Stage,Group I,2026-06-16,France,Senegal,法国,塞内加尔,9,1-2,0.0475596720638101,21.026217309873687,17.0,17.0,0.058823529411764705,0.041768514977343,0.4083222600485812,-0.19148557491522833,0.0,True,no_value,1.0,中国体育彩票,https://www.sporttery.cn/jc/zqdz/index.html?showType=3&mid=2040178,2040178,2026-06-13 06:30:21.088806+00:00
8,Group Stage,Group B,2026-06-13,Qatar,Switzerland,卡塔尔,瑞士,9,1-4,0.0383181330149721,26.097304887199712,21.0,21.0,0.047619047619047616,0.03377548364478645,0.4098701922332961,-0.195319206685586,0.0,True,no_value,1.0,中国体育彩票,https://www.sporttery.cn/jc/zqdz/index.html?showType=3&mid=2040166,2040166,2026-06-13 06:30:21.088806+00:00
31,Group Stage,Group F,2026-06-14,Netherlands,Japan,荷兰,日本,1,1-1,0.1332710942047419,7.503502585967507,6.0,6.0,0.16666666666666666,0.11823491807843726,0.40962305700672696,-0.20037343477154868,0.0,True,no_value,1.0,中国体育彩票,https://www.sporttery.cn/jc/zqdz/index.html?showType=3&mid=2040171,2040171,2026-06-13 06:30:21.088806+00:00
37,Group Stage,Group G,2026-06-15,Belgium,Egypt,比利时,埃及,6,3-1,0.0695044833620805,14.387561084233154,11.5,11.5,0.08695652173913043,0.0617288480437044,0.40868531480718207,-0.20069844133607428,0.0,True,no_value,1.0,中国体育彩票,https://www.sporttery.cn/jc/zqdz/index.html?showType=3&mid=2040175,2040175,2026-06-13 06:30:21.088806+00:00
20,Group Stage,Group D,2026-06-14,Australia,Turkey,澳大利亚,土耳其,9,2-2,0.0483613013315465,20.677690063474184,16.5,16.5,0.06060606060606061,0.042991758020884785,0.40971347523446333,-0.20203852802948274,0.0,True,no_value,1.0,中国体育彩票,https://www.sporttery.cn/jc/zqdz/index.html?showType=3&mid=2040169,2040169,2026-06-13 06:30:21.088806+00:00
13,Group Stage,Group C,2026-06-13,Brazil,Morocco,巴西,摩洛哥,9,1-2,0.0497227150129467,20.111532520692446,16.0,16.0,0.0625,0.044346587430873906,0.40935308939888726,-0.2044365597928528,0.0,True,no_value,1.0,中国体育彩票,https://www.sporttery.cn/jc/zqdz/index.html?showType=3&mid=2040167,2040167,2026-06-13 06:30:21.088806+00:00
55,Group Stage,Group J,2026-06-16,Argentina,Algeria,阿根廷,阿尔及利亚,6,3-1,0.0716795555363863,13.950979362481892,11.0,11.0,0.09090909090909091,0.06449544217443194,0.4095428737928737,-0.21152488909975065,0.0,True,no_value,1.0,中国体育彩票,https://www.sporttery.cn/jc/zqdz/index.html?showType=3&mid=2040180,2040180,2026-06-13 06:30:21.088806+00:00
43,Group Stage,Group H,2026-06-15,Spain,Cape Verde,西班牙,佛得角,4,5-0,0.0741987722814083,13.477311945369832,10.5,10.5,0.09523809523809523,0.06756938214872082,0.40948595664934917,-0.22091289104521294,0.0,True,no_value,1.0,中国体育彩票,https://www.sporttery.cn/jc/zqdz/index.html?showType=3&mid=2040174,2040174,2026-06-13 06:30:21.088806+00:00
7,Group Stage,Group B,2026-06-12,Canada,Bosnia and Herzegovina,加拿大,波黑,4,2-1,0.0905634514942888,11.041981986111285,8.5,6.9,0.15316315205327413,0.10798356543460214,0.41839317341335636,-0.23021066229854525,0.0,True,no_value,2.0,SportsGambler|中国体育彩票,https://www.sportsgambler.com/betting-tips/football/canada-vs-bosnia-herzegovina-prediction-lineups-odds-2026-06-12/|https://www.sporttery.cn/jc/zqdz/index.html?showType=3&mid=2040164,2040164,2026-06-13 06:30:21.088806+00:00
20,Group Stage,Group D,2026-06-14,Australia,Turkey,澳大利亚,土耳其,1,1-1,0.1281539140453949,7.8031171146733636,6.0,6.0,0.16666666666666666,0.11822733455743316,0.40971347523446333,-0.23107651572763066,0.0,True,no_value,1.0,中国体育彩票,https://www.sporttery.cn/jc/zqdz/index.html?showType=3&mid=2040169,2040169,2026-06-13 06:30:21.088806+00:00
19,Group Stage,Group D,2026-06-12,United States,Paraguay,美国,巴拉圭,4,0-1,0.0809254528393915,12.357051643376622,9.5,9.5,0.10526315789473684,0.07469015650987067,0.40933106601304026,-0.23120819802578074,0.0,True,no_value,1.0,中国体育彩票,https://www.sporttery.cn/jc/zqdz/index.html?showType=3&mid=2040165,2040165,2026-06-13 06:30:21.088806+00:00
61,Group Stage,Group K,2026-06-17,Portugal,DR Congo,葡萄牙,刚果民主共和国,8,0-0,0.050686310539946,19.729192938829065,15.0,15.0,0.06666666666666667,0.04731320991137871,0.4090497514655731,-0.23970534190080994,0.0,True,no_value,1.0,中国体育彩票,https://www.sporttery.cn/jc/zqdz/index.html?showType=3&mid=2040182,2040182,2026-06-13 06:30:21.088806+00:00
44,Group Stage,Group H,2026-06-15,Saudi Arabia,Uruguay,沙特阿拉伯,乌拉圭,6,1-3,0.069083869145048,14.475159141715228,11.0,11.0,0.09090909090909091,0.06451171880884186,0.409187238964575,-0.24007743940447202,0.0,True,no_value,1.0,中国体育彩票,https://www.sporttery.cn/jc/zqdz/index.html?showType=3&mid=2040176,2040176,2026-06-13 06:30:21.088806+00:00
50,Group Stage,Group I,2026-06-16,Norway,Iraq,挪威,伊拉克,3,2-1,0.0976131168644306,10.244524835620648,7.75,7.75,0.12903225806451613,0.09164473445786334,0.4079615029474817,-0.24349834430066286,0.0,True,no_value,1.0,中国体育彩票,https://www.sporttery.cn/jc/zqdz/index.html?showType=3&mid=2040179,2040179,2026-06-13 06:30:21.088806+00:00
62,Group Stage,Group K,2026-06-17,Uzbekistan,Colombia,乌兹别克斯坦,哥伦比亚,7,0-4,0.0538181604613604,18.581088454667004,14.0,14.0,0.07142857142857142,0.05066132752878647,0.4099230105643148,-0.24654575354095443,0.0,True,no_value,1.0,中国体育彩票,https://www.sporttery.cn/jc/zqdz/index.html?showType=3&mid=2040185,2040185,2026-06-13 06:30:21.088806+00:00
19,Group Stage,Group D,2026-06-12,United States,Paraguay,美国,巴拉圭,1,1-1,0.1242568701569624,8.047844748839971,6.05,6.05,0.1652892561983471,0.11728206394111923,0.40933106601304026,-0.24824593555037744,0.0,True,no_value,1.0,中国体育彩票,https://www.sporttery.cn/jc/zqdz/index.html?showType=3&mid=2040165,2040165,2026-06-13 06:30:21.088806+00:00
13,Group Stage,Group C,2026-06-13,Brazil,Morocco,巴西,摩洛哥,8,2-2,0.0497815614951512,20.087758799960532,15.0,15.0,0.06666666666666667,0.04730302659293217,0.40935308939888726,-0.25327657757273203,0.0,True,no_value,1.0,中国体育彩票,https://www.sporttery.cn/jc/zqdz/index.html?showType=3&mid=2040167,2040167,2026-06-13 06:30:21.088806+00:00
43,Group Stage,Group H,2026-06-15,Spain,Cape Verde,西班牙,佛得角,3,4-0,0.1076261979469163,9.291418066196325,6.9,6.9,0.14492753623188406,0.10282297283500996,0.40948595664934917,-0.2573792341662775,0.0,True,no_value,1.0,中国体育彩票,https://www.sporttery.cn/jc/zqdz/index.html?showType=3&mid=2040174,2040174,2026-06-13 06:30:21.088806+00:00
44,Group Stage,Group H,2026-06-15,Saudi Arabia,Uruguay,沙特阿拉伯,乌拉圭,8,0-4,0.049358656021489,20.2598709244562,15.0,15.0,0.06666666666666667,0.0473085937931507,0.409187238964575,-0.25962015967766505,0.0,True,no_value,1.0,中国体育彩票,https://www.sporttery.cn/jc/zqdz/index.html?showType=3&mid=2040176,2040176,2026-06-13 06:30:21.088806+00:00
32,Group Stage,Group F,2026-06-14,Tunisia,Sweden,突尼斯,瑞典,1,1-1,0.129652939455378,7.712898791192967,5.7,5.7,0.17543859649122806,0.12447849729840502,0.40938877234884496,-0.2609782451043453,0.0,True,no_value,1.0,中国体育彩票,https://www.sporttery.cn/jc/zqdz/index.html?showType=3&mid=2040173,2040173,2026-06-13 06:30:21.088806+00:00
8,Group Stage,Group B,2026-06-13,Qatar,Switzerland,卡塔尔,瑞士,2,0-1,0.1081367614759947,9.2475489958333,6.8,6.8,0.14705882352941177,0.10430664066772286,0.4098701922332961,-0.2646700219632361,0.0,True,no_value,1.0,中国体育彩票,https://www.sporttery.cn/jc/zqdz/index.html?showType=3&mid=2040166,2040166,2026-06-13 06:30:21.088806+00:00
2,Group Stage,Group A,2026-06-11,South Korea,Czech Republic,韩国,捷克,6,1-2,0.0700142906188607,14.28279842816284,10.5,9.0,0.11428571428571428,0.0799473594153115,0.4295120579533025,-0.26484994850196264,0.0,True,no_value,2.0,SportsGambler|中国体育彩票,https://www.sportsgambler.com/betting-tips/football/south-korea-vs-czech-republic-prediction-lineups-odds-2026-06-12/|https://www.sporttery.cn/jc/zqdz/index.html?showType=3&mid=2040163,2040163,2026-06-13 06:30:21.088806+00:00
14,Group Stage,Group C,2026-06-13,Haiti,Scotland,海地,苏格兰,2,0-1,0.111220011148231,8.991187733898238,6.6,6.6,0.15151515151515152,0.10751356575452047,0.4092654303838954,-0.2659479264216754,0.0,True,no_value,1.0,中国体育彩票,https://www.sporttery.cn/jc/zqdz/index.html?showType=3&mid=2040168,2040168,2026-06-13 06:30:21.088806+00:00
49,Group Stage,Group I,2026-06-16,France,Senegal,法国,塞内加尔,1,1-1,0.1078380576567092,9.27316405478474,6.8,6.8,0.14705882352941177,0.1044212874433575,0.4083222600485812,-0.26670120793437746,0.0,True,no_value,1.0,中国体育彩票,https://www.sporttery.cn/jc/zqdz/index.html?showType=3&mid=2040178,2040178,2026-06-13 06:30:21.088806+00:00
49,Group Stage,Group I,2026-06-16,France,Senegal,法国,塞内加尔,8,0-1,0.0485152756099706,20.612064703894735,15.0,15.0,0.06666666666666667,0.047337650307655396,0.4083222600485812,-0.272270865850441,0.0,True,no_value,1.0,中国体育彩票,https://www.sporttery.cn/jc/zqdz/index.html?showType=3&mid=2040178,2040178,2026-06-13 06:30:21.088806+00:00
61,Group Stage,Group K,2026-06-17,Portugal,DR Congo,葡萄牙,刚果民主共和国,9,4-1,0.0425960787712545,23.476339344992457,17.0,17.0,0.058823529411764705,0.04174694992180475,0.4090497514655731,-0.2758666608886735,0.0,True,no_value,1.0,中国体育彩票,https://www.sporttery.cn/jc/zqdz/index.html?showType=3&mid=2040182,2040182,2026-06-13 06:30:21.088806+00:00
43,Group Stage,Group H,2026-06-15,Spain,Cape Verde,西班牙,佛得角,5,3-1,0.0723274802106601,13.826003575507023,10.0,10.0,0.1,0.07094785125615688,0.40948595664934917,-0.276725197893399,0.0,True,no_value,1.0,中国体育彩票,https://www.sporttery.cn/jc/zqdz/index.html?showType=3&mid=2040174,2040174,2026-06-13 06:30:21.088806+00:00
37,Group Stage,Group G,2026-06-15,Belgium,Egypt,比利时,埃及,5,3-0,0.0721519703659106,13.859635363090051,10.0,10.0,0.1,0.07098817525026006,0.40868531480718207,-0.278480296340894,0.0,True,no_value,1.0,中国体育彩票,https://www.sporttery.cn/jc/zqdz/index.html?showType=3&mid=2040175,2040175,2026-06-13 06:30:21.088806+00:00
61,Group Stage,Group K,2026-06-17,Portugal,DR Congo,葡萄牙,刚果民主共和国,6,3-1,0.0721018952037335,13.869260955961932,10.0,10.0,0.1,0.07096981486706808,0.4090497514655731,-0.278981047962665,0.0,True,no_value,1.0,中国体育彩票,https://www.sporttery.cn/jc/zqdz/index.html?showType=3&mid=2040182,2040182,2026-06-13 06:30:21.088806+00:00
2,Group Stage,Group A,2026-06-11,South Korea,Czech Republic,韩国,捷克,1,1-1,0.1333906411354908,7.496777821048597,5.4,4.4,0.23965141612200436,0.16764560661707478,0.4295120579533025,-0.27969053786834974,0.0,True,no_value,2.0,SportsGambler|中国体育彩票,https://www.sportsgambler.com/betting-tips/football/south-korea-vs-czech-republic-prediction-lineups-odds-2026-06-12/|https://www.sporttery.cn/jc/zqdz/index.html?showType=3&mid=2040163,2040163,2026-06-13 06:30:21.088806+00:00
31,Group Stage,Group F,2026-06-14,Netherlands,Japan,荷兰,日本,9,2-2,0.0512711684753263,19.504139065627875,14.0,14.0,0.07142857142857142,0.050672107747901686,0.40962305700672696,-0.28220364134543185,0.0,True,no_value,1.0,中国体育彩票,https://www.sporttery.cn/jc/zqdz/index.html?showType=3&mid=2040171,2040171,2026-06-13 06:30:21.088806+00:00
67,Group Stage,Group L,2026-06-17,England,Croatia,英格兰,克罗地亚,1,1-1,0.1195689935981575,8.36337222474882,6.0,6.0,0.16666666666666666,0.11822667526871826,0.4097213364737593,-0.282586038411055,0.0,True,no_value,1.0,中国体育彩票,https://www.sporttery.cn/jc/zqdz/index.html?showType=3&mid=2040183,2040183,2026-06-13 06:30:21.088806+00:00
44,Group Stage,Group H,2026-06-15,Saudi Arabia,Uruguay,沙特阿拉伯,乌拉圭,4,1-1,0.0925506381742081,10.804895781676834,7.75,7.75,0.12903225806451613,0.09156502024480781,0.409187238964575,-0.2827325541498873,0.0,True,no_value,1.0,中国体育彩票,https://www.sporttery.cn/jc/zqdz/index.html?showType=3&mid=2040176,2040176,2026-06-13 06:30:21.088806+00:00
2,Group Stage,Group A,2026-06-11,South Korea,Czech Republic,韩国,捷克,2,1-0,0.0916365887132794,10.912671609032586,7.8,7.65,0.13076923076923078,0.09147822856175067,0.4295120579533025,-0.28523460803642076,0.0,True,no_value,2.0,SportsGambler|中国体育彩票,https://www.sportsgambler.com/betting-tips/football/south-korea-vs-czech-republic-prediction-lineups-odds-2026-06-12/|https://www.sporttery.cn/jc/zqdz/index.html?showType=3&mid=2040163,2040163,2026-06-13 06:30:21.088806+00:00
43,Group Stage,Group H,2026-06-15,Spain,Cape Verde,西班牙,佛得角,1,3-0,0.1248904598105994,8.00701672102524,5.7,5.7,0.17543859649122806,0.12446991448448573,0.40948595664934917,-0.28812437907958344,0.0,True,no_value,1.0,中国体育彩票,https://www.sporttery.cn/jc/zqdz/index.html?showType=3&mid=2040174,2040174,2026-06-13 06:30:21.088806+00:00
20,Group Stage,Group D,2026-06-14,Australia,Turkey,澳大利亚,土耳其,2,0-1,0.1109701746819419,9.011430349336283,6.35,6.35,0.15748031496062992,0.11171086729836205,0.40971347523446333,-0.295339390769669,0.0,True,no_value,1.0,中国体育彩票,https://www.sporttery.cn/jc/zqdz/index.html?showType=3&mid=2040169,2040169,2026-06-13 06:30:21.088806+00:00
26,Group Stage,Group E,2026-06-14,Ivory Coast,Ecuador,科特迪瓦,厄瓜多尔,5,1-2,0.0852025614983963,11.736736342355414,8.25,8.25,0.12121212121212122,0.08598978943014537,0.4096106295339754,-0.29707886763823044,0.0,True,no_value,1.0,中国体育彩票,https://www.sporttery.cn/jc/zqdz/index.html?showType=3&mid=2040172,2040172,2026-06-13 06:30:21.088806+00:00
49,Group Stage,Group I,2026-06-16,France,Senegal,法国,塞内加尔,6,3-1,0.0637578987479944,15.684331190909214,11.0,11.0,0.09090909090909091,0.064551341328621,0.4083222600485812,-0.2986631137720617,0.0,True,no_value,1.0,中国体育彩票,https://www.sporttery.cn/jc/zqdz/index.html?showType=3&mid=2040178,2040178,2026-06-13 06:30:21.088806+00:00
1,Group Stage,Group A,2026-06-11,Mexico,South Africa,墨西哥,南非,1,2-0,0.1297589391624533,7.706598146182729,5.4,4.7,0.2175925925925926,0.15310682740294065,0.42118151282660166,-0.29930172852275216,0.0,True,no_value,2.0,SportsGambler|中国体育彩票,https://www.sportsgambler.com/betting-tips/football/mexico-vs-south-africa-prediction-lineups-odds-2026-06-11/|https://www.sporttery.cn/jc/zqdz/index.html?showType=3&mid=2040162,2040162,2026-06-13 06:30:21.088806+00:00
55,Group Stage,Group J,2026-06-16,Argentina,Algeria,阿根廷,阿尔及利亚,1,2-0,0.1345236236503099,7.433638589750376,5.2,5.2,0.1923076923076923,0.13643266613822141,0.4095428737928737,-0.3004771570183885,0.0,True,no_value,1.0,中国体育彩票,https://www.sporttery.cn/jc/zqdz/index.html?showType=3&mid=2040180,2040180,2026-06-13 06:30:21.088806+00:00
50,Group Stage,Group I,2026-06-16,Norway,Iraq,挪威,伊拉克,2,1-0,0.1057989763887101,9.45188728788789,6.6,6.6,0.15151515151515152,0.10761313515885468,0.4079615029474817,-0.30172675583451336,0.0,True,no_value,1.0,中国体育彩票,https://www.sporttery.cn/jc/zqdz/index.html?showType=3&mid=2040179,2040179,2026-06-13 06:30:21.088806+00:00
62,Group Stage,Group K,2026-06-17,Uzbekistan,Colombia,乌兹别克斯坦,哥伦比亚,4,0-3,0.0927428496366674,10.782502413044613,7.5,7.5,0.13333333333333333,0.09456781138706809,0.4099230105643148,-0.30442862772499446,0.0,True,no_value,1.0,中国体育彩票,https://www.sporttery.cn/jc/zqdz/index.html?showType=3&mid=2040185,2040185,2026-06-13 06:30:21.088806+00:00
56,Group Stage,Group J,2026-06-17,Austria,Jordan,奥地利,约旦,4,2-1,0.0992779991900486,10.072725157219303,7.0,7.0,0.14285714285714285,0.10133288397395881,0.4097806877168837,-0.3050540056696598,0.0,True,no_value,1.0,中国体育彩票,https://www.sporttery.cn/jc/zqdz/index.html?showType=3&mid=2040181,2040181,2026-06-13 06:30:21.088806+00:00
26,Group Stage,Group E,2026-06-14,Ivory Coast,Ecuador,科特迪瓦,厄瓜多尔,10,2-2,0.0408516422779445,24.478820048316457,17.0,17.0,0.058823529411764705,0.04173033898815878,0.4096106295339754,-0.3055220812749435,0.0,True,no_value,1.0,中国体育彩票,https://www.sporttery.cn/jc/zqdz/index.html?showType=3&mid=2040172,2040172,2026-06-13 06:30:21.088806+00:00
8,Group Stage,Group B,2026-06-13,Qatar,Switzerland,卡塔尔,瑞士,3,1-2,0.0963810328327701,10.375485410444723,7.2,7.2,0.1388888888888889,0.09851182729729381,0.4098701922332961,-0.3060565636040553,0.0,True,no_value,1.0,中国体育彩票,https://www.sporttery.cn/jc/zqdz/index.html?showType=3&mid=2040166,2040166,2026-06-13 06:30:21.088806+00:00
67,Group Stage,Group L,2026-06-17,England,Croatia,英格兰,克罗地亚,7,0-1,0.0630809909281758,15.852636194929197,11.0,11.0,0.09090909090909091,0.06448727741930088,0.4097213364737593,-0.3061090997900662,0.0,True,no_value,1.0,中国体育彩票,https://www.sporttery.cn/jc/zqdz/index.html?showType=3&mid=2040183,2040183,2026-06-13 06:30:21.088806+00:00
13,Group Stage,Group C,2026-06-13,Brazil,Morocco,巴西,摩洛哥,2,1-0,0.1001369979745971,9.98631894530812,6.9,6.9,0.14492753623188406,0.10283266650637428,0.40935308939888726,-0.30905471397527995,0.0,True,no_value,1.0,中国体育彩票,https://www.sporttery.cn/jc/zqdz/index.html?showType=3&mid=2040167,2040167,2026-06-13 06:30:21.088806+00:00
62,Group Stage,Group K,2026-06-17,Uzbekistan,Colombia,乌兹别克斯坦,哥伦比亚,5,1-1,0.0858941394038414,11.642237839980938,8.0,8.0,0.125,0.08865732317537633,0.4099230105643148,-0.3128468847692688,0.0,True,no_value,1.0,中国体育彩票,https://www.sporttery.cn/jc/zqdz/index.html?showType=3&mid=2040185,2040185,2026-06-13 06:30:21.088806+00:00
67,Group Stage,Group L,2026-06-17,England,Croatia,英格兰,克罗地亚,9,3-1,0.0528230561403205,18.931127296829906,13.0,13.0,0.07692307692307693,0.05456615781633151,0.4097213364737593,-0.3133002701758335,0.0,True,no_value,1.0,中国体育彩票,https://www.sporttery.cn/jc/zqdz/index.html?showType=3&mid=2040183,2040183,2026-06-13 06:30:21.088806+00:00
61,Group Stage,Group K,2026-06-17,Portugal,DR Congo,葡萄牙,刚果民主共和国,4,2-1,0.0915345398320755,10.924837791663649,7.5,7.5,0.13333333333333333,0.09462641982275742,0.4090497514655731,-0.3134909512594337,0.0,True,no_value,1.0,中国体育彩票,https://www.sporttery.cn/jc/zqdz/index.html?showType=3&mid=2040182,2040182,2026-06-13 06:30:21.088806+00:00
37,Group Stage,Group G,2026-06-15,Belgium,Egypt,比利时,埃及,9,1-2,0.0456693916646173,21.896503622025634,15.0,15.0,0.06666666666666667,0.04732545016684004,0.40868531480718207,-0.3149591250307404,0.0,True,no_value,1.0,中国体育彩票,https://www.sporttery.cn/jc/zqdz/index.html?showType=3&mid=2040175,2040175,2026-06-13 06:30:21.088806+00:00
44,Group Stage,Group H,2026-06-15,Saudi Arabia,Uruguay,沙特阿拉伯,乌拉圭,5,0-3,0.0911532291978715,10.970538386843577,7.5,7.5,0.13333333333333333,0.0946171875863014,0.409187238964575,-0.3163507810159638,0.0,True,no_value,1.0,中国体育彩票,https://www.sporttery.cn/jc/zqdz/index.html?showType=3&mid=2040176,2040176,2026-06-13 06:30:21.088806+00:00
61,Group Stage,Group K,2026-06-17,Portugal,DR Congo,葡萄牙,刚果民主共和国,1,2-0,0.1312483245565796,7.619144879589773,5.2,5.2,0.1923076923076923,0.13648041320590013,0.4090497514655731,-0.31750871230578614,0.0,True,no_value,1.0,中国体育彩票,https://www.sporttery.cn/jc/zqdz/index.html?showType=3&mid=2040182,2040182,2026-06-13 06:30:21.088806+00:00
1,Group Stage,Group A,2026-06-11,Mexico,South Africa,墨西哥,南非,5,1-1,0.0758270889818292,13.187899119266396,9.0,8.75,0.11437908496732026,0.08048168649466217,0.42118151282660166,-0.31755619916353717,0.0,True,no_value,2.0,SportsGambler|中国体育彩票,https://www.sportsgambler.com/betting-tips/football/mexico-vs-south-africa-prediction-lineups-odds-2026-06-11/|https://www.sporttery.cn/jc/zqdz/index.html?showType=3&mid=2040162,2040162,2026-06-13 06:30:21.088806+00:00
2,Group Stage,Group A,2026-06-11,South Korea,Czech Republic,韩国,捷克,8,2-2,0.0541979198802774,18.450892621137285,12.5,12.5,0.08,0.055963151590718054,0.4295120579533025,-0.32252600149653254,0.0,True,no_value,2.0,SportsGambler|中国体育彩票,https://www.sportsgambler.com/betting-tips/football/south-korea-vs-czech-republic-prediction-lineups-odds-2026-06-12/|https://www.sporttery.cn/jc/zqdz/index.html?showType=3&mid=2040163,2040163,2026-06-13 06:30:21.088806+00:00
1,Group Stage,Group A,2026-06-11,Mexico,South Africa,墨西哥,南非,4,2-1,0.0796058678416286,12.561888050632698,8.5,6.8,0.1568627450980392,0.11037488433553669,0.42118151282660166,-0.32335012334615687,0.0,True,no_value,2.0,SportsGambler|中国体育彩票,https://www.sportsgambler.com/betting-tips/football/mexico-vs-south-africa-prediction-lineups-odds-2026-06-11/|https://www.sporttery.cn/jc/zqdz/index.html?showType=3&mid=2040162,2040162,2026-06-13 06:30:21.088806+00:00
26,Group Stage,Group E,2026-06-14,Ivory Coast,Ecuador,科特迪瓦,厄瓜多尔,2,0-1,0.1300357291100816,7.690194124673621,5.2,5.2,0.1923076923076923,0.1364261082305191,0.4096106295339754,-0.3238142086275757,0.0,True,no_value,1.0,中国体育彩票,https://www.sporttery.cn/jc/zqdz/index.html?showType=3&mid=2040172,2040172,2026-06-13 06:30:21.088806+00:00
49,Group Stage,Group I,2026-06-16,France,Senegal,法国,塞内加尔,4,2-1,0.0992251216452917,10.078092960921563,6.8,6.8,0.14705882352941177,0.1044212874433575,0.4083222600485812,-0.3252691728120165,0.0,True,no_value,1.0,中国体育彩票,https://www.sporttery.cn/jc/zqdz/index.html?showType=3&mid=2040178,2040178,2026-06-13 06:30:21.088806+00:00
14,Group Stage,Group C,2026-06-13,Haiti,Scotland,海地,苏格兰,3,1-2,0.1036803351671516,9.645030548828935,6.5,6.5,0.15384615384615385,0.10916762061228232,0.4092654303838954,-0.3260778214135146,0.0,True,no_value,1.0,中国体育彩票,https://www.sporttery.cn/jc/zqdz/index.html?showType=3&mid=2040168,2040168,2026-06-13 06:30:21.088806+00:00
7,Group Stage,Group B,2026-06-12,Canada,Bosnia and Herzegovina,加拿大,波黑,3,1-1,0.1050538449992469,9.518928126877876,6.4,5.575,0.18338815789473684,0.12929289377035996,0.41839317341335636,-0.32765539200481975,0.0,True,no_value,2.0,SportsGambler|中国体育彩票,https://www.sportsgambler.com/betting-tips/football/canada-vs-bosnia-herzegovina-prediction-lineups-odds-2026-06-12/|https://www.sporttery.cn/jc/zqdz/index.html?showType=3&mid=2040164,2040164,2026-06-13 06:30:21.088806+00:00
61,Group Stage,Group K,2026-06-17,Portugal,DR Congo,葡萄牙,刚果民主共和国,3,3-0,0.1033845033820555,9.672629526540536,6.5,6.5,0.15384615384615385,0.10918433056472011,0.4090497514655731,-0.32800072801663926,0.0,True,no_value,1.0,中国体育彩票,https://www.sporttery.cn/jc/zqdz/index.html?showType=3&mid=2040182,2040182,2026-06-13 06:30:21.088806+00:00
37,Group Stage,Group G,2026-06-15,Belgium,Egypt,比利时,埃及,2,2-1,0.099425398073349,10.057792268151353,6.75,6.75,0.14814814814814814,0.10516766703742231,0.40868531480718207,-0.32887856300489426,0.0,True,no_value,1.0,中国体育彩票,https://www.sporttery.cn/jc/zqdz/index.html?showType=3&mid=2040175,2040175,2026-06-13 06:30:21.088806+00:00
44,Group Stage,Group H,2026-06-15,Saudi Arabia,Uruguay,沙特阿拉伯,乌拉圭,3,1-2,0.0956856142210304,10.450891789125533,7.0,7.0,0.14285714285714285,0.10137555812818007,0.409187238964575,-0.33020070045278715,0.0,True,no_value,1.0,中国体育彩票,https://www.sporttery.cn/jc/zqdz/index.html?showType=3&mid=2040176,2040176,2026-06-13 06:30:21.088806+00:00
44,Group Stage,Group H,2026-06-15,Saudi Arabia,Uruguay,沙特阿拉伯,乌拉圭,1,0-2,0.1262531012227463,7.920597516537168,5.3,5.3,0.18867924528301888,0.13389224658438878,0.409187238964575,-0.33085856351944465,0.0,True,no_value,1.0,中国体育彩票,https://www.sporttery.cn/jc/zqdz/index.html?showType=3&mid=2040176,2040176,2026-06-13 06:30:21.088806+00:00
62,Group Stage,Group K,2026-06-17,Uzbekistan,Colombia,乌兹别克斯坦,哥伦比亚,3,1-2,0.0951673354798305,10.507807063821149,7.0,7.0,0.14285714285714285,0.10132265505757294,0.4099230105643148,-0.33382865164118647,0.0,True,no_value,1.0,中国体育彩票,https://www.sporttery.cn/jc/zqdz/index.html?showType=3&mid=2040185,2040185,2026-06-13 06:30:21.088806+00:00
67,Group Stage,Group L,2026-06-17,England,Croatia,英格兰,克罗地亚,2,2-1,0.095102002730522,10.51502567021189,7.0,7.0,0.14285714285714285,0.10133715023032994,0.4097213364737593,-0.3342859808863461,0.0,True,no_value,1.0,中国体育彩票,https://www.sporttery.cn/jc/zqdz/index.html?showType=3&mid=2040183,2040183,2026-06-13 06:30:21.088806+00:00
68,Group Stage,Group L,2026-06-17,Ghana,Panama,加纳,巴拿马,3,0-1,0.0734306101924871,13.61829892709121,9.0,9.0,0.1111111111111111,0.07885518654628108,0.4090526695526695,-0.3391245082676161,0.0,True,no_value,1.0,中国体育彩票,https://www.sporttery.cn/jc/zqdz/index.html?showType=3&mid=2040184,2040184,2026-06-13 06:30:21.088806+00:00
38,Group Stage,Group G,2026-06-15,Iran,New Zealand,伊朗,新西兰,2,2-1,0.0986181098708605,10.140125391872656,6.7,6.7,0.14925373134328357,0.10585801348664241,0.40994268102449327,-0.3392586638652346,0.0,True,no_value,1.0,中国体育彩票,https://www.sporttery.cn/jc/zqdz/index.html?showType=3&mid=2040177,2040177,2026-06-13 06:30:21.088806+00:00
49,Group Stage,Group I,2026-06-16,France,Senegal,法国,塞内加尔,7,0-0,0.0626907971394129,15.95130458743701,10.5,10.5,0.09523809523809523,0.067625214725222,0.4083222600485812,-0.34174663003616446,0.0,True,no_value,1.0,中国体育彩票,https://www.sporttery.cn/jc/zqdz/index.html?showType=3&mid=2040178,2040178,2026-06-13 06:30:21.088806+00:00
56,Group Stage,Group J,2026-06-17,Austria,Jordan,奥地利,约旦,6,3-1,0.0657323981131439,15.21319819001156,10.0,10.0,0.1,0.07093301878177118,0.4097806877168837,-0.342676018868561,0.0,True,no_value,1.0,中国体育彩票,https://www.sporttery.cn/jc/zqdz/index.html?showType=3&mid=2040181,2040181,2026-06-13 06:30:21.088806+00:00
26,Group Stage,Group E,2026-06-14,Ivory Coast,Ecuador,科特迪瓦,厄瓜多尔,1,1-1,0.1311429673613779,7.625265922528635,5.0,5.0,0.2,0.14188315255973988,0.4096106295339754,-0.34428516319311053,0.0,True,no_value,1.0,中国体育彩票,https://www.sporttery.cn/jc/zqdz/index.html?showType=3&mid=2040172,2040172,2026-06-13 06:30:21.088806+00:00
38,Group Stage,Group G,2026-06-15,Iran,New Zealand,伊朗,新西兰,9,1-2,0.0434477874159598,23.016131763539864,15.0,15.0,0.06666666666666667,0.047283246024033616,0.40994268102449327,-0.34828318876060294,0.0,True,no_value,1.0,中国体育彩票,https://www.sporttery.cn/jc/zqdz/index.html?showType=3&mid=2040177,2040177,2026-06-13 06:30:21.088806+00:00
7,Group Stage,Group B,2026-06-12,Canada,Bosnia and Herzegovina,加拿大,波黑,2,1-0,0.1081930318705898,9.24273941408819,6.0,5.55,0.18137254901960786,0.1278718428848157,0.41839317341335636,-0.3508418087764612,0.0,True,no_value,2.0,SportsGambler|中国体育彩票,https://www.sportsgambler.com/betting-tips/football/canada-vs-bosnia-herzegovina-prediction-lineups-odds-2026-06-12/|https://www.sporttery.cn/jc/zqdz/index.html?showType=3&mid=2040164,2040164,2026-06-13 06:30:21.088806+00:00
2,Group Stage,Group A,2026-06-11,South Korea,Czech Republic,韩国,捷克,5,0-0,0.0720636332338533,13.876624798459794,9.0,8.75,0.11437908496732026,0.08001267588542205,0.4295120579533025,-0.35142730089532026,0.0,True,no_value,2.0,SportsGambler|中国体育彩票,https://www.sportsgambler.com/betting-tips/football/south-korea-vs-czech-republic-prediction-lineups-odds-2026-06-12/|https://www.sporttery.cn/jc/zqdz/index.html?showType=3&mid=2040163,2040163,2026-06-13 06:30:21.088806+00:00
37,Group Stage,Group G,2026-06-15,Belgium,Egypt,比利时,埃及,3,1-1,0.0993218110621465,10.068281974583522,6.5,6.5,0.15384615384615385,0.1092125773080924,0.40868531480718207,-0.35440822809604766,0.0,True,no_value,1.0,中国体育彩票,https://www.sporttery.cn/jc/zqdz/index.html?showType=3&mid=2040175,2040175,2026-06-13 06:30:21.088806+00:00
61,Group Stage,Group K,2026-06-17,Portugal,DR Congo,葡萄牙,刚果民主共和国,7,4-0,0.0610770970353222,16.372749337148072,10.5,10.5,0.09523809523809523,0.06759029987339817,0.4090497514655731,-0.35869048112911694,0.0,True,no_value,1.0,中国体育彩票,https://www.sporttery.cn/jc/zqdz/index.html?showType=3&mid=2040182,2040182,2026-06-13 06:30:21.088806+00:00
44,Group Stage,Group H,2026-06-15,Saudi Arabia,Uruguay,沙特阿拉伯,乌拉圭,7,0-0,0.0580200092767732,17.235433300772048,11.0,11.0,0.09090909090909091,0.06451171880884186,0.409187238964575,-0.3617798979554948,0.0,True,no_value,1.0,中国体育彩票,https://www.sporttery.cn/jc/zqdz/index.html?showType=3&mid=2040176,2040176,2026-06-13 06:30:21.088806+00:00
31,Group Stage,Group F,2026-06-14,Netherlands,Japan,荷兰,日本,2,1-0,0.094957479991458,10.531029257410328,6.7,6.7,0.14925373134328357,0.10588201618964531,0.40962305700672696,-0.3637848840572314,0.0,True,no_value,1.0,中国体育彩票,https://www.sporttery.cn/jc/zqdz/index.html?showType=3&mid=2040171,2040171,2026-06-13 06:30:21.088806+00:00
26,Group Stage,Group E,2026-06-14,Ivory Coast,Ecuador,科特迪瓦,厄瓜多尔,3,0-0,0.1058577317676328,9.446641103127824,6.0,6.0,0.16666666666666666,0.1182359604664499,0.4096106295339754,-0.3648536093942032,0.0,True,no_value,1.0,中国体育彩票,https://www.sporttery.cn/jc/zqdz/index.html?showType=3&mid=2040172,2040172,2026-06-13 06:30:21.088806+00:00
49,Group Stage,Group I,2026-06-16,France,Senegal,法国,塞内加尔,2,2-0,0.1073917249601087,9.311704420163249,5.9,5.9,0.1694915254237288,0.12034995840929338,0.4083222600485812,-0.36638882273535867,0.0,True,no_value,1.0,中国体育彩票,https://www.sporttery.cn/jc/zqdz/index.html?showType=3&mid=2040178,2040178,2026-06-13 06:30:21.088806+00:00
55,Group Stage,Group J,2026-06-16,Argentina,Algeria,阿根廷,阿尔及利亚,4,2-1,0.089938378478353,11.118723918740509,7.0,7.0,0.14285714285714285,0.10134998055982163,0.4095428737928737,-0.370431350651529,0.0,True,no_value,1.0,中国体育彩票,https://www.sporttery.cn/jc/zqdz/index.html?showType=3&mid=2040180,2040180,2026-06-13 06:30:21.088806+00:00
56,Group Stage,Group J,2026-06-17,Austria,Jordan,奥地利,约旦,3,1-0,0.1046994695255749,9.55114676828167,6.0,6.0,0.16666666666666666,0.11822169796961862,0.4097806877168837,-0.37180318284655056,0.0,True,no_value,1.0,中国体育彩票,https://www.sporttery.cn/jc/zqdz/index.html?showType=3&mid=2040181,2040181,2026-06-13 06:30:21.088806+00:00
25,Group Stage,Group E,2026-06-14,Germany,Curaçao,德国,库拉索,10,1-0,0.0447459426929939,22.34839495641188,14.0,14.0,0.07142857142857142,0.0506738940243667,0.40957336719030857,-0.3735568022980854,0.0,True,no_value,1.0,中国体育彩票,https://www.sporttery.cn/jc/zqdz/index.html?showType=3&mid=2040170,2040170,2026-06-13 06:30:21.088806+00:00
62,Group Stage,Group K,2026-06-17,Uzbekistan,Colombia,乌兹别克斯坦,哥伦比亚,1,0-2,0.1198652474136248,8.342701671897041,5.2,5.2,0.1923076923076923,0.13639588180827128,0.4099230105643148,-0.376700713449151,0.0,True,no_value,1.0,中国体育彩票,https://www.sporttery.cn/jc/zqdz/index.html?showType=3&mid=2040185,2040185,2026-06-13 06:30:21.088806+00:00
61,Group Stage,Group K,2026-06-17,Portugal,DR Congo,葡萄牙,刚果民主共和国,2,1-0,0.1074014563236069,9.310860711114952,5.8,5.8,0.1724137931034483,0.12236174977080702,0.4090497514655731,-0.37707155332308007,0.0,True,no_value,1.0,中国体育彩票,https://www.sporttery.cn/jc/zqdz/index.html?showType=3&mid=2040182,2040182,2026-06-13 06:30:21.088806+00:00
56,Group Stage,Group J,2026-06-17,Austria,Jordan,奥地利,约旦,1,2-0,0.1086986710149959,9.199744492387046,5.7,5.7,0.17543859649122806,0.12444389259959855,0.4097806877168837,-0.38041757521452335,0.0,True,no_value,1.0,中国体育彩票,https://www.sporttery.cn/jc/zqdz/index.html?showType=3&mid=2040181,2040181,2026-06-13 06:30:21.088806+00:00
43,Group Stage,Group H,2026-06-15,Spain,Cape Verde,西班牙,佛得角,2,2-0,0.1086930546366325,9.200219860809515,5.7,5.7,0.17543859649122806,0.12446991448448573,0.40948595664934917,-0.3804495885711948,0.0,True,no_value,1.0,中国体育彩票,https://www.sporttery.cn/jc/zqdz/index.html?showType=3&mid=2040174,2040174,2026-06-13 06:30:21.088806+00:00
37,Group Stage,Group G,2026-06-15,Belgium,Egypt,比利时,埃及,1,2-0,0.1032125990784778,9.68873963962141,6.0,6.0,0.16666666666666666,0.1183136254171001,0.40868531480718207,-0.3807244055291332,0.0,True,no_value,1.0,中国体育彩票,https://www.sporttery.cn/jc/zqdz/index.html?showType=3&mid=2040175,2040175,2026-06-13 06:30:21.088806+00:00
44,Group Stage,Group H,2026-06-15,Saudi Arabia,Uruguay,沙特阿拉伯,乌拉圭,2,0-1,0.1123823181437286,8.898196945190922,5.5,5.5,0.18181818181818182,0.12902343761768373,0.409187238964575,-0.3818972502094927,0.0,True,no_value,1.0,中国体育彩票,https://www.sporttery.cn/jc/zqdz/index.html?showType=3&mid=2040176,2040176,2026-06-13 06:30:21.088806+00:00
68,Group Stage,Group L,2026-06-17,Ghana,Panama,加纳,巴拿马,1,1-1,0.1120179680921537,8.927139253028864,5.5,5.5,0.18181818181818182,0.1290357598030054,0.4090526695526695,-0.3839011754931547,0.0,True,no_value,1.0,中国体育彩票,https://www.sporttery.cn/jc/zqdz/index.html?showType=3&mid=2040184,2040184,2026-06-13 06:30:21.088806+00:00
8,Group Stage,Group B,2026-06-13,Qatar,Switzerland,卡塔尔,瑞士,6,1-3,0.069978511335369,14.290101074136073,8.8,8.8,0.11363636363636363,0.08060058597051312,0.4098701922332961,-0.38418910024875275,0.0,True,no_value,1.0,中国体育彩票,https://www.sporttery.cn/jc/zqdz/index.html?showType=3&mid=2040166,2040166,2026-06-13 06:30:21.088806+00:00
13,Group Stage,Group C,2026-06-13,Brazil,Morocco,巴西,摩洛哥,1,1-1,0.109766769426667,9.110225300636912,5.6,5.6,0.17857142857142858,0.1267045355167826,0.40935308939888726,-0.38530609121066484,0.0,True,no_value,1.0,中国体育彩票,https://www.sporttery.cn/jc/zqdz/index.html?showType=3&mid=2040167,2040167,2026-06-13 06:30:21.088806+00:00
25,Group Stage,Group E,2026-06-14,Germany,Curaçao,德国,库拉索,1,3-0,0.1116241308280338,8.958636386074824,5.5,5.5,0.18181818181818182,0.12898809388020616,0.40957336719030857,-0.38606728044581407,0.0,True,no_value,1.0,中国体育彩票,https://www.sporttery.cn/jc/zqdz/index.html?showType=3&mid=2040170,2040170,2026-06-13 06:30:21.088806+00:00
25,Group Stage,Group E,2026-06-14,Germany,Curaçao,德国,库拉索,3,2-0,0.0844036079278462,11.847834761457904,7.25,7.25,0.13793103448275862,0.09785303673670812,0.40957336719030857,-0.38807384252311505,0.0,True,no_value,1.0,中国体育彩票,https://www.sporttery.cn/jc/zqdz/index.html?showType=3&mid=2040170,2040170,2026-06-13 06:30:21.088806+00:00
25,Group Stage,Group E,2026-06-14,Germany,Curaçao,德国,库拉索,2,4-0,0.1060843136589657,9.426464342454508,5.75,5.75,0.17391304347826086,0.12337991588541458,0.40957336719030857,-0.3900151964609472,0.0,True,no_value,1.0,中国体育彩票,https://www.sporttery.cn/jc/zqdz/index.html?showType=3&mid=2040170,2040170,2026-06-13 06:30:21.088806+00:00
32,Group Stage,Group F,2026-06-14,Tunisia,Sweden,突尼斯,瑞典,6,0-0,0.0758920460171214,13.176611416885478,8.0,8.0,0.125,0.08869092932511358,0.40938877234884496,-0.39286363186302875,0.0,True,no_value,1.0,中国体育彩票,https://www.sporttery.cn/jc/zqdz/index.html?showType=3&mid=2040173,2040173,2026-06-13 06:30:21.088806+00:00
38,Group Stage,Group G,2026-06-15,Iran,New Zealand,伊朗,新西兰,1,2-0,0.1007101470409746,9.929486048641586,6.0,6.0,0.16666666666666666,0.11820811506008402,0.40994268102449327,-0.3957391177541524,0.0,True,no_value,1.0,中国体育彩票,https://www.sporttery.cn/jc/zqdz/index.html?showType=3&mid=2040177,2040177,2026-06-13 06:30:21.088806+00:00
67,Group Stage,Group L,2026-06-17,England,Croatia,英格兰,克罗地亚,6,0-0,0.0633287467809597,15.790617228835767,9.5,9.5,0.10526315789473684,0.07466947911708521,0.4097213364737593,-0.3983769055808828,0.0,True,no_value,1.0,中国体育彩票,https://www.sporttery.cn/jc/zqdz/index.html?showType=3&mid=2040183,2040183,2026-06-13 06:30:21.088806+00:00
7,Group Stage,Group B,2026-06-12,Canada,Bosnia and Herzegovina,加拿大,波黑,6,0-0,0.0632266407477515,15.81611782902704,9.5,9.25,0.10818713450292397,0.07627443259796024,0.41839317341335636,-0.3993469128963607,0.0,True,no_value,2.0,SportsGambler|中国体育彩票,https://www.sportsgambler.com/betting-tips/football/canada-vs-bosnia-herzegovina-prediction-lineups-odds-2026-06-12/|https://www.sporttery.cn/jc/zqdz/index.html?showType=3&mid=2040164,2040164,2026-06-13 06:30:21.088806+00:00
55,Group Stage,Group J,2026-06-16,Argentina,Algeria,阿根廷,阿尔及利亚,5,1-1,0.0788056899094637,12.689439063966763,7.5,7.5,0.13333333333333333,0.09459331518916685,0.4095428737928737,-0.4089573256790223,0.0,True,no_value,1.0,中国体育彩票,https://www.sporttery.cn/jc/zqdz/index.html?showType=3&mid=2040180,2040180,2026-06-13 06:30:21.088806+00:00
26,Group Stage,Group E,2026-06-14,Ivory Coast,Ecuador,科特迪瓦,厄瓜多尔,7,2-1,0.0537050327193052,18.62022885688575,11.0,11.0,0.09090909090909091,0.06449234207260904,0.4096106295339754,-0.40924464008764283,0.0,True,no_value,1.0,中国体育彩票,https://www.sporttery.cn/jc/zqdz/index.html?showType=3&mid=2040172,2040172,2026-06-13 06:30:21.088806+00:00
13,Group Stage,Group C,2026-06-13,Brazil,Morocco,巴西,摩洛哥,4,2-0,0.0981799966733244,10.185374148334036,6.0,6.0,0.16666666666666666,0.1182575664823304,0.40935308939888726,-0.41092001996005356,0.0,True,no_value,1.0,中国体育彩票,https://www.sporttery.cn/jc/zqdz/index.html?showType=3&mid=2040167,2040167,2026-06-13 06:30:21.088806+00:00
49,Group Stage,Group I,2026-06-16,France,Senegal,法国,塞内加尔,5,3-0,0.069005415290453,14.491616285343211,8.5,8.5,0.11764705882352941,0.083537029954686,0.4083222600485812,-0.4134539700311496,0.0,True,no_value,1.0,中国体育彩票,https://www.sporttery.cn/jc/zqdz/index.html?showType=3&mid=2040178,2040178,2026-06-13 06:30:21.088806+00:00
49,Group Stage,Group I,2026-06-16,France,Senegal,法国,塞内加尔,3,1-0,0.1065310076248672,9.386938341194973,5.5,5.5,0.18181818181818182,0.129102682657242,0.4083222600485812,-0.41407945806323043,0.0,True,no_value,1.0,中国体育彩票,https://www.sporttery.cn/jc/zqdz/index.html?showType=3&mid=2040178,2040178,2026-06-13 06:30:21.088806+00:00
44,Group Stage,Group H,2026-06-15,Saudi Arabia,Uruguay,沙特阿拉伯,乌拉圭,10,1-0,0.0365951111658981,27.326054441170008,16.0,16.0,0.0625,0.044351806681078784,0.409187238964575,-0.4144782213456304,0.0,True,no_value,1.0,中国体育彩票,https://www.sporttery.cn/jc/zqdz/index.html?showType=3&mid=2040176,2040176,2026-06-13 06:30:21.088806+00:00
7,Group Stage,Group B,2026-06-12,Canada,Bosnia and Herzegovina,加拿大,波黑,10,1-2,0.0390126877827388,25.632686616440996,15.0,14.0,0.07179487179487179,0.05061704549951956,0.41839317341335636,-0.414809683258918,0.0,True,no_value,2.0,SportsGambler|中国体育彩票,https://www.sportsgambler.com/betting-tips/football/canada-vs-bosnia-herzegovina-prediction-lineups-odds-2026-06-12/|https://www.sporttery.cn/jc/zqdz/index.html?showType=3&mid=2040164,2040164,2026-06-13 06:30:21.088806+00:00
25,Group Stage,Group E,2026-06-14,Germany,Curaçao,德国,库拉索,4,5-0,0.0822882774997723,12.152399228465647,7.0,7.0,0.14285714285714285,0.1013477880487334,0.40957336719030857,-0.4239820575015939,0.0,True,no_value,1.0,中国体育彩票,https://www.sporttery.cn/jc/zqdz/index.html?showType=3&mid=2040170,2040170,2026-06-13 06:30:21.088806+00:00
32,Group Stage,Group F,2026-06-14,Tunisia,Sweden,突尼斯,瑞典,5,1-2,0.0822840446763616,12.153024367399357,7.0,7.0,0.14285714285714285,0.10136106208584408,0.40938877234884496,-0.4240116872654688,0.0,True,no_value,1.0,中国体育彩票,https://www.sporttery.cn/jc/zqdz/index.html?showType=3&mid=2040173,2040173,2026-06-13 06:30:21.088806+00:00
43,Group Stage,Group H,2026-06-15,Spain,Cape Verde,西班牙,佛得角,6,2-1,0.062947119981698,15.886350325332629,9.1,9.1,0.10989010989010989,0.0779646717100625,0.40948595664934917,-0.42718120816654825,0.0,True,no_value,1.0,中国体育彩票,https://www.sporttery.cn/jc/zqdz/index.html?showType=3&mid=2040174,2040174,2026-06-13 06:30:21.088806+00:00
8,Group Stage,Group B,2026-06-13,Qatar,Switzerland,卡塔尔,瑞士,8,0-4,0.049749965525369,20.10051644136457,11.5,11.5,0.08695652173913043,0.06167697013395786,0.4098701922332961,-0.42787539645825656,0.0,True,no_value,1.0,中国体育彩票,https://www.sporttery.cn/jc/zqdz/index.html?showType=3&mid=2040166,2040166,2026-06-13 06:30:21.088806+00:00
2,Group Stage,Group A,2026-06-11,South Korea,Czech Republic,韩国,捷克,7,0-1,0.0689413649239482,14.505079803730858,8.25,8.125,0.12310606060606061,0.08611753914291367,0.4295120579533025,-0.43123373937742737,0.0,True,no_value,2.0,SportsGambler|中国体育彩票,https://www.sportsgambler.com/betting-tips/football/south-korea-vs-czech-republic-prediction-lineups-odds-2026-06-12/|https://www.sporttery.cn/jc/zqdz/index.html?showType=3&mid=2040163,2040163,2026-06-13 06:30:21.088806+00:00
55,Group Stage,Group J,2026-06-16,Argentina,Algeria,阿根廷,阿尔及利亚,2,1-0,0.1089535519030665,9.178223036635623,5.2,5.2,0.1923076923076923,0.13643266613822141,0.4095428737928737,-0.4334415301040542,0.0,True,no_value,1.0,中国体育彩票,https://www.sporttery.cn/jc/zqdz/index.html?showType=3&mid=2040180,2040180,2026-06-13 06:30:21.088806+00:00
19,Group Stage,Group D,2026-06-12,United States,Paraguay,美国,巴拉圭,6,0-0,0.0751384050893077,13.3087733072245,7.5,7.5,0.13333333333333333,0.09460753157916951,0.40933106601304026,-0.43646196183019226,0.0,True,no_value,1.0,中国体育彩票,https://www.sporttery.cn/jc/zqdz/index.html?showType=3&mid=2040165,2040165,2026-06-13 06:30:21.088806+00:00
38,Group Stage,Group G,2026-06-15,Iran,New Zealand,伊朗,新西兰,3,1-1,0.0929540352290972,10.758005260722367,6.0,6.0,0.16666666666666666,0.11820811506008402,0.40994268102449327,-0.4422757886254167,0.0,True,no_value,1.0,中国体育彩票,https://www.sporttery.cn/jc/zqdz/index.html?showType=3&mid=2040177,2040177,2026-06-13 06:30:21.088806+00:00
55,Group Stage,Group J,2026-06-16,Argentina,Algeria,阿根廷,阿尔及利亚,8,0-0,0.0506371708830178,19.74833867220197,11.0,11.0,0.09090909090909091,0.06449544217443194,0.4095428737928737,-0.4429911202868042,0.0,True,no_value,1.0,中国体育彩票,https://www.sporttery.cn/jc/zqdz/index.html?showType=3&mid=2040180,2040180,2026-06-13 06:30:21.088806+00:00
1,Group Stage,Group A,2026-06-11,Mexico,South Africa,墨西哥,南非,3,1-0,0.098324304020049,10.170425409734841,5.65,5.325,0.18849557522123894,0.13263300536913,0.42118151282660166,-0.44446768228672306,0.0,True,no_value,2.0,SportsGambler|中国体育彩票,https://www.sportsgambler.com/betting-tips/football/mexico-vs-south-africa-prediction-lineups-odds-2026-06-11/|https://www.sporttery.cn/jc/zqdz/index.html?showType=3&mid=2040162,2040162,2026-06-13 06:30:21.088806+00:00
26,Group Stage,Group E,2026-06-14,Ivory Coast,Ecuador,科特迪瓦,厄瓜多尔,6,1-0,0.0789330019945749,12.66897209951207,7.0,7.0,0.14285714285714285,0.10134510897124276,0.4096106295339754,-0.4474689860379757,0.0,True,no_value,1.0,中国体育彩票,https://www.sporttery.cn/jc/zqdz/index.html?showType=3&mid=2040172,2040172,2026-06-13 06:30:21.088806+00:00
37,Group Stage,Group G,2026-06-15,Belgium,Egypt,比利时,埃及,10,0-1,0.0407081619496073,24.56509830234786,13.5,13.5,0.07407407407407407,0.052583833518711154,0.40868531480718207,-0.4504398136803014,0.0,True,no_value,1.0,中国体育彩票,https://www.sporttery.cn/jc/zqdz/index.html?showType=3&mid=2040175,2040175,2026-06-13 06:30:21.088806+00:00
68,Group Stage,Group L,2026-06-17,Ghana,Panama,加纳,巴拿马,4,2-1,0.0728301706648029,13.730573344424089,7.5,7.5,0.13333333333333333,0.0946262238555373,0.4090526695526695,-0.4537737200139782,0.0,True,no_value,1.0,中国体育彩票,https://www.sporttery.cn/jc/zqdz/index.html?showType=3&mid=2040184,2040184,2026-06-13 06:30:21.088806+00:00
56,Group Stage,Group J,2026-06-17,Austria,Jordan,奥地利,约旦,5,3-0,0.0719698661921015,13.894704171476526,7.5,7.5,0.13333333333333333,0.0945773583756949,0.4097806877168837,-0.4602260035592388,0.0,True,no_value,1.0,中国体育彩票,https://www.sporttery.cn/jc/zqdz/index.html?showType=3&mid=2040181,2040181,2026-06-13 06:30:21.088806+00:00
50,Group Stage,Group I,2026-06-16,Norway,Iraq,挪威,伊拉克,4,2-0,0.0960984615949501,10.405993846342168,5.6,5.6,0.17857142857142858,0.12682976643722157,0.4079615029474817,-0.46184861506827946,0.0,True,no_value,1.0,中国体育彩票,https://www.sporttery.cn/jc/zqdz/index.html?showType=3&mid=2040179,2040179,2026-06-13 06:30:21.088806+00:00
62,Group Stage,Group K,2026-06-17,Uzbekistan,Colombia,乌兹别克斯坦,哥伦比亚,8,0-0,0.0483894755108478,20.665650731755154,11.0,11.0,0.09090909090909091,0.06447805321845552,0.4099230105643148,-0.46771576938067416,0.0,True,no_value,1.0,中国体育彩票,https://www.sporttery.cn/jc/zqdz/index.html?showType=3&mid=2040185,2040185,2026-06-13 06:30:21.088806+00:00
37,Group Stage,Group G,2026-06-15,Belgium,Egypt,比利时,埃及,4,1-0,0.0939258046026805,10.646701449406178,5.65,5.65,0.17699115044247787,0.12564278805355764,0.40868531480718207,-0.46931920399485516,0.0,True,no_value,1.0,中国体育彩票,https://www.sporttery.cn/jc/zqdz/index.html?showType=3&mid=2040175,2040175,2026-06-13 06:30:21.088806+00:00
31,Group Stage,Group F,2026-06-14,Netherlands,Japan,荷兰,日本,5,2-1,0.0814040645007335,12.284398894983793,6.5,6.5,0.15384615384615385,0.10913992438009594,0.40962305700672696,-0.47087358074523233,0.0,True,no_value,1.0,中国体育彩票,https://www.sporttery.cn/jc/zqdz/index.html?showType=3&mid=2040171,2040171,2026-06-13 06:30:21.088806+00:00
13,Group Stage,Group C,2026-06-13,Brazil,Morocco,巴西,摩洛哥,6,3-1,0.0621889771312085,16.080020063526124,8.5,8.5,0.11764705882352941,0.08347592928164499,0.40935308939888726,-0.4713936943847278,0.0,True,no_value,1.0,中国体育彩票,https://www.sporttery.cn/jc/zqdz/index.html?showType=3&mid=2040167,2040167,2026-06-13 06:30:21.088806+00:00
31,Group Stage,Group F,2026-06-14,Netherlands,Japan,荷兰,日本,10,3-1,0.0347231397787557,28.79923896201978,15.0,15.0,0.06666666666666667,0.047293967231374905,0.40962305700672696,-0.47915290331866456,0.0,True,no_value,1.0,中国体育彩票,https://www.sporttery.cn/jc/zqdz/index.html?showType=3&mid=2040171,2040171,2026-06-13 06:30:21.088806+00:00
14,Group Stage,Group C,2026-06-13,Haiti,Scotland,海地,苏格兰,6,1-3,0.0574635991999266,17.4023210157932,9.0,9.0,0.1111111111111111,0.078843281553315,0.4092654303838954,-0.48282760720066065,0.0,True,no_value,1.0,中国体育彩票,https://www.sporttery.cn/jc/zqdz/index.html?showType=3&mid=2040168,2040168,2026-06-13 06:30:21.088806+00:00
62,Group Stage,Group K,2026-06-17,Uzbekistan,Colombia,乌兹别克斯坦,哥伦比亚,2,0-1,0.0993847175034859,10.06190916591301,5.2,5.2,0.1923076923076923,0.13639588180827128,0.4099230105643148,-0.48319946898187327,0.0,True,no_value,1.0,中国体育彩票,https://www.sporttery.cn/jc/zqdz/index.html?showType=3&mid=2040185,2040185,2026-06-13 06:30:21.088806+00:00
67,Group Stage,Group L,2026-06-17,England,Croatia,英格兰,克罗地亚,4,2-0,0.0803913887361279,12.439143243094641,6.4,6.4,0.15625,0.11083750806442338,0.4097213364737593,-0.4854951120887814,0.0,True,no_value,1.0,中国体育彩票,https://www.sporttery.cn/jc/zqdz/index.html?showType=3&mid=2040183,2040183,2026-06-13 06:30:21.088806+00:00
37,Group Stage,Group G,2026-06-15,Belgium,Egypt,比利时,埃及,7,0-0,0.0514380334457216,19.440867642329664,10.0,10.0,0.1,0.07098817525026006,0.40868531480718207,-0.485619665542784,0.0,True,no_value,1.0,中国体育彩票,https://www.sporttery.cn/jc/zqdz/index.html?showType=3&mid=2040175,2040175,2026-06-13 06:30:21.088806+00:00
67,Group Stage,Group L,2026-06-17,England,Croatia,英格兰,克罗地亚,10,3-0,0.044652254615916,22.39528571629072,11.5,11.5,0.08695652173913043,0.061683482748896484,0.4097213364737593,-0.48649907191696595,0.0,True,no_value,1.0,中国体育彩票,https://www.sporttery.cn/jc/zqdz/index.html?showType=3&mid=2040183,2040183,2026-06-13 06:30:21.088806+00:00
43,Group Stage,Group H,2026-06-15,Spain,Cape Verde,西班牙,佛得角,8,1-0,0.061329419893106,16.305388209165326,8.3,8.3,0.12048192771084336,0.0854793388628396,0.40948595664934917,-0.49096581488722013,0.0,True,no_value,1.0,中国体育彩票,https://www.sporttery.cn/jc/zqdz/index.html?showType=3&mid=2040174,2040174,2026-06-13 06:30:21.088806+00:00
19,Group Stage,Group D,2026-06-12,United States,Paraguay,美国,巴拉圭,3,1-0,0.0846798607146547,11.809183335453218,6.0,6.0,0.16666666666666666,0.11825941447396188,0.40933106601304026,-0.4919208357120718,0.0,True,no_value,1.0,中国体育彩票,https://www.sporttery.cn/jc/zqdz/index.html?showType=3&mid=2040165,2040165,2026-06-13 06:30:21.088806+00:00
50,Group Stage,Group I,2026-06-16,Norway,Iraq,挪威,伊拉克,8,3-1,0.0562568463272522,17.775614263602534,9.0,9.0,0.1111111111111111,0.07891629911649342,0.4079615029474817,-0.4936883830547303,0.0,True,no_value,1.0,中国体育彩票,https://www.sporttery.cn/jc/zqdz/index.html?showType=3&mid=2040179,2040179,2026-06-13 06:30:21.088806+00:00
1,Group Stage,Group A,2026-06-11,Mexico,South Africa,墨西哥,南非,8,0-0,0.050379403995961,19.849381308285658,10.0,9.75,0.10263157894736842,0.07221567267874424,0.42118151282660166,-0.4962059600403901,0.0,True,no_value,2.0,SportsGambler|中国体育彩票,https://www.sportsgambler.com/betting-tips/football/mexico-vs-south-africa-prediction-lineups-odds-2026-06-11/|https://www.sporttery.cn/jc/zqdz/index.html?showType=3&mid=2040162,2040162,2026-06-13 06:30:21.088806+00:00
67,Group Stage,Group L,2026-06-17,England,Croatia,英格兰,克罗地亚,3,1-0,0.0910684844772594,10.9807471348632,5.5,5.5,0.18181818181818182,0.12897455483860176,0.4097213364737593,-0.49912333537507325,0.0,True,no_value,1.0,中国体育彩票,https://www.sporttery.cn/jc/zqdz/index.html?showType=3&mid=2040183,2040183,2026-06-13 06:30:21.088806+00:00
20,Group Stage,Group D,2026-06-14,Australia,Turkey,澳大利亚,土耳其,3,1-2,0.0926862652814823,10.789085059831287,5.4,5.4,0.18518518518518517,0.13136370506381462,0.40971347523446333,-0.49949416747999553,0.0,True,no_value,1.0,中国体育彩票,https://www.sporttery.cn/jc/zqdz/index.html?showType=3&mid=2040169,2040169,2026-06-13 06:30:21.088806+00:00
8,Group Stage,Group B,2026-06-13,Qatar,Switzerland,卡塔尔,瑞士,4,0-3,0.0913604851780888,10.94565115378604,5.4,5.4,0.18518518518518517,0.13134910306305841,0.4098701922332961,-0.5066533800383204,0.0,True,no_value,1.0,中国体育彩票,https://www.sporttery.cn/jc/zqdz/index.html?showType=3&mid=2040166,2040166,2026-06-13 06:30:21.088806+00:00
32,Group Stage,Group F,2026-06-14,Tunisia,Sweden,突尼斯,瑞典,3,0-1,0.0872089666883746,11.466710797908181,5.6,5.6,0.17857142857142858,0.12670132760730513,0.40938877234884496,-0.5116297865451023,0.0,True,no_value,1.0,中国体育彩票,https://www.sporttery.cn/jc/zqdz/index.html?showType=3&mid=2040173,2040173,2026-06-13 06:30:21.088806+00:00
31,Group Stage,Group F,2026-06-14,Netherlands,Japan,荷兰,日本,7,2-0,0.0646232757541753,15.474300680825364,7.5,7.5,0.13333333333333333,0.09458793446274981,0.40962305700672696,-0.5153254318436853,0.0,True,no_value,1.0,中国体育彩票,https://www.sporttery.cn/jc/zqdz/index.html?showType=3&mid=2040171,2040171,2026-06-13 06:30:21.088806+00:00
7,Group Stage,Group B,2026-06-12,Canada,Bosnia and Herzegovina,加拿大,波黑,9,0-1,0.0430364835938193,23.236099153407956,11.0,10.5,0.09545454545454546,0.0672976627664067,0.41839317341335636,-0.5265986804679876,0.0,True,no_value,2.0,SportsGambler|中国体育彩票,https://www.sportsgambler.com/betting-tips/football/canada-vs-bosnia-herzegovina-prediction-lineups-odds-2026-06-12/|https://www.sporttery.cn/jc/zqdz/index.html?showType=3&mid=2040164,2040164,2026-06-13 06:30:21.088806+00:00
32,Group Stage,Group F,2026-06-14,Tunisia,Sweden,突尼斯,瑞典,8,0-2,0.0618845172089546,16.159130669525553,7.5,7.5,0.13333333333333333,0.09460365794678782,0.40938877234884496,-0.5358661209328406,0.0,True,no_value,1.0,中国体育彩票,https://www.sporttery.cn/jc/zqdz/index.html?showType=3&mid=2040173,2040173,2026-06-13 06:30:21.088806+00:00
8,Group Stage,Group B,2026-06-13,Qatar,Switzerland,卡塔尔,瑞士,1,0-2,0.1199089237464496,8.339662877089323,3.8,3.8,0.2631578947368421,0.18665398856329352,0.4098701922332961,-0.5443460897634915,0.0,True,no_value,1.0,中国体育彩票,https://www.sporttery.cn/jc/zqdz/index.html?showType=3&mid=2040166,2040166,2026-06-13 06:30:21.088806+00:00
38,Group Stage,Group G,2026-06-15,Iran,New Zealand,伊朗,新西兰,4,1-0,0.086406301450596,11.57322999841353,5.25,5.25,0.19047619047619047,0.13509498864009603,0.40994268102449327,-0.546366917384371,0.0,True,no_value,1.0,中国体育彩票,https://www.sporttery.cn/jc/zqdz/index.html?showType=3&mid=2040177,2040177,2026-06-13 06:30:21.088806+00:00
20,Group Stage,Group D,2026-06-14,Australia,Turkey,澳大利亚,土耳其,6,0-2,0.0723886152589091,13.814326968727679,6.25,6.25,0.16,0.11349824117513584,0.40971347523446333,-0.547571154631818,0.0,True,no_value,1.0,中国体育彩票,https://www.sporttery.cn/jc/zqdz/index.html?showType=3&mid=2040169,2040169,2026-06-13 06:30:21.088806+00:00
13,Group Stage,Group C,2026-06-13,Brazil,Morocco,巴西,摩洛哥,3,2-1,0.0990431595076086,10.096608437891957,4.3,4.3,0.23255813953488372,0.1650105578823215,0.40935308939888726,-0.574114414117283,0.0,True,no_value,1.0,中国体育彩票,https://www.sporttery.cn/jc/zqdz/index.html?showType=3&mid=2040167,2040167,2026-06-13 06:30:21.088806+00:00
14,Group Stage,Group C,2026-06-13,Haiti,Scotland,海地,苏格兰,4,0-2,0.0951269594706464,10.512267033075654,4.35,4.35,0.2298850574712644,0.1631240307999621,0.4092654303838954,-0.5861977263026883,0.0,True,no_value,1.0,中国体育彩票,https://www.sporttery.cn/jc/zqdz/index.html?showType=3&mid=2040168,2040168,2026-06-13 06:30:21.088806+00:00
68,Group Stage,Group L,2026-06-17,Ghana,Panama,加纳,巴拿马,9,0-0,0.05039422798669,19.843542404580887,8.0,8.0,0.125,0.08871208486456622,0.4090526695526695,-0.59684617610648,0.0,True,no_value,1.0,中国体育彩票,https://www.sporttery.cn/jc/zqdz/index.html?showType=3&mid=2040184,2040184,2026-06-13 06:30:21.088806+00:00
20,Group Stage,Group D,2026-06-14,Australia,Turkey,澳大利亚,土耳其,10,1-3,0.0381530393928999,26.210231633239037,10.5,10.5,0.09523809523809523,0.0675584768899618,0.40971347523446333,-0.5993930863745511,0.0,True,no_value,1.0,中国体育彩票,https://www.sporttery.cn/jc/zqdz/index.html?showType=3&mid=2040169,2040169,2026-06-13 06:30:21.088806+00:00
19,Group Stage,Group D,2026-06-12,United States,Paraguay,美国,巴拉圭,2,2-1,0.0857394483262187,11.663242760732867,4.5,4.5,0.2222222222222222,0.15767921929861584,0.40933106601304026,-0.6141724825320158,0.0,True,no_value,1.0,中国体育彩票,https://www.sporttery.cn/jc/zqdz/index.html?showType=3&mid=2040165,2040165,2026-06-13 06:30:21.088806+00:00
38,Group Stage,Group G,2026-06-15,Iran,New Zealand,伊朗,新西兰,8,0-0,0.0449867522689819,22.228766238133048,8.5,8.5,0.11764705882352941,0.08344102239535343,0.40994268102449327,-0.617612605713654,0.0,True,no_value,1.0,中国体育彩票,https://www.sporttery.cn/jc/zqdz/index.html?showType=3&mid=2040177,2040177,2026-06-13 06:30:21.088806+00:00
50,Group Stage,Group I,2026-06-16,Norway,Iraq,挪威,伊拉克,9,3-0,0.055383913145001,18.055784490739995,6.5,6.5,0.15384615384615385,0.1092687218536063,0.4079615029474817,-0.6400045645574934,0.0,True,no_value,1.0,中国体育彩票,https://www.sporttery.cn/jc/zqdz/index.html?showType=3&mid=2040179,2040179,2026-06-13 06:30:21.088806+00:00
14,Group Stage,Group C,2026-06-13,Haiti,Scotland,海地,苏格兰,8,0-3,0.054257835751665,18.43051765973384,6.6,6.6,0.15151515151515152,0.10751356575452047,0.4092654303838954,-0.6418982840390111,0.0,True,no_value,1.0,中国体育彩票,https://www.sporttery.cn/jc/zqdz/index.html?showType=3&mid=2040168,2040168,2026-06-13 06:30:21.088806+00:00
68,Group Stage,Group L,2026-06-17,Ghana,Panama,加纳,巴拿马,10,2-0,0.0420362536170864,23.78898959714935,8.0,8.0,0.125,0.08871208486456622,0.4090526695526695,-0.6637099710633088,0.0,True,no_value,1.0,中国体育彩票,https://www.sporttery.cn/jc/zqdz/index.html?showType=3&mid=2040184,2040184,2026-06-13 06:30:21.088806+00:00
19,Group Stage,Group D,2026-06-12,United States,Paraguay,美国,巴拉圭,9,2-0,0.0545338670203652,18.337228856823202,6.0,6.0,0.16666666666666666,0.11825941447396188,0.40933106601304026,-0.6727967978778088,0.0,True,no_value,1.0,中国体育彩票,https://www.sporttery.cn/jc/zqdz/index.html?showType=3&mid=2040165,2040165,2026-06-13 06:30:21.088806+00:00
68,Group Stage,Group L,2026-06-17,Ghana,Panama,加纳,巴拿马,7,1-0,0.0566433279951564,17.654329916588065,5.5,5.5,0.18181818181818182,0.1290357598030054,0.4090526695526695,-0.6884616960266399,0.0,True,no_value,1.0,中国体育彩票,https://www.sporttery.cn/jc/zqdz/index.html?showType=3&mid=2040184,2040184,2026-06-13 06:30:21.088806+00:00
66,Group Stage,Group K,2026-06-27,Uzbekistan,DR Congo,乌兹别克斯坦,刚果民主共和国,1,1-0,0.1492503662549674,6.7001510622203755,,,,,,,0.0,False,missing_odds,,,,,
34,Group Stage,Group F,2026-06-21,Tunisia,Japan,突尼斯,日本,1,0-1,0.143471995860384,6.9700013163065195,,,,,,,0.0,False,missing_odds,,,,,
10,Group Stage,Group B,2026-06-18,Canada,Qatar,加拿大,卡塔尔,1,2-0,0.1399296760147249,7.146446904477713,,,,,,,0.0,False,missing_odds,,,,,
54,Group Stage,Group I,2026-06-26,Senegal,Iraq,塞内加尔,伊拉克,1,1-0,0.1389701831233977,7.195788172143778,,,,,,,0.0,False,missing_odds,,,,,
42,Group Stage,Group G,2026-06-26,Egypt,Iran,埃及,伊朗,1,0-1,0.1388419784301167,7.202432659826508,,,,,,,0.0,False,missing_odds,,,,,
46,Group Stage,Group H,2026-06-21,Uruguay,Cape Verde,乌拉圭,佛得角,1,2-0,0.1382022438684209,7.235772531682456,,,,,,,0.0,False,missing_odds,,,,,
51,Group Stage,Group I,2026-06-22,France,Iraq,法国,伊拉克,1,2-0,0.1379831081607014,7.247263910270485,,,,,,,0.0,False,missing_odds,,,,,
66,Group Stage,Group K,2026-06-27,Uzbekistan,DR Congo,乌兹别克斯坦,刚果民主共和国,2,1-1,0.1365706451854991,7.322217733113402,,,,,,,0.0,False,missing_odds,,,,,
64,Group Stage,Group K,2026-06-23,Colombia,DR Congo,哥伦比亚,刚果民主共和国,1,2-0,0.1353261853190218,7.3895528617951625,,,,,,,0.0,False,missing_odds,,,,,
29,Group Stage,Group E,2026-06-25,Ecuador,Germany,厄瓜多尔,德国,1,1-1,0.1352722501638168,7.3924991917335925,,,,,,,0.0,False,missing_odds,,,,,
24,Group Stage,Group D,2026-06-25,Paraguay,Australia,巴拉圭,澳大利亚,1,1-1,0.1346350765506715,7.427484914183104,,,,,,,0.0,False,missing_odds,,,,,
22,Group Stage,Group D,2026-06-19,Paraguay,Turkey,巴拉圭,土耳其,1,1-1,0.1344137549344363,7.439714785795362,,,,,,,0.0,False,missing_odds,,,,,
60,Group Stage,Group J,2026-06-27,Algeria,Austria,阿尔及利亚,奥地利,1,1-1,0.1343398069496273,7.443810012135605,,,,,,,0.0,False,missing_odds,,,,,
12,Group Stage,Group B,2026-06-24,Qatar,Bosnia and Herzegovina,卡塔尔,波黑,1,1-1,0.1341807221373438,7.452635401502957,,,,,,,0.0,False,missing_odds,,,,,
28,Group Stage,Group E,2026-06-20,Ecuador,Curaçao,厄瓜多尔,库拉索,1,3-0,0.1337733880952699,7.475328346231511,,,,,,,0.0,False,missing_odds,,,,,
48,Group Stage,Group H,2026-06-26,Cape Verde,Saudi Arabia,佛得角,沙特阿拉伯,1,1-1,0.1332223210171505,7.506249646193028,,,,,,,0.0,False,missing_odds,,,,,
66,Group Stage,Group K,2026-06-27,Uzbekistan,DR Congo,乌兹别克斯坦,刚果民主共和国,3,0-0,0.1326868594847181,7.53654132657479,,,,,,,0.0,False,missing_odds,,,,,
42,Group Stage,Group G,2026-06-26,Egypt,Iran,埃及,伊朗,2,1-1,0.1326294963395357,7.539800931159148,,,,,,,0.0,False,missing_odds,,,,,
57,Group Stage,Group J,2026-06-22,Argentina,Austria,阿根廷,奥地利,1,2-0,0.1319056108607855,7.5811786433816675,,,,,,,0.0,False,missing_odds,,,,,
59,Group Stage,Group J,2026-06-27,Jordan,Argentina,约旦,阿根廷,1,0-3,0.1312978411017802,7.61627146043334,,,,,,,0.0,False,missing_odds,,,,,
11,Group Stage,Group B,2026-06-24,Canada,Switzerland,加拿大,瑞士,1,1-1,0.1307136796481567,7.6503086952468164,,,,,,,0.0,False,missing_odds,,,,,
54,Group Stage,Group I,2026-06-26,Senegal,Iraq,塞内加尔,伊拉克,2,1-1,0.1301240727282638,7.684973110919188,,,,,,,0.0,False,missing_odds,,,,,
34,Group Stage,Group F,2026-06-21,Tunisia,Japan,突尼斯,日本,2,0-2,0.1299919890537779,7.692781742006412,,,,,,,0.0,False,missing_odds,,,,,
58,Group Stage,Group J,2026-06-22,Jordan,Algeria,约旦,阿尔及利亚,1,0-1,0.1295263908829244,7.720434370041813,,,,,,,0.0,False,missing_odds,,,,,
69,Group Stage,Group L,2026-06-23,England,Ghana,英格兰,加纳,1,2-0,0.1277812731624653,7.825872878325193,,,,,,,0.0,False,missing_odds,,,,,
4,Group Stage,Group A,2026-06-18,Mexico,South Korea,墨西哥,韩国,1,1-1,0.1277143631431269,7.82997288158827,,,,,,,0.0,False,missing_odds,,,,,
47,Group Stage,Group H,2026-06-26,Uruguay,Spain,乌拉圭,西班牙,1,0-1,0.1267603435104667,7.888902572415554,,,,,,,0.0,False,missing_odds,,,,,
51,Group Stage,Group I,2026-06-22,France,Iraq,法国,伊拉克,2,1-0,0.1261231405329886,7.928759114101202,,,,,,,0.0,False,missing_odds,,,,,
45,Group Stage,Group H,2026-06-21,Spain,Saudi Arabia,西班牙,沙特阿拉伯,1,2-0,0.1254905838542898,7.9687253759303935,,,,,,,0.0,False,missing_odds,,,,,
10,Group Stage,Group B,2026-06-18,Canada,Qatar,加拿大,卡塔尔,2,1-0,0.1246803813098195,8.020508034179734,,,,,,,0.0,False,missing_odds,,,,,
36,Group Stage,Group F,2026-06-25,Japan,Sweden,日本,瑞典,1,2-0,0.1242522622129201,8.048143206329625,,,,,,,0.0,False,missing_odds,,,,,
28,Group Stage,Group E,2026-06-20,Ecuador,Curaçao,厄瓜多尔,库拉索,2,2-0,0.1240749769062446,8.059642846080358,,,,,,,0.0,False,missing_odds,,,,,
6,Group Stage,Group A,2026-06-24,South Korea,South Africa,韩国,南非,1,1-0,0.12396119619715,8.067040579453453,,,,,,,0.0,False,missing_odds,,,,,
36,Group Stage,Group F,2026-06-25,Japan,Sweden,日本,瑞典,2,1-0,0.1238659169862645,8.073245847854096,,,,,,,0.0,False,missing_odds,,,,,
72,Group Stage,Group L,2026-06-27,Croatia,Ghana,克罗地亚,加纳,1,2-0,0.1238565541914715,8.073856135655822,,,,,,,0.0,False,missing_odds,,,,,
21,Group Stage,Group D,2026-06-19,United States,Australia,美国,澳大利亚,1,1-1,0.1235629228477568,8.093042613050766,,,,,,,0.0,False,missing_odds,,,,,
47,Group Stage,Group H,2026-06-26,Uruguay,Spain,乌拉圭,西班牙,2,1-1,0.122978763553385,8.131485234569794,,,,,,,0.0,False,missing_odds,,,,,
6,Group Stage,Group A,2026-06-24,South Korea,South Africa,韩国,南非,2,2-0,0.1229739588022461,8.131802942183034,,,,,,,0.0,False,missing_odds,,,,,
65,Group Stage,Group K,2026-06-27,Colombia,Portugal,哥伦比亚,葡萄牙,1,1-1,0.121020319013957,8.26307522693501,,,,,,,0.0,False,missing_odds,,,,,
52,Group Stage,Group I,2026-06-22,Norway,Senegal,挪威,塞内加尔,1,1-1,0.1205990341873411,8.2919403686648,,,,,,,0.0,False,missing_odds,,,,,
45,Group Stage,Group H,2026-06-21,Spain,Saudi Arabia,西班牙,沙特阿拉伯,2,3-0,0.1194829038952522,8.369398193373975,,,,,,,0.0,False,missing_odds,,,,,
39,Group Stage,Group G,2026-06-21,Belgium,Iran,比利时,伊朗,1,1-1,0.1188802975281059,8.411822823404174,,,,,,,0.0,False,missing_odds,,,,,
18,Group Stage,Group C,2026-06-24,Morocco,Haiti,摩洛哥,海地,1,2-0,0.1188474476794687,8.414147880541766,,,,,,,0.0,False,missing_odds,,,,,
3,Group Stage,Group A,2026-06-18,South Africa,Czech Republic,南非,捷克,1,1-1,0.1186775519151029,8.426193360605883,,,,,,,0.0,False,missing_odds,,,,,
16,Group Stage,Group C,2026-06-19,Brazil,Haiti,巴西,海地,1,3-0,0.1168592894004824,8.557300024073841,,,,,,,0.0,False,missing_odds,,,,,
63,Group Stage,Group K,2026-06-23,Portugal,Uzbekistan,葡萄牙,乌兹别克斯坦,1,2-0,0.1167097794386919,8.56826227253136,,,,,,,0.0,False,missing_odds,,,,,
58,Group Stage,Group J,2026-06-22,Jordan,Algeria,约旦,阿尔及利亚,2,1-1,0.1165237666800017,8.581940221227196,,,,,,,0.0,False,missing_odds,,,,,
58,Group Stage,Group J,2026-06-22,Jordan,Algeria,约旦,阿尔及利亚,3,0-2,0.1161746797248081,8.607727625062337,,,,,,,0.0,False,missing_odds,,,,,
69,Group Stage,Group L,2026-06-23,England,Ghana,英格兰,加纳,2,3-0,0.1158540823478037,8.631547371787175,,,,,,,0.0,False,missing_odds,,,,,
18,Group Stage,Group C,2026-06-24,Morocco,Haiti,摩洛哥,海地,2,3-0,0.1147074681594734,8.717828194148076,,,,,,,0.0,False,missing_odds,,,,,
59,Group Stage,Group J,2026-06-27,Jordan,Argentina,约旦,阿根廷,2,0-2,0.1146202368856752,8.724462862499774,,,,,,,0.0,False,missing_odds,,,,,
16,Group Stage,Group C,2026-06-19,Brazil,Haiti,巴西,海地,2,2-0,0.1138678914692104,8.782106940747186,,,,,,,0.0,False,missing_odds,,,,,
17,Group Stage,Group C,2026-06-24,Scotland,Brazil,苏格兰,巴西,1,0-2,0.1135728176910238,8.80492375139016,,,,,,,0.0,False,missing_odds,,,,,
46,Group Stage,Group H,2026-06-21,Uruguay,Cape Verde,乌拉圭,佛得角,2,1-0,0.1132777575474477,8.827858369116624,,,,,,,0.0,False,missing_odds,,,,,
35,Group Stage,Group F,2026-06-25,Tunisia,Netherlands,突尼斯,荷兰,1,0-2,0.1129458756674192,8.853798282503057,,,,,,,0.0,False,missing_odds,,,,,
59,Group Stage,Group J,2026-06-27,Jordan,Argentina,约旦,阿根廷,3,0-4,0.1128015668069788,8.865125089185659,,,,,,,0.0,False,missing_odds,,,,,
23,Group Stage,Group D,2026-06-25,United States,Turkey,美国,土耳其,1,1-1,0.1124469373214019,8.893083474045595,,,,,,,0.0,False,missing_odds,,,,,
5,Group Stage,Group A,2026-06-24,Mexico,Czech Republic,墨西哥,捷克,1,1-1,0.1118588218453538,8.939840269214638,,,,,,,0.0,False,missing_odds,,,,,
15,Group Stage,Group C,2026-06-19,Scotland,Morocco,苏格兰,摩洛哥,1,1-1,0.111668877988902,8.955046544833943,,,,,,,0.0,False,missing_odds,,,,,
34,Group Stage,Group F,2026-06-21,Tunisia,Japan,突尼斯,日本,3,1-1,0.1115374957572832,8.965594872024925,,,,,,,0.0,False,missing_odds,,,,,
63,Group Stage,Group K,2026-06-23,Portugal,Uzbekistan,葡萄牙,乌兹别克斯坦,2,1-0,0.1112192420519692,8.991249909190461,,,,,,,0.0,False,missing_odds,,,,,
42,Group Stage,Group G,2026-06-26,Egypt,Iran,埃及,伊朗,3,0-0,0.1109487046359245,9.013174180640286,,,,,,,0.0,False,missing_odds,,,,,
4,Group Stage,Group A,2026-06-18,Mexico,South Korea,墨西哥,韩国,2,1-0,0.1108615697682175,9.020258346429138,,,,,,,0.0,False,missing_odds,,,,,
57,Group Stage,Group J,2026-06-22,Argentina,Austria,阿根廷,奥地利,2,1-0,0.1099550647156365,9.094624268433465,,,,,,,0.0,False,missing_odds,,,,,
15,Group Stage,Group C,2026-06-19,Scotland,Morocco,苏格兰,摩洛哥,2,0-1,0.1098418733066014,9.103996225635209,,,,,,,0.0,False,missing_odds,,,,,
48,Group Stage,Group H,2026-06-26,Cape Verde,Saudi Arabia,佛得角,沙特阿拉伯,2,0-1,0.1096058975985688,9.123596648626485,,,,,,,0.0,False,missing_odds,,,,,
64,Group Stage,Group K,2026-06-23,Colombia,DR Congo,哥伦比亚,刚果民主共和国,2,1-0,0.1094234860507782,9.13880590073641,,,,,,,0.0,False,missing_odds,,,,,
71,Group Stage,Group L,2026-06-27,Panama,England,巴拿马,英格兰,1,0-2,0.109090152634028,9.166730230498132,,,,,,,0.0,False,missing_odds,,,,,
30,Group Stage,Group E,2026-06-25,Curaçao,Ivory Coast,库拉索,科特迪瓦,1,0-2,0.1089655288228958,9.177214214463394,,,,,,,0.0,False,missing_odds,,,,,
46,Group Stage,Group H,2026-06-21,Uruguay,Cape Verde,乌拉圭,佛得角,3,3-0,0.1089608325876172,9.1776097543664,,,,,,,0.0,False,missing_odds,,,,,
9,Group Stage,Group B,2026-06-18,Switzerland,Bosnia and Herzegovina,瑞士,波黑,1,2-0,0.1081747544927737,9.244301081975667,,,,,,,0.0,False,missing_odds,,,,,
28,Group Stage,Group E,2026-06-20,Ecuador,Curaçao,厄瓜多尔,库拉索,3,4-0,0.108172412008648,9.244501268216647,,,,,,,0.0,False,missing_odds,,,,,
64,Group Stage,Group K,2026-06-23,Colombia,DR Congo,哥伦比亚,刚果民主共和国,3,3-0,0.1080658892957406,9.25361375839263,,,,,,,0.0,False,missing_odds,,,,,
70,Group Stage,Group L,2026-06-23,Panama,Croatia,巴拿马,克罗地亚,1,1-1,0.107891634099373,9.268559220068495,,,,,,,0.0,False,missing_odds,,,,,
47,Group Stage,Group H,2026-06-26,Uruguay,Spain,乌拉圭,西班牙,3,0-2,0.1068402165648911,9.359771368421312,,,,,,,0.0,False,missing_odds,,,,,
54,Group Stage,Group I,2026-06-26,Senegal,Iraq,塞内加尔,伊拉克,3,0-0,0.1066868283180985,9.37322831473057,,,,,,,0.0,False,missing_odds,,,,,
15,Group Stage,Group C,2026-06-19,Scotland,Morocco,苏格兰,摩洛哥,3,0-2,0.1065064798615601,9.389100093250908,,,,,,,0.0,False,missing_odds,,,,,
6,Group Stage,Group A,2026-06-24,South Korea,South Africa,韩国,南非,3,1-1,0.1062519662013234,9.411590540406815,,,,,,,0.0,False,missing_odds,,,,,
27,Group Stage,Group E,2026-06-20,Germany,Ivory Coast,德国,科特迪瓦,1,1-1,0.1052838362770959,9.49813414252978,,,,,,,0.0,False,missing_odds,,,,,
36,Group Stage,Group F,2026-06-25,Japan,Sweden,日本,瑞典,3,1-1,0.1048596430340283,9.53655735482036,,,,,,,0.0,False,missing_odds,,,,,
35,Group Stage,Group F,2026-06-25,Tunisia,Netherlands,突尼斯,荷兰,2,0-1,0.1043937429359268,9.579118171993935,,,,,,,0.0,False,missing_odds,,,,,
54,Group Stage,Group I,2026-06-26,Senegal,Iraq,塞内加尔,伊拉克,4,2-0,0.1041191403945395,9.60438202054581,,,,,,,0.0,False,missing_odds,,,,,
27,Group Stage,Group E,2026-06-20,Germany,Ivory Coast,德国,科特迪瓦,2,2-0,0.1036524000725614,9.647629956469455,,,,,,,0.0,False,missing_odds,,,,,
3,Group Stage,Group A,2026-06-18,South Africa,Czech Republic,南非,捷克,2,0-1,0.1029529215014887,9.713177493321936,,,,,,,0.0,False,missing_odds,,,,,
22,Group Stage,Group D,2026-06-19,Paraguay,Turkey,巴拉圭,土耳其,2,1-0,0.1027073990983708,9.736396878692476,,,,,,,0.0,False,missing_odds,,,,,
63,Group Stage,Group K,2026-06-23,Portugal,Uzbekistan,葡萄牙,乌兹别克斯坦,3,1-1,0.1022207489703173,9.782749687055986,,,,,,,0.0,False,missing_odds,,,,,
57,Group Stage,Group J,2026-06-22,Argentina,Austria,阿根廷,奥地利,3,3-0,0.1019923741931941,9.80465459217371,,,,,,,0.0,False,missing_odds,,,,,
10,Group Stage,Group B,2026-06-18,Canada,Qatar,加拿大,卡塔尔,3,3-0,0.1014417553397291,9.857873581258461,,,,,,,0.0,False,missing_odds,,,,,
42,Group Stage,Group G,2026-06-26,Egypt,Iran,埃及,伊朗,4,0-2,0.0999829604466675,10.00170424572911,,,,,,,0.0,False,missing_odds,,,,,
72,Group Stage,Group L,2026-06-27,Croatia,Ghana,克罗地亚,加纳,2,1-0,0.0999133672279962,10.008670788945198,,,,,,,0.0,False,missing_odds,,,,,
66,Group Stage,Group K,2026-06-27,Uzbekistan,DR Congo,乌兹别克斯坦,刚果民主共和国,4,0-1,0.0999035323833639,10.009656076650616,,,,,,,0.0,False,missing_odds,,,,,
33,Group Stage,Group F,2026-06-20,Netherlands,Sweden,荷兰,瑞典,1,2-0,0.0998407175525953,10.01595365611438,,,,,,,0.0,False,missing_odds,,,,,
27,Group Stage,Group E,2026-06-20,Germany,Ivory Coast,德国,科特迪瓦,3,1-0,0.0998340766203299,10.016619914290498,,,,,,,0.0,False,missing_odds,,,,,
35,Group Stage,Group F,2026-06-25,Tunisia,Netherlands,突尼斯,荷兰,3,1-1,0.0997181538739747,10.028264274364876,,,,,,,0.0,False,missing_odds,,,,,
12,Group Stage,Group B,2026-06-24,Qatar,Bosnia and Herzegovina,卡塔尔,波黑,2,0-1,0.0997091733615196,10.029167490680715,,,,,,,0.0,False,missing_odds,,,,,
27,Group Stage,Group E,2026-06-20,Germany,Ivory Coast,德国,科特迪瓦,4,2-1,0.0995911974522693,10.041048060289327,,,,,,,0.0,False,missing_odds,,,,,
41,Group Stage,Group G,2026-06-26,New Zealand,Belgium,新西兰,比利时,1,0-2,0.0994702318495448,10.053258964074448,,,,,,,0.0,False,missing_odds,,,,,
70,Group Stage,Group L,2026-06-23,Panama,Croatia,巴拿马,克罗地亚,2,1-2,0.099296387224627,10.07085985654053,,,,,,,0.0,False,missing_odds,,,,,
29,Group Stage,Group E,2026-06-25,Ecuador,Germany,厄瓜多尔,德国,2,0-1,0.0992726815599357,10.073264711765159,,,,,,,0.0,False,missing_odds,,,,,
60,Group Stage,Group J,2026-06-27,Algeria,Austria,阿尔及利亚,奥地利,2,1-0,0.0990481712844459,10.096097555685368,,,,,,,0.0,False,missing_odds,,,,,
5,Group Stage,Group A,2026-06-24,Mexico,Czech Republic,墨西哥,捷克,2,2-1,0.0989388579756651,10.107252301678669,,,,,,,0.0,False,missing_odds,,,,,
15,Group Stage,Group C,2026-06-19,Scotland,Morocco,苏格兰,摩洛哥,4,1-2,0.0988127286466449,10.120153685624935,,,,,,,0.0,False,missing_odds,,,,,
35,Group Stage,Group F,2026-06-25,Tunisia,Netherlands,突尼斯,荷兰,4,1-2,0.0987189692269953,10.129765412162994,,,,,,,0.0,False,missing_odds,,,,,
72,Group Stage,Group L,2026-06-27,Croatia,Ghana,克罗地亚,加纳,3,3-0,0.0987059269328995,10.131103886799039,,,,,,,0.0,False,missing_odds,,,,,
63,Group Stage,Group K,2026-06-23,Portugal,Uzbekistan,葡萄牙,乌兹别克斯坦,4,2-1,0.0983058084071575,10.172338910619157,,,,,,,0.0,False,missing_odds,,,,,
71,Group Stage,Group L,2026-06-27,Panama,England,巴拿马,英格兰,2,1-2,0.0981168945302346,10.191924691336936,,,,,,,0.0,False,missing_odds,,,,,
29,Group Stage,Group E,2026-06-25,Ecuador,Germany,厄瓜多尔,德国,3,1-0,0.0980150379124571,10.202516076085773,,,,,,,0.0,False,missing_odds,,,,,
30,Group Stage,Group E,2026-06-25,Curaçao,Ivory Coast,库拉索,科特迪瓦,2,1-2,0.0978618934274887,10.218482036023095,,,,,,,0.0,False,missing_odds,,,,,
24,Group Stage,Group D,2026-06-25,Paraguay,Australia,巴拉圭,澳大利亚,2,0-1,0.0978332853230636,10.221470092697134,,,,,,,0.0,False,missing_odds,,,,,
51,Group Stage,Group I,2026-06-22,France,Iraq,法国,伊拉克,3,3-0,0.0974265964511573,10.264137683402788,,,,,,,0.0,False,missing_odds,,,,,
3,Group Stage,Group A,2026-06-18,South Africa,Czech Republic,南非,捷克,3,1-2,0.0973653227636439,10.270597083394035,,,,,,,0.0,False,missing_odds,,,,,
53,Group Stage,Group I,2026-06-26,Norway,France,挪威,法国,1,1-2,0.0969786828982438,10.311544456107573,,,,,,,0.0,False,missing_odds,,,,,
6,Group Stage,Group A,2026-06-24,South Korea,South Africa,韩国,南非,4,2-1,0.096861239636637,10.32404709821366,,,,,,,0.0,False,missing_odds,,,,,
33,Group Stage,Group F,2026-06-20,Netherlands,Sweden,荷兰,瑞典,2,2-1,0.0967073112274624,10.340479817993591,,,,,,,0.0,False,missing_odds,,,,,
36,Group Stage,Group F,2026-06-25,Japan,Sweden,日本,瑞典,4,2-1,0.0967046018624552,10.34076952638013,,,,,,,0.0,False,missing_odds,,,,,
24,Group Stage,Group D,2026-06-25,Paraguay,Australia,巴拉圭,澳大利亚,3,1-0,0.0964741241031278,10.365473740202413,,,,,,,0.0,False,missing_odds,,,,,
5,Group Stage,Group A,2026-06-24,Mexico,Czech Republic,墨西哥,捷克,3,1-0,0.0962360547193157,10.391115917174941,,,,,,,0.0,False,missing_odds,,,,,
40,Group Stage,Group G,2026-06-21,New Zealand,Egypt,新西兰,埃及,1,1-2,0.0960698510235945,10.409092856346811,,,,,,,0.0,False,missing_odds,,,,,
58,Group Stage,Group J,2026-06-22,Jordan,Algeria,约旦,阿尔及利亚,4,1-2,0.0958625419574353,10.431603205807104,,,,,,,0.0,False,missing_odds,,,,,
9,Group Stage,Group B,2026-06-18,Switzerland,Bosnia and Herzegovina,瑞士,波黑,2,2-1,0.0955615457541414,10.464460281678338,,,,,,,0.0,False,missing_odds,,,,,
66,Group Stage,Group K,2026-06-27,Uzbekistan,DR Congo,乌兹别克斯坦,刚果民主共和国,5,2-0,0.0955090253953769,10.4702146824378,,,,,,,0.0,False,missing_odds,,,,,
47,Group Stage,Group H,2026-06-26,Uruguay,Spain,乌拉圭,西班牙,4,1-2,0.0947828453156149,10.550432376978412,,,,,,,0.0,False,missing_odds,,,,,
17,Group Stage,Group C,2026-06-24,Scotland,Brazil,苏格兰,巴西,2,1-2,0.0945241853426843,10.579303025724464,,,,,,,0.0,False,missing_odds,,,,,
60,Group Stage,Group J,2026-06-27,Algeria,Austria,阿尔及利亚,奥地利,3,0-1,0.0942320802031603,10.61209725864104,,,,,,,0.0,False,missing_odds,,,,,
71,Group Stage,Group L,2026-06-27,Panama,England,巴拿马,英格兰,3,0-1,0.0940203900311774,10.635990764007651,,,,,,,0.0,False,missing_odds,,,,,
5,Group Stage,Group A,2026-06-24,Mexico,Czech Republic,墨西哥,捷克,4,2-0,0.093863380420977,10.653782076833402,,,,,,,0.0,False,missing_odds,,,,,
34,Group Stage,Group F,2026-06-21,Tunisia,Japan,突尼斯,日本,4,1-2,0.0931901268982309,10.73075049132682,,,,,,,0.0,False,missing_odds,,,,,
12,Group Stage,Group B,2026-06-24,Qatar,Bosnia and Herzegovina,卡塔尔,波黑,3,1-0,0.0931476513550924,10.735643738217881,,,,,,,0.0,False,missing_odds,,,,,
3,Group Stage,Group A,2026-06-18,South Africa,Czech Republic,南非,捷克,4,0-2,0.0931014549561463,10.740970702026422,,,,,,,0.0,False,missing_odds,,,,,
4,Group Stage,Group A,2026-06-18,Mexico,South Korea,墨西哥,韩国,3,2-1,0.0930678123263691,10.744853403163834,,,,,,,0.0,False,missing_odds,,,,,
72,Group Stage,Group L,2026-06-27,Croatia,Ghana,克罗地亚,加纳,4,2-1,0.0930420520769959,10.747828295666364,,,,,,,0.0,False,missing_odds,,,,,
39,Group Stage,Group G,2026-06-21,Belgium,Iran,比利时,伊朗,2,2-1,0.093039343624062,10.748141173917077,,,,,,,0.0,False,missing_odds,,,,,
30,Group Stage,Group E,2026-06-25,Curaçao,Ivory Coast,库拉索,科特迪瓦,3,0-1,0.092879974904736,10.766583443047523,,,,,,,0.0,False,missing_odds,,,,,
70,Group Stage,Group L,2026-06-23,Panama,Croatia,巴拿马,克罗地亚,3,0-2,0.0927798015629813,10.77820800598689,,,,,,,0.0,False,missing_odds,,,,,
51,Group Stage,Group I,2026-06-22,France,Iraq,法国,伊拉克,4,2-1,0.0927215957615143,10.784974005107312,,,,,,,0.0,False,missing_odds,,,,,
41,Group Stage,Group G,2026-06-26,New Zealand,Belgium,新西兰,比利时,2,1-2,0.0925714237344881,10.802469700241236,,,,,,,0.0,False,missing_odds,,,,,
71,Group Stage,Group L,2026-06-27,Panama,England,巴拿马,英格兰,4,1-1,0.0925329182718168,10.806964901533586,,,,,,,0.0,False,missing_odds,,,,,
22,Group Stage,Group D,2026-06-19,Paraguay,Turkey,巴拉圭,土耳其,3,0-1,0.0921846708186765,10.847790539567683,,,,,,,0.0,False,missing_odds,,,,,
11,Group Stage,Group B,2026-06-24,Canada,Switzerland,加拿大,瑞士,2,0-1,0.0921562016593361,10.851141670276213,,,,,,,0.0,False,missing_odds,,,,,
57,Group Stage,Group J,2026-06-22,Argentina,Austria,阿根廷,奥地利,4,2-1,0.0921269647477922,10.854585329470163,,,,,,,0.0,False,missing_odds,,,,,
17,Group Stage,Group C,2026-06-24,Scotland,Brazil,苏格兰,巴西,3,0-3,0.0918291699113481,10.889785903165631,,,,,,,0.0,False,missing_odds,,,,,
51,Group Stage,Group I,2026-06-22,France,Iraq,法国,伊拉克,5,1-1,0.0917047988185324,10.90455475485883,,,,,,,0.0,False,missing_odds,,,,,
10,Group Stage,Group B,2026-06-18,Canada,Qatar,加拿大,卡塔尔,4,2-1,0.0915676686472533,10.92088522917741,,,,,,,0.0,False,missing_odds,,,,,
70,Group Stage,Group L,2026-06-23,Panama,Croatia,巴拿马,克罗地亚,4,0-1,0.0913471219228753,10.947252403248168,,,,,,,0.0,False,missing_odds,,,,,
23,Group Stage,Group D,2026-06-25,United States,Turkey,美国,土耳其,2,1-2,0.0912795419836448,10.95535733712574,,,,,,,0.0,False,missing_odds,,,,,
30,Group Stage,Group E,2026-06-25,Curaçao,Ivory Coast,库拉索,科特迪瓦,4,1-1,0.0912713083944726,10.956345620444289,,,,,,,0.0,False,missing_odds,,,,,
29,Group Stage,Group E,2026-06-25,Ecuador,Germany,厄瓜多尔,德国,4,0-0,0.091143913898795,10.971659622938585,,,,,,,0.0,False,missing_odds,,,,,
69,Group Stage,Group L,2026-06-23,England,Ghana,英格兰,加纳,3,1-0,0.0910455427521565,10.983514071877112,,,,,,,0.0,False,missing_odds,,,,,
16,Group Stage,Group C,2026-06-19,Brazil,Haiti,巴西,海地,3,4-0,0.08994695525875,11.117663706606905,,,,,,,0.0,False,missing_odds,,,,,
17,Group Stage,Group C,2026-06-24,Scotland,Brazil,苏格兰,巴西,4,0-1,0.0899413151031504,11.118360887353456,,,,,,,0.0,False,missing_odds,,,,,
48,Group Stage,Group H,2026-06-26,Cape Verde,Saudi Arabia,佛得角,沙特阿拉伯,3,0-0,0.0899148514674562,11.121633230545235,,,,,,,0.0,False,missing_odds,,,,,
34,Group Stage,Group F,2026-06-21,Tunisia,Japan,突尼斯,日本,5,0-0,0.089913385078059,11.121814612272047,,,,,,,0.0,False,missing_odds,,,,,
64,Group Stage,Group K,2026-06-23,Colombia,DR Congo,哥伦比亚,刚果民主共和国,4,2-1,0.0895702385220781,11.16442265310604,,,,,,,0.0,False,missing_odds,,,,,
22,Group Stage,Group D,2026-06-19,Paraguay,Turkey,巴拉圭,土耳其,4,0-0,0.0894274815302736,11.182244908255335,,,,,,,0.0,False,missing_odds,,,,,
54,Group Stage,Group I,2026-06-26,Senegal,Iraq,塞内加尔,伊拉克,5,2-1,0.0892798268731775,11.200738565728916,,,,,,,0.0,False,missing_odds,,,,,
46,Group Stage,Group H,2026-06-21,Uruguay,Cape Verde,乌拉圭,佛得角,4,2-1,0.089205962117193,11.210013055924053,,,,,,,0.0,False,missing_odds,,,,,
24,Group Stage,Group D,2026-06-25,Paraguay,Australia,巴拉圭,澳大利亚,4,0-0,0.0890581098041955,11.22862367277517,,,,,,,0.0,False,missing_odds,,,,,
4,Group Stage,Group A,2026-06-18,Mexico,South Korea,墨西哥,韩国,4,2-0,0.0890449683702767,11.230280815437979,,,,,,,0.0,False,missing_odds,,,,,
65,Group Stage,Group K,2026-06-27,Colombia,Portugal,哥伦比亚,葡萄牙,2,2-1,0.0886515135954623,11.28012325388188,,,,,,,0.0,False,missing_odds,,,,,
40,Group Stage,Group G,2026-06-21,New Zealand,Egypt,新西兰,埃及,2,0-2,0.0884183212682395,11.309873176241894,,,,,,,0.0,False,missing_odds,,,,,
60,Group Stage,Group J,2026-06-27,Algeria,Austria,阿尔及利亚,奥地利,4,0-0,0.0883390202393963,11.320025932934593,,,,,,,0.0,False,missing_odds,,,,,
10,Group Stage,Group B,2026-06-18,Canada,Qatar,加拿大,卡塔尔,5,1-1,0.0882059745327305,11.337100522923546,,,,,,,0.0,False,missing_odds,,,,,
12,Group Stage,Group B,2026-06-24,Qatar,Bosnia and Herzegovina,卡塔尔,波黑,4,0-0,0.0880397800907274,11.358501792819936,,,,,,,0.0,False,missing_odds,,,,,
48,Group Stage,Group H,2026-06-26,Cape Verde,Saudi Arabia,佛得角,沙特阿拉伯,4,1-2,0.0876801593542436,11.40508876084292,,,,,,,0.0,False,missing_odds,,,,,
53,Group Stage,Group I,2026-06-26,Norway,France,挪威,法国,2,1-1,0.0876348538254791,11.410984971703785,,,,,,,0.0,False,missing_odds,,,,,
47,Group Stage,Group H,2026-06-26,Uruguay,Spain,乌拉圭,西班牙,5,0-0,0.0875357556680212,11.423903208107252,,,,,,,0.0,False,missing_odds,,,,,
42,Group Stage,Group G,2026-06-26,Egypt,Iran,埃及,伊朗,5,1-2,0.0873926645666564,11.442607968970634,,,,,,,0.0,False,missing_odds,,,,,
9,Group Stage,Group B,2026-06-18,Switzerland,Bosnia and Herzegovina,瑞士,波黑,3,3-0,0.0869329000870259,11.503124812342971,,,,,,,0.0,False,missing_odds,,,,,
53,Group Stage,Group I,2026-06-26,Norway,France,挪威,法国,3,0-2,0.0869228164599495,11.50445925162537,,,,,,,0.0,False,missing_odds,,,,,
11,Group Stage,Group B,2026-06-24,Canada,Switzerland,加拿大,瑞士,3,1-0,0.0865245392686538,11.557414907406285,,,,,,,0.0,False,missing_odds,,,,,
41,Group Stage,Group G,2026-06-26,New Zealand,Belgium,新西兰,比利时,3,0-3,0.0862804878748764,11.590105997664221,,,,,,,0.0,False,missing_odds,,,,,
48,Group Stage,Group H,2026-06-26,Cape Verde,Saudi Arabia,佛得角,沙特阿拉伯,5,1-0,0.0861978957850234,11.601211269634573,,,,,,,0.0,False,missing_odds,,,,,
9,Group Stage,Group B,2026-06-18,Switzerland,Bosnia and Herzegovina,瑞士,波黑,4,1-0,0.0859724647989516,11.631631154678661,,,,,,,0.0,False,missing_odds,,,,,
42,Group Stage,Group G,2026-06-26,Egypt,Iran,埃及,伊朗,6,1-0,0.0857064408995995,11.667734530844028,,,,,,,0.0,False,missing_odds,,,,,
45,Group Stage,Group H,2026-06-21,Spain,Saudi Arabia,西班牙,沙特阿拉伯,3,4-0,0.0853221246851785,11.72028947579305,,,,,,,0.0,False,missing_odds,,,,,
52,Group Stage,Group I,2026-06-22,Norway,Senegal,挪威,塞内加尔,2,2-1,0.0852349829067294,11.732271960378945,,,,,,,0.0,False,missing_odds,,,,,
45,Group Stage,Group H,2026-06-21,Spain,Saudi Arabia,西班牙,沙特阿拉伯,4,1-0,0.0852197857451737,11.734364165033512,,,,,,,0.0,False,missing_odds,,,,,
33,Group Stage,Group F,2026-06-20,Netherlands,Sweden,荷兰,瑞典,3,1-1,0.0851724331939664,11.740888013879587,,,,,,,0.0,False,missing_odds,,,,,
21,Group Stage,Group D,2026-06-19,United States,Australia,美国,澳大利亚,2,1-2,0.0844603244115534,11.83987874741349,,,,,,,0.0,False,missing_odds,,,,,
11,Group Stage,Group B,2026-06-24,Canada,Switzerland,加拿大,瑞士,4,1-2,0.0842147625513703,11.874402654641559,,,,,,,0.0,False,missing_odds,,,,,
39,Group Stage,Group G,2026-06-21,Belgium,Iran,比利时,伊朗,3,1-0,0.0838817552500954,11.921543570690392,,,,,,,0.0,False,missing_odds,,,,,
40,Group Stage,Group G,2026-06-21,New Zealand,Egypt,新西兰,埃及,3,1-1,0.0837969035678357,11.933615174580703,,,,,,,0.0,False,missing_odds,,,,,
22,Group Stage,Group D,2026-06-19,Paraguay,Turkey,巴拉圭,土耳其,5,2-1,0.0837693374986706,11.93754218261389,,,,,,,0.0,False,missing_odds,,,,,
58,Group Stage,Group J,2026-06-22,Jordan,Algeria,约旦,阿尔及利亚,5,0-0,0.0835015096216087,11.975831389534758,,,,,,,0.0,False,missing_odds,,,,,
69,Group Stage,Group L,2026-06-23,England,Ghana,英格兰,加纳,4,2-1,0.0833755414739729,11.99392510466834,,,,,,,0.0,False,missing_odds,,,,,
57,Group Stage,Group J,2026-06-22,Argentina,Austria,阿根廷,奥地利,5,1-1,0.0832041720876217,12.018628091712847,,,,,,,0.0,False,missing_odds,,,,,
9,Group Stage,Group B,2026-06-18,Switzerland,Bosnia and Herzegovina,瑞士,波黑,5,1-1,0.0830400666163765,12.042379549377529,,,,,,,0.0,False,missing_odds,,,,,
18,Group Stage,Group C,2026-06-24,Morocco,Haiti,摩洛哥,海地,3,4-0,0.0830337767562529,12.04329176710241,,,,,,,0.0,False,missing_odds,,,,,
21,Group Stage,Group D,2026-06-19,United States,Australia,美国,澳大利亚,3,2-1,0.0828151409129346,12.07508662034787,,,,,,,0.0,False,missing_odds,,,,,
12,Group Stage,Group B,2026-06-24,Qatar,Bosnia and Herzegovina,卡塔尔,波黑,5,1-2,0.0826779098787585,12.095129176178155,,,,,,,0.0,False,missing_odds,,,,,
52,Group Stage,Group I,2026-06-22,Norway,Senegal,挪威,塞内加尔,3,1-2,0.0825986983883671,12.106728308213103,,,,,,,0.0,False,missing_odds,,,,,
4,Group Stage,Group A,2026-06-18,Mexico,South Korea,墨西哥,韩国,5,0-0,0.082201624713655,12.165209671748546,,,,,,,0.0,False,missing_odds,,,,,
60,Group Stage,Group J,2026-06-27,Algeria,Austria,阿尔及利亚,奥地利,5,2-1,0.0819723038435811,12.199242342977112,,,,,,,0.0,False,missing_odds,,,,,
17,Group Stage,Group C,2026-06-24,Scotland,Brazil,苏格兰,巴西,5,1-1,0.0816393348538089,12.248997395565437,,,,,,,0.0,False,missing_odds,,,,,
30,Group Stage,Group E,2026-06-25,Curaçao,Ivory Coast,库拉索,科特迪瓦,5,0-3,0.0815889307125502,12.256564600940132,,,,,,,0.0,False,missing_odds,,,,,
72,Group Stage,Group L,2026-06-27,Croatia,Ghana,克罗地亚,加纳,5,1-1,0.0815300699670672,12.265413244511311,,,,,,,0.0,False,missing_odds,,,,,
71,Group Stage,Group L,2026-06-27,Panama,England,巴拿马,英格兰,5,0-3,0.0807785135077227,12.379529612220416,,,,,,,0.0,False,missing_odds,,,,,
24,Group Stage,Group D,2026-06-25,Paraguay,Australia,巴拉圭,澳大利亚,5,1-2,0.0805227643569695,12.418848359041052,,,,,,,0.0,False,missing_odds,,,,,
54,Group Stage,Group I,2026-06-26,Senegal,Iraq,塞内加尔,伊拉克,6,0-1,0.0805213030265788,12.41907374089458,,,,,,,0.0,False,missing_odds,,,,,
18,Group Stage,Group C,2026-06-24,Morocco,Haiti,摩洛哥,海地,4,2-1,0.0805111708773334,12.420636653311096,,,,,,,0.0,False,missing_odds,,,,,
41,Group Stage,Group G,2026-06-26,New Zealand,Belgium,新西兰,比利时,4,1-3,0.0802964611077269,12.453848976711258,,,,,,,0.0,False,missing_odds,,,,,
66,Group Stage,Group K,2026-06-27,Uzbekistan,DR Congo,乌兹别克斯坦,刚果民主共和国,6,2-1,0.0801079679049856,12.483152751872064,,,,,,,0.0,False,missing_odds,,,,,
33,Group Stage,Group F,2026-06-20,Netherlands,Sweden,荷兰,瑞典,4,1-0,0.0800824899531045,12.487124221357126,,,,,,,0.0,False,missing_odds,,,,,
29,Group Stage,Group E,2026-06-25,Ecuador,Germany,厄瓜多尔,德国,5,1-2,0.0800615218098354,12.490394603980059,,,,,,,0.0,False,missing_odds,,,,,
36,Group Stage,Group F,2026-06-25,Japan,Sweden,日本,瑞典,5,3-0,0.0800213443872861,12.496665829059495,,,,,,,0.0,False,missing_odds,,,,,
48,Group Stage,Group H,2026-06-26,Cape Verde,Saudi Arabia,佛得角,沙特阿拉伯,6,0-2,0.0797283464921534,12.542590483780026,,,,,,,0.0,False,missing_odds,,,,,
45,Group Stage,Group H,2026-06-21,Spain,Saudi Arabia,西班牙,沙特阿拉伯,5,2-1,0.0795908625210668,12.564256352107146,,,,,,,0.0,False,missing_odds,,,,,
65,Group Stage,Group K,2026-06-27,Colombia,Portugal,哥伦比亚,葡萄牙,3,1-0,0.0795521303206382,12.570373615005131,,,,,,,0.0,False,missing_odds,,,,,
24,Group Stage,Group D,2026-06-25,Paraguay,Australia,巴拉圭,澳大利亚,6,2-1,0.0794698006802267,12.583396352330544,,,,,,,0.0,False,missing_odds,,,,,
18,Group Stage,Group C,2026-06-24,Morocco,Haiti,摩洛哥,海地,5,1-0,0.0794496937805722,12.586580922034083,,,,,,,0.0,False,missing_odds,,,,,
11,Group Stage,Group B,2026-06-24,Canada,Switzerland,加拿大,瑞士,5,2-1,0.0793794043293382,12.59772617908655,,,,,,,0.0,False,missing_odds,,,,,
33,Group Stage,Group F,2026-06-20,Netherlands,Sweden,荷兰,瑞典,5,3-0,0.079164545109033,12.631917465359072,,,,,,,0.0,False,missing_odds,,,,,
29,Group Stage,Group E,2026-06-25,Ecuador,Germany,厄瓜多尔,德国,6,2-1,0.0791062806256009,12.641221304953797,,,,,,,0.0,False,missing_odds,,,,,
46,Group Stage,Group H,2026-06-21,Uruguay,Cape Verde,乌拉圭,佛得角,5,1-1,0.0790135064779801,12.656064065182138,,,,,,,0.0,False,missing_odds,,,,,
69,Group Stage,Group L,2026-06-23,England,Ghana,英格兰,加纳,5,4-0,0.0787801377177525,12.69355486001718,,,,,,,0.0,False,missing_odds,,,,,
11,Group Stage,Group B,2026-06-24,Canada,Switzerland,加拿大,瑞士,6,0-0,0.0785956456897625,12.72335116308174,,,,,,,0.0,False,missing_odds,,,,,
65,Group Stage,Group K,2026-06-27,Colombia,Portugal,哥伦比亚,葡萄牙,4,1-2,0.0784793971491045,12.742197778355521,,,,,,,0.0,False,missing_odds,,,,,
21,Group Stage,Group D,2026-06-19,United States,Australia,美国,澳大利亚,4,0-1,0.0784064354460383,12.754055127123213,,,,,,,0.0,False,missing_odds,,,,,
63,Group Stage,Group K,2026-06-23,Portugal,Uzbekistan,葡萄牙,乌兹别克斯坦,5,3-0,0.078380881087242,12.758213305703311,,,,,,,0.0,False,missing_odds,,,,,
64,Group Stage,Group K,2026-06-23,Colombia,DR Congo,哥伦比亚,刚果民主共和国,5,1-1,0.0783284822384763,12.766748077097079,,,,,,,0.0,False,missing_odds,,,,,
6,Group Stage,Group A,2026-06-24,South Korea,South Africa,韩国,南非,5,3-0,0.0782868779944446,12.773532750545527,,,,,,,0.0,False,missing_odds,,,,,
60,Group Stage,Group J,2026-06-27,Algeria,Austria,阿尔及利亚,奥地利,6,1-2,0.0782174411863141,12.784872335800374,,,,,,,0.0,False,missing_odds,,,,,
35,Group Stage,Group F,2026-06-25,Tunisia,Netherlands,突尼斯,荷兰,5,0-3,0.0780835467481299,12.806795306387002,,,,,,,0.0,False,missing_odds,,,,,
18,Group Stage,Group C,2026-06-24,Morocco,Haiti,摩洛哥,海地,6,3-1,0.0777066125542809,12.868917678034975,,,,,,,0.0,False,missing_odds,,,,,
16,Group Stage,Group C,2026-06-19,Brazil,Haiti,巴西,海地,4,3-1,0.0775522954532061,12.89452483844769,,,,,,,0.0,False,missing_odds,,,,,
12,Group Stage,Group B,2026-06-24,Qatar,Bosnia and Herzegovina,卡塔尔,波黑,6,2-1,0.0775500741348423,12.89489418490075,,,,,,,0.0,False,missing_odds,,,,,
59,Group Stage,Group J,2026-06-27,Jordan,Argentina,约旦,阿根廷,4,0-5,0.0775287292911127,12.898444346289994,,,,,,,0.0,False,missing_odds,,,,,
40,Group Stage,Group G,2026-06-21,New Zealand,Egypt,新西兰,埃及,4,1-3,0.0769146443139143,13.001425267191859,,,,,,,0.0,False,missing_odds,,,,,
9,Group Stage,Group B,2026-06-18,Switzerland,Bosnia and Herzegovina,瑞士,波黑,6,3-1,0.0767964979274483,13.021427109146652,,,,,,,0.0,False,missing_odds,,,,,
21,Group Stage,Group D,2026-06-19,United States,Australia,美国,澳大利亚,5,1-0,0.0767700329198892,13.025915998284338,,,,,,,0.0,False,missing_odds,,,,,
33,Group Stage,Group F,2026-06-20,Netherlands,Sweden,荷兰,瑞典,6,3-1,0.07668004086616,13.041203274075384,,,,,,,0.0,False,missing_odds,,,,,
17,Group Stage,Group C,2026-06-24,Scotland,Brazil,苏格兰,巴西,6,1-3,0.076427420337315,13.08430921240657,,,,,,,0.0,False,missing_odds,,,,,
34,Group Stage,Group F,2026-06-21,Tunisia,Japan,突尼斯,日本,6,0-3,0.0758452479286005,13.184741658981508,,,,,,,0.0,False,missing_odds,,,,,
45,Group Stage,Group H,2026-06-21,Spain,Saudi Arabia,西班牙,沙特阿拉伯,6,3-1,0.0757805652461292,13.195995526716914,,,,,,,0.0,False,missing_odds,,,,,
22,Group Stage,Group D,2026-06-19,Paraguay,Turkey,巴拉圭,土耳其,6,1-2,0.0756676697548891,13.215683834843972,,,,,,,0.0,False,missing_odds,,,,,
69,Group Stage,Group L,2026-06-23,England,Ghana,英格兰,加纳,6,3-1,0.0755932118115392,13.228701043859488,,,,,,,0.0,False,missing_odds,,,,,
16,Group Stage,Group C,2026-06-19,Brazil,Haiti,巴西,海地,5,2-1,0.0755670893358809,13.233274019000469,,,,,,,0.0,False,missing_odds,,,,,
23,Group Stage,Group D,2026-06-25,United States,Turkey,美国,土耳其,3,2-1,0.0749578712221965,13.340827103209946,,,,,,,0.0,False,missing_odds,,,,,
53,Group Stage,Group I,2026-06-26,Norway,France,挪威,法国,4,1-3,0.0749442760965811,13.343247170888603,,,,,,,0.0,False,missing_odds,,,,,
28,Group Stage,Group E,2026-06-20,Ecuador,Curaçao,厄瓜多尔,库拉索,4,1-0,0.0748068089911582,13.367767098823787,,,,,,,0.0,False,missing_odds,,,,,
52,Group Stage,Group I,2026-06-22,Norway,Senegal,挪威,塞内加尔,4,1-0,0.0747686254909096,13.374593867872834,,,,,,,0.0,False,missing_odds,,,,,
41,Group Stage,Group G,2026-06-26,New Zealand,Belgium,新西兰,比利时,5,1-1,0.0745281350450224,13.417751556454494,,,,,,,0.0,False,missing_odds,,,,,
72,Group Stage,Group L,2026-06-27,Croatia,Ghana,克罗地亚,加纳,6,3-1,0.0741486960778969,13.486413826474443,,,,,,,0.0,False,missing_odds,,,,,
4,Group Stage,Group A,2026-06-18,Mexico,South Korea,墨西哥,韩国,6,0-1,0.0740709761076189,13.500564628000637,,,,,,,0.0,False,missing_odds,,,,,
30,Group Stage,Group E,2026-06-25,Curaçao,Ivory Coast,库拉索,科特迪瓦,6,1-3,0.0732749827262497,13.647222596229483,,,,,,,0.0,False,missing_odds,,,,,
39,Group Stage,Group G,2026-06-21,Belgium,Iran,比利时,伊朗,4,2-0,0.0731860865574282,13.663799323595649,,,,,,,0.0,False,missing_odds,,,,,
41,Group Stage,Group G,2026-06-26,New Zealand,Belgium,新西兰,比利时,6,0-1,0.0730713085542956,13.685261969230378,,,,,,,0.0,False,missing_odds,,,,,
71,Group Stage,Group L,2026-06-27,Panama,England,巴拿马,英格兰,6,1-3,0.0726530919498788,13.764039122930516,,,,,,,0.0,False,missing_odds,,,,,
52,Group Stage,Group I,2026-06-22,Norway,Senegal,挪威,塞内加尔,5,0-1,0.0722869168214783,13.833761958192612,,,,,,,0.0,False,missing_odds,,,,,
6,Group Stage,Group A,2026-06-24,South Korea,South Africa,韩国,南非,6,0-0,0.0722474624673939,13.841316578437773,,,,,,,0.0,False,missing_odds,,,,,
39,Group Stage,Group G,2026-06-21,Belgium,Iran,比利时,伊朗,5,1-2,0.0721379786469128,13.862323546582985,,,,,,,0.0,False,missing_odds,,,,,
23,Group Stage,Group D,2026-06-25,United States,Turkey,美国,土耳其,4,0-1,0.0717679790993187,13.93379070373591,,,,,,,0.0,False,missing_odds,,,,,
16,Group Stage,Group C,2026-06-19,Brazil,Haiti,巴西,海地,6,1-0,0.0716370099374846,13.959264922875326,,,,,,,0.0,False,missing_odds,,,,,
64,Group Stage,Group K,2026-06-23,Colombia,DR Congo,哥伦比亚,刚果民主共和国,6,3-1,0.0715270844109088,13.98071804877716,,,,,,,0.0,False,missing_odds,,,,,
36,Group Stage,Group F,2026-06-25,Japan,Sweden,日本,瑞典,6,0-0,0.0713265286389041,14.020029000185541,,,,,,,0.0,False,missing_odds,,,,,
57,Group Stage,Group J,2026-06-22,Argentina,Austria,阿根廷,奥地利,6,3-1,0.0712346336181023,14.038115298818324,,,,,,,0.0,False,missing_odds,,,,,
22,Group Stage,Group D,2026-06-19,Paraguay,Turkey,巴拉圭,土耳其,7,2-0,0.0710287885149909,14.078798483081913,,,,,,,0.0,False,missing_odds,,,,,
53,Group Stage,Group I,2026-06-26,Norway,France,挪威,法国,5,0-1,0.0710121313717749,14.082100912654324,,,,,,,0.0,False,missing_odds,,,,,
40,Group Stage,Group G,2026-06-21,New Zealand,Egypt,新西兰,埃及,5,0-3,0.0707887402626431,14.126540411508406,,,,,,,0.0,False,missing_odds,,,,,
46,Group Stage,Group H,2026-06-21,Uruguay,Cape Verde,乌拉圭,佛得角,6,3-1,0.0703313899398256,14.21840235001162,,,,,,,0.0,False,missing_odds,,,,,
28,Group Stage,Group E,2026-06-20,Ecuador,Curaçao,厄瓜多尔,库拉索,5,3-1,0.070223093270761,14.240329689611851,,,,,,,0.0,False,missing_odds,,,,,
28,Group Stage,Group E,2026-06-20,Ecuador,Curaçao,厄瓜多尔,库拉索,6,5-0,0.0699766725587325,14.2904765750427,,,,,,,0.0,False,missing_odds,,,,,
48,Group Stage,Group H,2026-06-26,Cape Verde,Saudi Arabia,佛得角,沙特阿拉伯,7,2-1,0.0699329005729217,14.299421185272616,,,,,,,0.0,False,missing_odds,,,,,
40,Group Stage,Group G,2026-06-21,New Zealand,Egypt,新西兰,埃及,6,0-1,0.0698257811262537,14.321357869121085,,,,,,,0.0,False,missing_odds,,,,,
65,Group Stage,Group K,2026-06-27,Colombia,Portugal,哥伦比亚,葡萄牙,5,0-1,0.0697944173746787,14.327793505771112,,,,,,,0.0,False,missing_odds,,,,,
59,Group Stage,Group J,2026-06-27,Jordan,Argentina,约旦,阿根廷,5,1-3,0.0695953560149939,14.368774832972418,,,,,,,0.0,False,missing_odds,,,,,
27,Group Stage,Group E,2026-06-20,Germany,Ivory Coast,德国,科特迪瓦,5,3-0,0.0684701671841643,14.60490080753416,,,,,,,0.0,False,missing_odds,,,,,
3,Group Stage,Group A,2026-06-18,South Africa,Czech Republic,南非,捷克,5,0-0,0.0684115080283332,14.61742371745177,,,,,,,0.0,False,missing_odds,,,,,
12,Group Stage,Group B,2026-06-24,Qatar,Bosnia and Herzegovina,卡塔尔,波黑,7,0-2,0.0682831219652947,14.644907426878577,,,,,,,0.0,False,missing_odds,,,,,
35,Group Stage,Group F,2026-06-25,Tunisia,Netherlands,突尼斯,荷兰,6,1-3,0.0682479745543011,14.652449490707683,,,,,,,0.0,False,missing_odds,,,,,
60,Group Stage,Group J,2026-06-27,Algeria,Austria,阿尔及利亚,奥地利,7,2-0,0.0672023142973836,14.880439914238686,,,,,,,0.0,False,missing_odds,,,,,
53,Group Stage,Group I,2026-06-26,Norway,France,挪威,法国,6,0-3,0.0671731906557463,14.886891485099577,,,,,,,0.0,False,missing_odds,,,,,
47,Group Stage,Group H,2026-06-26,Uruguay,Spain,乌拉圭,西班牙,6,1-0,0.0671331126036399,14.895778867041253,,,,,,,0.0,False,missing_odds,,,,,
15,Group Stage,Group C,2026-06-19,Scotland,Morocco,苏格兰,摩洛哥,5,0-0,0.0670473005332731,14.914843581267482,,,,,,,0.0,False,missing_odds,,,,,
58,Group Stage,Group J,2026-06-22,Jordan,Algeria,约旦,阿尔及利亚,6,0-3,0.0667434547022469,14.982742569457306,,,,,,,0.0,False,missing_odds,,,,,
10,Group Stage,Group B,2026-06-18,Canada,Qatar,加拿大,卡塔尔,6,3-1,0.066381809095067,15.06436798924651,,,,,,,0.0,False,missing_odds,,,,,
11,Group Stage,Group B,2026-06-24,Canada,Switzerland,加拿大,瑞士,7,0-2,0.0661938141060657,15.107151831402996,,,,,,,0.0,False,missing_odds,,,,,
63,Group Stage,Group K,2026-06-23,Portugal,Uzbekistan,葡萄牙,乌兹别克斯坦,6,3-1,0.0660209959782696,15.146696670997567,,,,,,,0.0,False,missing_odds,,,,,
15,Group Stage,Group C,2026-06-19,Scotland,Morocco,苏格兰,摩洛哥,6,0-3,0.065814190412209,15.194291591779468,,,,,,,0.0,False,missing_odds,,,,,
27,Group Stage,Group E,2026-06-20,Germany,Ivory Coast,德国,科特迪瓦,6,3-1,0.0657874389290973,15.200470124361496,,,,,,,0.0,False,missing_odds,,,,,
51,Group Stage,Group I,2026-06-22,France,Iraq,法国,伊拉克,6,0-0,0.065663419201077,15.229179536596506,,,,,,,0.0,False,missing_odds,,,,,
51,Group Stage,Group I,2026-06-22,France,Iraq,法国,伊拉克,7,3-1,0.0654685172191041,15.2745173172823,,,,,,,0.0,False,missing_odds,,,,,
23,Group Stage,Group D,2026-06-25,United States,Turkey,美国,土耳其,5,0-2,0.0653611691276993,15.299603929150214,,,,,,,0.0,False,missing_odds,,,,,
29,Group Stage,Group E,2026-06-25,Ecuador,Germany,厄瓜多尔,德国,7,0-2,0.0653487917665251,15.30250174437425,,,,,,,0.0,False,missing_odds,,,,,
65,Group Stage,Group K,2026-06-27,Colombia,Portugal,哥伦比亚,葡萄牙,6,2-0,0.0652536430238851,15.324814886334625,,,,,,,0.0,False,missing_odds,,,,,
28,Group Stage,Group E,2026-06-20,Ecuador,Curaçao,厄瓜多尔,库拉索,7,2-1,0.0651320027093102,15.353435460338707,,,,,,,0.0,False,missing_odds,,,,,
24,Group Stage,Group D,2026-06-25,Paraguay,Australia,巴拉圭,澳大利亚,7,0-2,0.0651164545920477,15.357101461757473,,,,,,,0.0,False,missing_odds,,,,,
59,Group Stage,Group J,2026-06-27,Jordan,Argentina,约旦,阿根廷,6,0-1,0.065027822067488,15.378033097312828,,,,,,,0.0,False,missing_odds,,,,,
64,Group Stage,Group K,2026-06-23,Colombia,DR Congo,哥伦比亚,刚果民主共和国,7,4-0,0.0647227090700258,15.450527556225506,,,,,,,0.0,False,missing_odds,,,,,
46,Group Stage,Group H,2026-06-21,Uruguay,Cape Verde,乌拉圭,佛得角,7,4-0,0.0644298314513451,15.520760763671424,,,,,,,0.0,False,missing_odds,,,,,
21,Group Stage,Group D,2026-06-19,United States,Australia,美国,澳大利亚,6,0-0,0.0642682090798284,15.559792536896223,,,,,,,0.0,False,missing_odds,,,,,
69,Group Stage,Group L,2026-06-23,England,Ghana,英格兰,加纳,7,1-1,0.0642180788908734,15.571938888102098,,,,,,,0.0,False,missing_odds,,,,,
39,Group Stage,Group G,2026-06-21,Belgium,Iran,比利时,伊朗,6,0-1,0.0638266128558729,15.667445838902708,,,,,,,0.0,False,missing_odds,,,,,
70,Group Stage,Group L,2026-06-23,Panama,Croatia,巴拿马,克罗地亚,5,1-3,0.0638178100126769,15.669606960836761,,,,,,,0.0,False,missing_odds,,,,,
29,Group Stage,Group E,2026-06-25,Ecuador,Germany,厄瓜多尔,德国,8,2-0,0.0637986973960694,15.674301213265984,,,,,,,0.0,False,missing_odds,,,,,
23,Group Stage,Group D,2026-06-25,United States,Turkey,美国,土耳其,6,2-2,0.0637378040810855,15.689276002163917,,,,,,,0.0,False,missing_odds,,,,,
4,Group Stage,Group A,2026-06-18,Mexico,South Korea,墨西哥,韩国,7,1-2,0.063715608664009,15.694741382339952,,,,,,,0.0,False,missing_odds,,,,,
24,Group Stage,Group D,2026-06-25,Paraguay,Australia,巴拉圭,澳大利亚,8,2-0,0.0634245861653229,15.766756402531254,,,,,,,0.0,False,missing_odds,,,,,
10,Group Stage,Group B,2026-06-18,Canada,Qatar,加拿大,卡塔尔,7,0-0,0.0631673264761512,15.83096920173675,,,,,,,0.0,False,missing_odds,,,,,
36,Group Stage,Group F,2026-06-25,Japan,Sweden,日本,瑞典,7,3-1,0.0622800109362213,16.056516127205946,,,,,,,0.0,False,missing_odds,,,,,
63,Group Stage,Group K,2026-06-23,Portugal,Uzbekistan,葡萄牙,乌兹别克斯坦,7,0-0,0.0621381026688712,16.093185292909844,,,,,,,0.0,False,missing_odds,,,,,
6,Group Stage,Group A,2026-06-24,South Korea,South Africa,韩国,南非,7,3-1,0.0616631693708275,16.2171359371141,,,,,,,0.0,False,missing_odds,,,,,
60,Group Stage,Group J,2026-06-27,Algeria,Austria,阿尔及利亚,奥地利,8,0-2,0.0611867175817606,16.34341634136122,,,,,,,0.0,False,missing_odds,,,,,
52,Group Stage,Group I,2026-06-22,Norway,Senegal,挪威,塞内加尔,6,2-2,0.0611506790298497,16.353048173215974,,,,,,,0.0,False,missing_odds,,,,,
5,Group Stage,Group A,2026-06-24,Mexico,Czech Republic,墨西哥,捷克,5,3-1,0.0611119748101617,16.363405095423623,,,,,,,0.0,False,missing_odds,,,,,
15,Group Stage,Group C,2026-06-19,Scotland,Morocco,苏格兰,摩洛哥,7,1-3,0.0610599443973114,16.37734868366556,,,,,,,0.0,False,missing_odds,,,,,
65,Group Stage,Group K,2026-06-27,Colombia,Portugal,哥伦比亚,葡萄牙,7,0-0,0.0609007078431775,16.42017039563895,,,,,,,0.0,False,missing_odds,,,,,
59,Group Stage,Group J,2026-06-27,Jordan,Argentina,约旦,阿根廷,7,1-2,0.0607552730924023,16.45947666927785,,,,,,,0.0,False,missing_odds,,,,,
3,Group Stage,Group A,2026-06-18,South Africa,Czech Republic,南非,捷克,6,1-0,0.0605350393299852,16.519358227370702,,,,,,,0.0,False,missing_odds,,,,,
65,Group Stage,Group K,2026-06-27,Colombia,Portugal,哥伦比亚,葡萄牙,8,2-2,0.0602195563233897,16.605901156591436,,,,,,,0.0,False,missing_odds,,,,,
21,Group Stage,Group D,2026-06-19,United States,Australia,美国,澳大利亚,7,0-2,0.0601515947078335,16.62466315078045,,,,,,,0.0,False,missing_odds,,,,,
12,Group Stage,Group B,2026-06-24,Qatar,Bosnia and Herzegovina,卡塔尔,波黑,8,2-0,0.0600756980585049,16.645665923451226,,,,,,,0.0,False,missing_odds,,,,,
39,Group Stage,Group G,2026-06-21,Belgium,Iran,比利时,伊朗,7,0-0,0.0598381296625919,16.711752283012196,,,,,,,0.0,False,missing_odds,,,,,
59,Group Stage,Group J,2026-06-27,Jordan,Argentina,约旦,阿根廷,8,1-4,0.0597912740613552,16.724848495013564,,,,,,,0.0,False,missing_odds,,,,,
5,Group Stage,Group A,2026-06-24,Mexico,Czech Republic,墨西哥,捷克,6,0-0,0.0597443402000937,16.737987174196487,,,,,,,0.0,False,missing_odds,,,,,
16,Group Stage,Group C,2026-06-19,Brazil,Haiti,巴西,海地,7,4-1,0.0596922408576112,16.75259607668913,,,,,,,0.0,False,missing_odds,,,,,
52,Group Stage,Group I,2026-06-22,Norway,Senegal,挪威,塞内加尔,7,0-0,0.0596585877307107,16.76204613682509,,,,,,,0.0,False,missing_odds,,,,,
70,Group Stage,Group L,2026-06-23,Panama,Croatia,巴拿马,克罗地亚,6,0-3,0.0596295989678435,16.77019495870282,,,,,,,0.0,False,missing_odds,,,,,
52,Group Stage,Group I,2026-06-22,Norway,Senegal,挪威,塞内加尔,8,2-0,0.0594024663860572,16.834317846349855,,,,,,,0.0,False,missing_odds,,,,,
21,Group Stage,Group D,2026-06-19,United States,Australia,美国,澳大利亚,8,2-2,0.0592964029827779,16.864429370031786,,,,,,,0.0,False,missing_odds,,,,,
58,Group Stage,Group J,2026-06-22,Jordan,Algeria,约旦,阿尔及利亚,7,1-0,0.0592580482438172,16.875344862616814,,,,,,,0.0,False,missing_odds,,,,,
3,Group Stage,Group A,2026-06-18,South Africa,Czech Republic,南非,捷克,7,2-1,0.0592423655545076,16.879812118236938,,,,,,,0.0,False,missing_odds,,,,,
57,Group Stage,Group J,2026-06-22,Argentina,Austria,阿根廷,奥地利,7,4-0,0.0591470919565926,16.90700196611338,,,,,,,0.0,False,missing_odds,,,,,
39,Group Stage,Group G,2026-06-21,Belgium,Iran,比利时,伊朗,8,2-2,0.0591391060048263,16.909285032451972,,,,,,,0.0,False,missing_odds,,,,,
72,Group Stage,Group L,2026-06-27,Croatia,Ghana,克罗地亚,加纳,7,4-0,0.0589968375631212,16.950061076241447,,,,,,,0.0,False,missing_odds,,,,,
11,Group Stage,Group B,2026-06-24,Canada,Switzerland,加拿大,瑞士,8,2-0,0.0588107367754432,17.003697876091845,,,,,,,0.0,False,missing_odds,,,,,
45,Group Stage,Group H,2026-06-21,Spain,Saudi Arabia,西班牙,沙特阿拉伯,7,1-1,0.0583755996157739,17.130445024667225,,,,,,,0.0,False,missing_odds,,,,,
18,Group Stage,Group C,2026-06-24,Morocco,Haiti,摩洛哥,海地,7,1-1,0.0582528369470746,17.16654591275179,,,,,,,0.0,False,missing_odds,,,,,
23,Group Stage,Group D,2026-06-25,United States,Turkey,美国,土耳其,7,1-0,0.0580234102827101,17.234423056618947,,,,,,,0.0,False,missing_odds,,,,,
5,Group Stage,Group A,2026-06-24,Mexico,Czech Republic,墨西哥,捷克,7,3-0,0.0579769835355714,17.248224019562116,,,,,,,0.0,False,missing_odds,,,,,
22,Group Stage,Group D,2026-06-19,Paraguay,Turkey,巴拉圭,土耳其,8,0-2,0.0579542066732421,17.25500282728756,,,,,,,0.0,False,missing_odds,,,,,
21,Group Stage,Group D,2026-06-19,United States,Australia,美国,澳大利亚,9,2-0,0.0578310590477229,17.29174627728653,,,,,,,0.0,False,missing_odds,,,,,
27,Group Stage,Group E,2026-06-20,Germany,Ivory Coast,德国,科特迪瓦,7,0-0,0.0575606989175595,17.372964866744162,,,,,,,0.0,False,missing_odds,,,,,
47,Group Stage,Group H,2026-06-26,Uruguay,Spain,乌拉圭,西班牙,7,0-3,0.0575038803468403,17.390130787146916,,,,,,,0.0,False,missing_odds,,,,,
35,Group Stage,Group F,2026-06-25,Tunisia,Netherlands,突尼斯,荷兰,7,0-0,0.0570363640744966,17.532674395125806,,,,,,,0.0,False,missing_odds,,,,,
28,Group Stage,Group E,2026-06-20,Ecuador,Curaçao,厄瓜多尔,库拉索,8,4-1,0.0567840994831996,17.610563680698405,,,,,,,0.0,False,missing_odds,,,,,
5,Group Stage,Group A,2026-06-24,Mexico,Czech Republic,墨西哥,捷克,8,1-2,0.0562803663372316,17.768185693888455,,,,,,,0.0,False,missing_odds,,,,,
18,Group Stage,Group C,2026-06-24,Morocco,Haiti,摩洛哥,海地,8,4-1,0.056249812003055,17.77783719429478,,,,,,,0.0,False,missing_odds,,,,,
41,Group Stage,Group G,2026-06-26,New Zealand,Belgium,新西兰,比利时,7,0-4,0.0561297770914019,17.815855537277425,,,,,,,0.0,False,missing_odds,,,,,
52,Group Stage,Group I,2026-06-22,Norway,Senegal,挪威,塞内加尔,9,0-2,0.0557847033237531,17.926061095931303,,,,,,,0.0,False,missing_odds,,,,,
3,Group Stage,Group A,2026-06-18,South Africa,Czech Republic,南非,捷克,8,1-3,0.0557831210439503,17.926569565946693,,,,,,,0.0,False,missing_odds,,,,,
34,Group Stage,Group F,2026-06-21,Tunisia,Japan,突尼斯,日本,7,1-0,0.0557744549572163,17.92935494873207,,,,,,,0.0,False,missing_odds,,,,,
17,Group Stage,Group C,2026-06-24,Scotland,Brazil,苏格兰,巴西,7,0-4,0.0556862765539653,17.957745819670755,,,,,,,0.0,False,missing_odds,,,,,
16,Group Stage,Group C,2026-06-19,Brazil,Haiti,巴西,海地,8,5-0,0.0553859589722008,18.05511755248145,,,,,,,0.0,False,missing_odds,,,,,
42,Group Stage,Group G,2026-06-26,Egypt,Iran,埃及,伊朗,7,2-1,0.0553356584728828,18.07152978020582,,,,,,,0.0,False,missing_odds,,,,,
10,Group Stage,Group B,2026-06-18,Canada,Qatar,加拿大,卡塔尔,8,4-0,0.0551550072480118,18.130720126703412,,,,,,,0.0,False,missing_odds,,,,,
70,Group Stage,Group L,2026-06-23,Panama,Croatia,巴拿马,克罗地亚,7,2-1,0.0551167691131611,18.14329860204404,,,,,,,0.0,False,missing_odds,,,,,
58,Group Stage,Group J,2026-06-22,Jordan,Algeria,约旦,阿尔及利亚,8,1-3,0.055073939019537,18.15740834599208,,,,,,,0.0,False,missing_odds,,,,,
70,Group Stage,Group L,2026-06-23,Panama,Croatia,巴拿马,克罗地亚,8,0-0,0.0548066506452107,18.24596081365146,,,,,,,0.0,False,missing_odds,,,,,
66,Group Stage,Group K,2026-06-27,Uzbekistan,DR Congo,乌兹别克斯坦,刚果民主共和国,7,1-2,0.0546769946771852,18.28922759753043,,,,,,,0.0,False,missing_odds,,,,,
34,Group Stage,Group F,2026-06-21,Tunisia,Japan,突尼斯,日本,8,1-3,0.0543727988973998,18.391549088487732,,,,,,,0.0,False,missing_odds,,,,,
45,Group Stage,Group H,2026-06-21,Spain,Saudi Arabia,西班牙,沙特阿拉伯,8,4-1,0.0541145103261962,18.47933195684692,,,,,,,0.0,False,missing_odds,,,,,
53,Group Stage,Group I,2026-06-26,Norway,France,挪威,法国,7,2-2,0.0540989427155269,18.484649603198083,,,,,,,0.0,False,missing_odds,,,,,
11,Group Stage,Group B,2026-06-24,Canada,Switzerland,加拿大,瑞士,9,2-2,0.0535709138940053,18.666846004878444,,,,,,,0.0,False,missing_odds,,,,,
25,Group Stage,Group E,2026-06-14,Germany,Curaçao,德国,库拉索,8,6-0,0.0534353594173762,18.714199939952465,,,,,,,0.0,False,missing_odds,,,,,
3,Group Stage,Group A,2026-06-18,South Africa,Czech Republic,南非,捷克,9,0-3,0.0533402404857619,18.747572018670027,,,,,,,0.0,False,missing_odds,,,,,
54,Group Stage,Group I,2026-06-26,Senegal,Iraq,塞内加尔,伊拉克,7,1-2,0.0532594142735834,18.776023237191303,,,,,,,0.0,False,missing_odds,,,,,
70,Group Stage,Group L,2026-06-23,Panama,Croatia,巴拿马,克罗地亚,9,2-2,0.0531353395338424,18.819866566639526,,,,,,,0.0,False,missing_odds,,,,,
46,Group Stage,Group H,2026-06-21,Uruguay,Cape Verde,乌拉圭,佛得角,8,0-0,0.0529903448582554,18.871362371294502,,,,,,,0.0,False,missing_odds,,,,,
57,Group Stage,Group J,2026-06-22,Argentina,Austria,阿根廷,奥地利,8,0-0,0.0528007235211181,18.939134415460074,,,,,,,0.0,False,missing_odds,,,,,
5,Group Stage,Group A,2026-06-24,Mexico,Czech Republic,墨西哥,捷克,9,0-1,0.0525559059292562,19.02735729350889,,,,,,,0.0,False,missing_odds,,,,,
15,Group Stage,Group C,2026-06-19,Scotland,Morocco,苏格兰,摩洛哥,8,1-0,0.052442281800514,19.068582938551668,,,,,,,0.0,False,missing_odds,,,,,
9,Group Stage,Group B,2026-06-18,Switzerland,Bosnia and Herzegovina,瑞士,波黑,7,4-0,0.0523966693035967,19.08518257536183,,,,,,,0.0,False,missing_odds,,,,,
41,Group Stage,Group G,2026-06-26,New Zealand,Belgium,新西兰,比利时,8,1-4,0.0522368680824012,19.143567306189702,,,,,,,0.0,False,missing_odds,,,,,
40,Group Stage,Group G,2026-06-21,New Zealand,Egypt,新西兰,埃及,7,2-2,0.0521917637844302,19.16011124150434,,,,,,,0.0,False,missing_odds,,,,,
5,Group Stage,Group A,2026-06-24,Mexico,Czech Republic,墨西哥,捷克,10,2-2,0.0521443909947929,19.177518059418112,,,,,,,0.0,False,missing_odds,,,,,
47,Group Stage,Group H,2026-06-26,Uruguay,Spain,乌拉圭,西班牙,8,2-1,0.0520764147389543,19.202550809473795,,,,,,,0.0,False,missing_odds,,,,,
23,Group Stage,Group D,2026-06-25,United States,Turkey,美国,土耳其,8,1-3,0.0517442439662201,19.325821064326,,,,,,,0.0,False,missing_odds,,,,,
51,Group Stage,Group I,2026-06-22,France,Iraq,法国,伊拉克,8,4-0,0.0515929548691672,19.382491321457856,,,,,,,0.0,False,missing_odds,,,,,
16,Group Stage,Group C,2026-06-19,Brazil,Haiti,巴西,海地,9,1-1,0.0514201696012496,19.447621580301014,,,,,,,0.0,False,missing_odds,,,,,
69,Group Stage,Group L,2026-06-23,England,Ghana,英格兰,加纳,8,4-1,0.0514029675636474,19.454129739918134,,,,,,,0.0,False,missing_odds,,,,,
65,Group Stage,Group K,2026-06-27,Colombia,Portugal,哥伦比亚,葡萄牙,9,0-2,0.0511380036064352,19.554928418718326,,,,,,,0.0,False,missing_odds,,,,,
47,Group Stage,Group H,2026-06-26,Uruguay,Spain,乌拉圭,西班牙,9,1-3,0.0510143237369031,19.60233767200981,,,,,,,0.0,False,missing_odds,,,,,
3,Group Stage,Group A,2026-06-18,South Africa,Czech Republic,南非,捷克,10,2-2,0.0509122337633388,19.641644573059104,,,,,,,0.0,False,missing_odds,,,,,
39,Group Stage,Group G,2026-06-21,Belgium,Iran,比利时,伊朗,9,3-1,0.0508494388892735,19.665900388351115,,,,,,,0.0,False,missing_odds,,,,,
48,Group Stage,Group H,2026-06-26,Cape Verde,Saudi Arabia,佛得角,沙特阿拉伯,8,2-0,0.0507192916599293,19.716363680805276,,,,,,,0.0,False,missing_odds,,,,,
64,Group Stage,Group K,2026-06-23,Colombia,DR Congo,哥伦比亚,刚果民主共和国,8,0-0,0.0507099277360743,19.720004437880803,,,,,,,0.0,False,missing_odds,,,,,
23,Group Stage,Group D,2026-06-25,United States,Turkey,美国,土耳其,9,0-0,0.0502981594775648,19.881443185730166,,,,,,,0.0,False,missing_odds,,,,,
12,Group Stage,Group B,2026-06-24,Qatar,Bosnia and Herzegovina,卡塔尔,波黑,9,2-2,0.050053633937493,19.978569413137922,,,,,,,0.0,False,missing_odds,,,,,
60,Group Stage,Group J,2026-06-27,Algeria,Austria,阿尔及利亚,奥地利,9,2-2,0.0499942499575941,20.002300281496684,,,,,,,0.0,False,missing_odds,,,,,
54,Group Stage,Group I,2026-06-26,Senegal,Iraq,塞内加尔,伊拉克,8,3-0,0.0498871895558823,20.045226217440586,,,,,,,0.0,False,missing_odds,,,,,
24,Group Stage,Group D,2026-06-25,Paraguay,Australia,巴拉圭,澳大利亚,9,2-2,0.0497870747133696,20.0855343632283,,,,,,,0.0,False,missing_odds,,,,,
15,Group Stage,Group C,2026-06-19,Scotland,Morocco,苏格兰,摩洛哥,9,2-1,0.0494521281881695,20.22157663659926,,,,,,,0.0,False,missing_odds,,,,,
22,Group Stage,Group D,2026-06-19,Paraguay,Turkey,巴拉圭,土耳其,9,2-2,0.0493975897074829,20.243902707028578,,,,,,,0.0,False,missing_odds,,,,,
29,Group Stage,Group E,2026-06-25,Ecuador,Germany,厄瓜多尔,德国,9,2-2,0.049043349549656,20.390124434455846,,,,,,,0.0,False,missing_odds,,,,,
45,Group Stage,Group H,2026-06-21,Spain,Saudi Arabia,西班牙,沙特阿拉伯,9,5-0,0.0487424709206949,20.515989056587276,,,,,,,0.0,False,missing_odds,,,,,
4,Group Stage,Group A,2026-06-18,Mexico,South Korea,墨西哥,韩国,8,2-2,0.0486361994941621,20.56081705397298,,,,,,,0.0,False,missing_odds,,,,,
70,Group Stage,Group L,2026-06-23,Panama,Croatia,巴拿马,克罗地亚,10,1-0,0.0485275579098841,20.606847800934155,,,,,,,0.0,False,missing_odds,,,,,
71,Group Stage,Group L,2026-06-27,Panama,England,巴拿马,英格兰,7,0-0,0.048409251470693,20.657208480188974,,,,,,,0.0,False,missing_odds,,,,,
6,Group Stage,Group A,2026-06-24,South Korea,South Africa,韩国,南非,8,0-1,0.048293061793192,20.706908256973936,,,,,,,0.0,False,missing_odds,,,,,
27,Group Stage,Group E,2026-06-20,Germany,Ivory Coast,德国,科特迪瓦,8,1-2,0.0482857815691678,20.710030313323866,,,,,,,0.0,False,missing_odds,,,,,
48,Group Stage,Group H,2026-06-26,Cape Verde,Saudi Arabia,佛得角,沙特阿拉伯,9,2-2,0.048212528433298,20.741496712488317,,,,,,,0.0,False,missing_odds,,,,,
18,Group Stage,Group C,2026-06-24,Morocco,Haiti,摩洛哥,海地,9,5-0,0.0480848069827289,20.79658966623657,,,,,,,0.0,False,missing_odds,,,,,
27,Group Stage,Group E,2026-06-20,Germany,Ivory Coast,德国,科特迪瓦,9,2-2,0.0478445583654288,20.901018510029203,,,,,,,0.0,False,missing_odds,,,,,
4,Group Stage,Group A,2026-06-18,Mexico,South Korea,墨西哥,韩国,9,3-1,0.0473611284236478,21.114361783252864,,,,,,,0.0,False,missing_odds,,,,,
30,Group Stage,Group E,2026-06-25,Curaçao,Ivory Coast,库拉索,科特迪瓦,7,0-0,0.0473297085582757,21.128378569429156,,,,,,,0.0,False,missing_odds,,,,,
33,Group Stage,Group F,2026-06-20,Netherlands,Sweden,荷兰,瑞典,7,4-0,0.0470776754911044,21.241490569961464,,,,,,,0.0,False,missing_odds,,,,,
36,Group Stage,Group F,2026-06-25,Japan,Sweden,日本,瑞典,8,0-1,0.0470571704272406,21.250746505172714,,,,,,,0.0,False,missing_odds,,,,,
72,Group Stage,Group L,2026-06-27,Croatia,Ghana,克罗地亚,加纳,8,0-0,0.0470339837637249,21.26122263050261,,,,,,,0.0,False,missing_odds,,,,,
33,Group Stage,Group F,2026-06-20,Netherlands,Sweden,荷兰,瑞典,8,2-2,0.0468361219455307,21.351041855322187,,,,,,,0.0,False,missing_odds,,,,,
53,Group Stage,Group I,2026-06-26,Norway,France,挪威,法国,8,2-1,0.0466697345814484,21.427162784797755,,,,,,,0.0,False,missing_odds,,,,,
17,Group Stage,Group C,2026-06-24,Scotland,Brazil,苏格兰,巴西,8,1-4,0.0463464764989009,21.5766132733675,,,,,,,0.0,False,missing_odds,,,,,
9,Group Stage,Group B,2026-06-18,Switzerland,Bosnia and Herzegovina,瑞士,波黑,8,4-1,0.0462872019862523,21.6042438749486,,,,,,,0.0,False,missing_odds,,,,,
40,Group Stage,Group G,2026-06-21,New Zealand,Egypt,新西兰,埃及,8,1-4,0.0461840716434781,21.652486764692075,,,,,,,0.0,False,missing_odds,,,,,
42,Group Stage,Group G,2026-06-26,Egypt,Iran,埃及,伊朗,8,0-3,0.0460069692902926,21.735837318260355,,,,,,,0.0,False,missing_odds,,,,,
27,Group Stage,Group E,2026-06-20,Germany,Ivory Coast,德国,科特迪瓦,10,0-1,0.0459440576990807,21.765600386228165,,,,,,,0.0,False,missing_odds,,,,,
58,Group Stage,Group J,2026-06-22,Jordan,Algeria,约旦,阿尔及利亚,9,2-1,0.0458952716364345,21.788736929626065,,,,,,,0.0,False,missing_odds,,,,,
15,Group Stage,Group C,2026-06-19,Scotland,Morocco,苏格兰,摩洛哥,10,2-2,0.0458373770088304,21.816257064782604,,,,,,,0.0,False,missing_odds,,,,,
30,Group Stage,Group E,2026-06-25,Curaçao,Ivory Coast,库拉索,科特迪瓦,8,0-4,0.0458178404220616,21.825559449949395,,,,,,,0.0,False,missing_odds,,,,,
33,Group Stage,Group F,2026-06-20,Netherlands,Sweden,荷兰,瑞典,9,4-1,0.0456001872501102,21.929734509973606,,,,,,,0.0,False,missing_odds,,,,,
65,Group Stage,Group K,2026-06-27,Colombia,Portugal,哥伦比亚,葡萄牙,10,3-1,0.0453499475450257,22.050742153718037,,,,,,,0.0,False,missing_odds,,,,,
4,Group Stage,Group A,2026-06-18,Mexico,South Korea,墨西哥,韩国,10,3-0,0.0453139498721132,22.06825939522463,,,,,,,0.0,False,missing_odds,,,,,
71,Group Stage,Group L,2026-06-27,Panama,England,巴拿马,英格兰,8,0-4,0.0448608427545776,22.291155016207536,,,,,,,0.0,False,missing_odds,,,,,
66,Group Stage,Group K,2026-06-27,Uzbekistan,DR Congo,乌兹别克斯坦,刚果民主共和国,8,0-2,0.0444940823421039,22.47489884859855,,,,,,,0.0,False,missing_odds,,,,,
59,Group Stage,Group J,2026-06-27,Jordan,Argentina,约旦,阿根廷,9,0-6,0.0444047013680514,22.520137940157095,,,,,,,0.0,False,missing_odds,,,,,
72,Group Stage,Group L,2026-06-27,Croatia,Ghana,克罗地亚,加纳,9,4-1,0.0443189047907807,22.5637344767604,,,,,,,0.0,False,missing_odds,,,,,
71,Group Stage,Group L,2026-06-27,Panama,England,巴拿马,英格兰,9,2-2,0.0441237121766309,22.663550972250853,,,,,,,0.0,False,missing_odds,,,,,
23,Group Stage,Group D,2026-06-25,United States,Turkey,美国,土耳其,10,2-0,0.0440765299273212,22.68781144180186,,,,,,,0.0,False,missing_odds,,,,,
39,Group Stage,Group G,2026-06-21,Belgium,Iran,比利时,伊朗,10,0-2,0.0439970124238753,22.728816001546114,,,,,,,0.0,False,missing_odds,,,,,
30,Group Stage,Group E,2026-06-25,Curaçao,Ivory Coast,库拉索,科特迪瓦,9,2-2,0.043944861685473,22.75578899661376,,,,,,,0.0,False,missing_odds,,,,,
63,Group Stage,Group K,2026-06-23,Portugal,Uzbekistan,葡萄牙,乌兹别克斯坦,8,0-1,0.0437998672802064,22.83111940962228,,,,,,,0.0,False,missing_odds,,,,,
40,Group Stage,Group G,2026-06-21,New Zealand,Egypt,新西兰,埃及,9,2-1,0.0434599073310826,23.00971312207098,,,,,,,0.0,False,missing_odds,,,,,
53,Group Stage,Group I,2026-06-26,Norway,France,挪威,法国,9,1-4,0.04343720974382,23.02173656866333,,,,,,,0.0,False,missing_odds,,,,,
35,Group Stage,Group F,2026-06-25,Tunisia,Netherlands,突尼斯,荷兰,8,2-2,0.0431420573245936,23.179237663057368,,,,,,,0.0,False,missing_odds,,,,,
41,Group Stage,Group G,2026-06-26,New Zealand,Belgium,新西兰,比利时,9,2-2,0.0430755429684331,23.215029482804816,,,,,,,0.0,False,missing_odds,,,,,
69,Group Stage,Group L,2026-06-23,England,Ghana,英格兰,加纳,9,5-0,0.0428560476976283,23.333929602083703,,,,,,,0.0,False,missing_odds,,,,,
64,Group Stage,Group K,2026-06-23,Colombia,DR Congo,哥伦比亚,刚果民主共和国,9,4-1,0.0428389263728281,23.343255414409278,,,,,,,0.0,False,missing_odds,,,,,
54,Group Stage,Group I,2026-06-26,Senegal,Iraq,塞内加尔,伊拉克,9,3-1,0.0427771457760915,23.376968749488384,,,,,,,0.0,False,missing_odds,,,,,
43,Group Stage,Group H,2026-06-15,Spain,Cape Verde,西班牙,佛得角,10,6-0,0.0426279251171395,23.45880070991135,,,,,,,0.0,False,missing_odds,,,,,
40,Group Stage,Group G,2026-06-21,New Zealand,Egypt,新西兰,埃及,10,0-4,0.0425057189174316,23.526246008037752,,,,,,,0.0,False,missing_odds,,,,,
17,Group Stage,Group C,2026-06-24,Scotland,Brazil,苏格兰,巴西,9,0-0,0.0423075391683808,23.6364491921895,,,,,,,0.0,False,missing_odds,,,,,
9,Group Stage,Group B,2026-06-18,Switzerland,Bosnia and Herzegovina,瑞士,波黑,9,2-2,0.042209520464088,23.69133761779652,,,,,,,0.0,False,missing_odds,,,,,
28,Group Stage,Group E,2026-06-20,Ecuador,Curaçao,厄瓜多尔,库拉索,9,1-1,0.0421863237515133,23.70436461565647,,,,,,,0.0,False,missing_odds,,,,,
52,Group Stage,Group I,2026-06-22,Norway,Senegal,挪威,塞内加尔,10,3-1,0.0420682745494546,23.77088223155957,,,,,,,0.0,False,missing_odds,,,,,
47,Group Stage,Group H,2026-06-26,Uruguay,Spain,乌拉圭,西班牙,10,2-2,0.0420430997566695,23.785115887925585,,,,,,,0.0,False,missing_odds,,,,,
53,Group Stage,Group I,2026-06-26,Norway,France,挪威,法国,10,2-3,0.0418071887371342,23.919331344845357,,,,,,,0.0,False,missing_odds,,,,,
35,Group Stage,Group F,2026-06-25,Tunisia,Netherlands,突尼斯,荷兰,9,2-1,0.0416025965823325,24.036961203154156,,,,,,,0.0,False,missing_odds,,,,,
46,Group Stage,Group H,2026-06-21,Uruguay,Cape Verde,乌拉圭,佛得角,9,4-1,0.0415877842702605,24.045522442394265,,,,,,,0.0,False,missing_odds,,,,,
63,Group Stage,Group K,2026-06-23,Portugal,Uzbekistan,葡萄牙,乌兹别克斯坦,9,2-2,0.0414019802499126,24.15343406193985,,,,,,,0.0,False,missing_odds,,,,,
35,Group Stage,Group F,2026-06-25,Tunisia,Netherlands,突尼斯,荷兰,10,1-0,0.0413778681994507,24.167508948981457,,,,,,,0.0,False,missing_odds,,,,,
57,Group Stage,Group J,2026-06-22,Argentina,Austria,阿根廷,奥地利,9,4-1,0.0413101612589505,24.20711925406329,,,,,,,0.0,False,missing_odds,,,,,
30,Group Stage,Group E,2026-06-25,Curaçao,Ivory Coast,库拉索,科特迪瓦,10,1-4,0.0411489822964943,24.301937598228164,,,,,,,0.0,False,missing_odds,,,,,
63,Group Stage,Group K,2026-06-23,Portugal,Uzbekistan,葡萄牙,乌兹别克斯坦,10,1-2,0.0410985937409412,24.331732766900725,,,,,,,0.0,False,missing_odds,,,,,
59,Group Stage,Group J,2026-06-27,Jordan,Argentina,约旦,阿根廷,10,1-5,0.0410946552595823,24.33406470216887,,,,,,,0.0,False,missing_odds,,,,,
9,Group Stage,Group B,2026-06-18,Switzerland,Bosnia and Herzegovina,瑞士,波黑,10,0-0,0.0409873000513707,24.39780123957099,,,,,,,0.0,False,missing_odds,,,,,
71,Group Stage,Group L,2026-06-27,Panama,England,巴拿马,英格兰,10,1-4,0.0403483400729549,24.78416703616242,,,,,,,0.0,False,missing_odds,,,,,
21,Group Stage,Group D,2026-06-19,United States,Australia,美国,澳大利亚,10,1-3,0.0403162463381654,24.803896464273496,,,,,,,0.0,False,missing_odds,,,,,
48,Group Stage,Group H,2026-06-26,Cape Verde,Saudi Arabia,佛得角,沙特阿拉伯,10,1-3,0.040298458868151,24.814844738152704,,,,,,,0.0,False,missing_odds,,,,,
42,Group Stage,Group G,2026-06-26,Egypt,Iran,埃及,伊朗,9,1-3,0.040213568561612,24.86722854421339,,,,,,,0.0,False,missing_odds,,,,,
42,Group Stage,Group G,2026-06-26,Egypt,Iran,埃及,伊朗,10,2-0,0.0400853974787679,24.94674028191118,,,,,,,0.0,False,missing_odds,,,,,
6,Group Stage,Group A,2026-06-24,South Korea,South Africa,韩国,南非,9,1-2,0.0399475194493931,25.03284343516835,,,,,,,0.0,False,missing_odds,,,,,
58,Group Stage,Group J,2026-06-22,Jordan,Algeria,约旦,阿尔及利亚,10,2-2,0.0395509028830947,25.28387286014225,,,,,,,0.0,False,missing_odds,,,,,
33,Group Stage,Group F,2026-06-20,Netherlands,Sweden,荷兰,瑞典,10,1-2,0.0393791776018098,25.394131134776206,,,,,,,0.0,False,missing_odds,,,,,
17,Group Stage,Group C,2026-06-24,Scotland,Brazil,苏格兰,巴西,10,2-2,0.0393352115248449,25.422514872416034,,,,,,,0.0,False,missing_odds,,,,,
66,Group Stage,Group K,2026-06-27,Uzbekistan,DR Congo,乌兹别克斯坦,刚果民主共和国,9,3-0,0.0391224045856584,25.560801044590768,,,,,,,0.0,False,missing_odds,,,,,
36,Group Stage,Group F,2026-06-25,Japan,Sweden,日本,瑞典,9,1-2,0.0389553566113368,25.670410618420053,,,,,,,0.0,False,missing_odds,,,,,
36,Group Stage,Group F,2026-06-25,Japan,Sweden,日本,瑞典,10,4-0,0.0386517040625928,25.87208052665916,,,,,,,0.0,False,missing_odds,,,,,
54,Group Stage,Group I,2026-06-26,Senegal,Iraq,塞内加尔,伊拉克,10,2-2,0.0382777242315889,26.12485512330288,,,,,,,0.0,False,missing_odds,,,,,
34,Group Stage,Group F,2026-06-21,Tunisia,Japan,突尼斯,日本,9,2-1,0.0381671890614413,26.20051475077733,,,,,,,0.0,False,missing_odds,,,,,
6,Group Stage,Group A,2026-06-24,South Korea,South Africa,韩国,南非,10,2-2,0.0381466931508375,26.214592076064275,,,,,,,0.0,False,missing_odds,,,,,
11,Group Stage,Group B,2026-06-24,Canada,Switzerland,加拿大,瑞士,10,1-3,0.0378894402257954,26.39257782750754,,,,,,,0.0,False,missing_odds,,,,,
28,Group Stage,Group E,2026-06-20,Ecuador,Curaçao,厄瓜多尔,库拉索,10,6-0,0.0377232251386533,26.50886811306451,,,,,,,0.0,False,missing_odds,,,,,
69,Group Stage,Group L,2026-06-23,England,Ghana,英格兰,加纳,10,0-0,0.0374555447069049,26.698316840007156,,,,,,,0.0,False,missing_odds,,,,,
41,Group Stage,Group G,2026-06-26,New Zealand,Belgium,新西兰,比利时,10,2-3,0.0373637297680494,26.763923361182304,,,,,,,0.0,False,missing_odds,,,,,
51,Group Stage,Group I,2026-06-22,France,Iraq,法国,伊拉克,9,0-1,0.0371715259808985,26.9023122837054,,,,,,,0.0,False,missing_odds,,,,,
16,Group Stage,Group C,2026-06-19,Brazil,Haiti,巴西,海地,10,5-1,0.0367562414268244,27.20626378490942,,,,,,,0.0,False,missing_odds,,,,,
22,Group Stage,Group D,2026-06-19,Paraguay,Turkey,巴拉圭,土耳其,10,3-1,0.0364576961092389,27.429050837542796,,,,,,,0.0,False,missing_odds,,,,,
10,Group Stage,Group B,2026-06-18,Canada,Qatar,加拿大,卡塔尔,9,4-1,0.0360925257012053,27.70656751147247,,,,,,,0.0,False,missing_odds,,,,,
12,Group Stage,Group B,2026-06-24,Qatar,Bosnia and Herzegovina,卡塔尔,波黑,10,1-3,0.0355755502231396,28.109192794706644,,,,,,,0.0,False,missing_odds,,,,,
72,Group Stage,Group L,2026-06-27,Croatia,Ghana,克罗地亚,加纳,10,2-2,0.034946973582503,28.614781123727198,,,,,,,0.0,False,missing_odds,,,,,
60,Group Stage,Group J,2026-06-27,Algeria,Austria,阿尔及利亚,奥地利,10,3-1,0.0349294972732407,28.62909798493134,,,,,,,0.0,False,missing_odds,,,,,
10,Group Stage,Group B,2026-06-18,Canada,Qatar,加拿大,卡塔尔,10,0-1,0.0347184626029759,28.803118716273023,,,,,,,0.0,False,missing_odds,,,,,
51,Group Stage,Group I,2026-06-22,France,Iraq,法国,伊拉克,10,4-1,0.034669324160676,28.84394271331828,,,,,,,0.0,False,missing_odds,,,,,
24,Group Stage,Group D,2026-06-25,Paraguay,Australia,巴拉圭,澳大利亚,10,1-3,0.0336311642984905,29.734325910473576,,,,,,,0.0,False,missing_odds,,,,,
66,Group Stage,Group K,2026-06-27,Uzbekistan,DR Congo,乌兹别克斯坦,刚果民主共和国,10,2-2,0.0335951837813268,29.766171440199997,,,,,,,0.0,False,missing_odds,,,,,
45,Group Stage,Group H,2026-06-21,Spain,Saudi Arabia,西班牙,沙特阿拉伯,10,0-0,0.0334087352303548,29.93229145326673,,,,,,,0.0,False,missing_odds,,,,,
34,Group Stage,Group F,2026-06-21,Tunisia,Japan,突尼斯,日本,10,2-2,0.033403595923575,29.936896682857956,,,,,,,0.0,False,missing_odds,,,,,
29,Group Stage,Group E,2026-06-25,Ecuador,Germany,厄瓜多尔,德国,10,1-3,0.0330903789058223,30.22026441117749,,,,,,,0.0,False,missing_odds,,,,,
18,Group Stage,Group C,2026-06-24,Morocco,Haiti,摩洛哥,海地,10,5-1,0.0325742301343411,30.699113866263215,,,,,,,0.0,False,missing_odds,,,,,
57,Group Stage,Group J,2026-06-22,Argentina,Austria,阿根廷,奥地利,10,2-2,0.032172163027237,31.082771747532128,,,,,,,0.0,False,missing_odds,,,,,
64,Group Stage,Group K,2026-06-23,Colombia,DR Congo,哥伦比亚,刚果民主共和国,10,5-0,0.0310109256244527,32.24669950552786,,,,,,,0.0,False,missing_odds,,,,,
46,Group Stage,Group H,2026-06-21,Uruguay,Cape Verde,乌拉圭,佛得角,10,5-0,0.0304784982439314,32.81001550655833,,,,,,,0.0,False,missing_odds,,,,,
