match_no,stage,group_name,date_et,home_team,away_team,home_team_zh,away_team_zh,raw_home_expected_goals,raw_away_expected_goals,home_expected_goals,away_expected_goals,home_lineup_goal_factor,away_lineup_goal_factor,home_lineup_log_adjustment,away_lineup_log_adjustment,home_lineup_status,away_lineup_status,home_formation,away_formation,group_match_round,group_opener_mismatch_adjustment_applied,group_opener_favorite_team,group_opener_favorite_elo_edge,home_group_opener_log_adjustment,away_group_opener_log_adjustment,has_market_outcome_constraint,market_home_win_probability,market_draw_probability,market_away_win_probability,has_market_total_goals_constraint,dixon_coles_rho,score_home_win_probability,score_draw_probability,score_away_win_probability,over_2_5_probability,under_2_5_probability,both_teams_score_probability,clean_sheet_home_probability,clean_sheet_away_probability,scoreline_rank,scoreline,scoreline_probability
1,Group Stage,Group A,2026-06-11,Mexico,South Africa,墨西哥,南非,2.6349768229785995,0.6941425147844588,2.8658769271881095,0.6810783099618328,1.0397704836501578,0.981179362242806,0.03900000000000001,-0.019,predicted,predicted,4-3-3,4-2-3-1,1,True,Mexico,204.59070923964168,0.045,0.0,True,0.702668561503237,0.1989578398863098,0.09837359861045318,True,-0.0475,0.7630067094336196,0.16324067378348758,0.07375261678289298,0.6045403122620431,0.3954596877379569,0.43573000904841885,0.527392412437078,0.08848280540862646,1,2-0,0.131093752244108
1,Group Stage,Group A,2026-06-11,Mexico,South Africa,墨西哥,南非,2.6349768229785995,0.6941425147844588,2.8658769271881095,0.6810783099618328,1.0397704836501578,0.981179362242806,0.03900000000000001,-0.019,predicted,predicted,4-3-3,4-2-3-1,1,True,Mexico,204.59070923964168,0.045,0.0,True,0.702668561503237,0.1989578398863098,0.09837359861045318,True,-0.0475,0.7630067094336196,0.16324067378348758,0.07375261678289298,0.6045403122620431,0.3954596877379569,0.43573000904841885,0.527392412437078,0.08848280540862646,2,3-0,0.11409652005499885
1,Group Stage,Group A,2026-06-11,Mexico,South Africa,墨西哥,南非,2.6349768229785995,0.6941425147844588,2.8658769271881095,0.6810783099618328,1.0397704836501578,0.981179362242806,0.03900000000000001,-0.019,predicted,predicted,4-3-3,4-2-3-1,1,True,Mexico,204.59070923964168,0.045,0.0,True,0.702668561503237,0.1989578398863098,0.09837359861045318,True,-0.0475,0.7630067094336196,0.16324067378348758,0.07375261678289298,0.6045403122620431,0.3954596877379569,0.43573000904841885,0.527392412437078,0.08848280540862646,3,1-0,0.10059558870783004
1,Group Stage,Group A,2026-06-11,Mexico,South Africa,墨西哥,南非,2.6349768229785995,0.6941425147844588,2.8658769271881095,0.6810783099618328,1.0397704836501578,0.981179362242806,0.03900000000000001,-0.019,predicted,predicted,4-3-3,4-2-3-1,1,True,Mexico,204.59070923964168,0.045,0.0,True,0.702668561503237,0.1989578398863098,0.09837359861045318,True,-0.0475,0.7630067094336196,0.16324067378348758,0.07375261678289298,0.6045403122620431,0.3954596877379569,0.43573000904841885,0.527392412437078,0.08848280540862646,4,2-1,0.08134543146048125
1,Group Stage,Group A,2026-06-11,Mexico,South Africa,墨西哥,南非,2.6349768229785995,0.6941425147844588,2.8658769271881095,0.6810783099618328,1.0397704836501578,0.981179362242806,0.03900000000000001,-0.019,predicted,predicted,4-3-3,4-2-3-1,1,True,Mexico,204.59070923964168,0.045,0.0,True,0.702668561503237,0.1989578398863098,0.09837359861045318,True,-0.0475,0.7630067094336196,0.16324067378348758,0.07375261678289298,0.6045403122620431,0.3954596877379569,0.43573000904841885,0.527392412437078,0.08848280540862646,5,1-1,0.0774427657105557
1,Group Stage,Group A,2026-06-11,Mexico,South Africa,墨西哥,南非,2.6349768229785995,0.6941425147844588,2.8658769271881095,0.6810783099618328,1.0397704836501578,0.981179362242806,0.03900000000000001,-0.019,predicted,predicted,4-3-3,4-2-3-1,1,True,Mexico,204.59070923964168,0.045,0.0,True,0.702668561503237,0.1989578398863098,0.09837359861045318,True,-0.0475,0.7630067094336196,0.16324067378348758,0.07375261678289298,0.6045403122620431,0.3954596877379569,0.43573000904841885,0.527392412437078,0.08848280540862646,6,4-0,0.06961528187668019
1,Group Stage,Group A,2026-06-11,Mexico,South Africa,墨西哥,南非,2.6349768229785995,0.6941425147844588,2.8658769271881095,0.6810783099618328,1.0397704836501578,0.981179362242806,0.03900000000000001,-0.019,predicted,predicted,4-3-3,4-2-3-1,1,True,Mexico,204.59070923964168,0.045,0.0,True,0.702668561503237,0.1989578398863098,0.09837359861045318,True,-0.0475,0.7630067094336196,0.16324067378348758,0.07375261678289298,0.6045403122620431,0.3954596877379569,0.43573000904841885,0.527392412437078,0.08848280540862646,7,3-1,0.06617654523581548
1,Group Stage,Group A,2026-06-11,Mexico,South Africa,墨西哥,南非,2.6349768229785995,0.6941425147844588,2.8658769271881095,0.6810783099618328,1.0397704836501578,0.981179362242806,0.03900000000000001,-0.019,predicted,predicted,4-3-3,4-2-3-1,1,True,Mexico,204.59070923964168,0.045,0.0,True,0.702668561503237,0.1989578398863098,0.09837359861045318,True,-0.0475,0.7630067094336196,0.16324067378348758,0.07375261678289298,0.6045403122620431,0.3954596877379569,0.43573000904841885,0.527392412437078,0.08848280540862646,8,0-0,0.051605226894123155
1,Group Stage,Group A,2026-06-11,Mexico,South Africa,墨西哥,南非,2.6349768229785995,0.6941425147844588,2.8658769271881095,0.6810783099618328,1.0397704836501578,0.981179362242806,0.03900000000000001,-0.019,predicted,predicted,4-3-3,4-2-3-1,1,True,Mexico,204.59070923964168,0.045,0.0,True,0.702668561503237,0.1989578398863098,0.09837359861045318,True,-0.0475,0.7630067094336196,0.16324067378348758,0.07375261678289298,0.6045403122620431,0.3954596877379569,0.43573000904841885,0.527392412437078,0.08848280540862646,9,4-1,0.04301749272253964
1,Group Stage,Group A,2026-06-11,Mexico,South Africa,墨西哥,南非,2.6349768229785995,0.6941425147844588,2.8658769271881095,0.6810783099618328,1.0397704836501578,0.981179362242806,0.03900000000000001,-0.019,predicted,predicted,4-3-3,4-2-3-1,1,True,Mexico,204.59070923964168,0.045,0.0,True,0.702668561503237,0.1989578398863098,0.09837359861045318,True,-0.0475,0.7630067094336196,0.16324067378348758,0.07375261678289298,0.6045403122620431,0.3954596877379569,0.43573000904841885,0.527392412437078,0.08848280540862646,10,5-0,0.03620225106446789
2,Group Stage,Group A,2026-06-11,South Korea,Czech Republic,韩国,捷克,1.6349069241015841,1.1397791033474025,1.7906628804509195,1.1970192096836638,1.0952690052584655,1.050220350740028,0.09100000000000001,0.048999999999999995,predicted,predicted,4-2-3-1,3-4-3,1,False,,71.47306719429548,0.0,0.0,True,0.3557567917205692,0.3221216041397154,0.3221216041397154,True,-0.0475,0.46083403304481874,0.2719022013686659,0.2672637655865155,0.5180421664962851,0.4819578335037149,0.5587102127622171,0.3113080669649829,0.20006693801672326,1,1-1,0.13230148929799027
2,Group Stage,Group A,2026-06-11,South Korea,Czech Republic,韩国,捷克,1.6349069241015841,1.1397791033474025,1.7906628804509195,1.1970192096836638,1.0952690052584655,1.050220350740028,0.09100000000000001,0.048999999999999995,predicted,predicted,4-2-3-1,3-4-3,1,False,,71.47306719429548,0.0,0.0,True,0.3557567917205692,0.3221216041397154,0.3221216041397154,True,-0.0475,0.46083403304481874,0.2719022013686659,0.2672637655865155,0.5180421664962851,0.4819578335037149,0.5587102127622171,0.3113080669649829,0.20006693801672326,2,2-1,0.09034216471966382
2,Group Stage,Group A,2026-06-11,South Korea,Czech Republic,韩国,捷克,1.6349069241015841,1.1397791033474025,1.7906628804509195,1.1970192096836638,1.0952690052584655,1.050220350740028,0.09100000000000001,0.048999999999999995,predicted,predicted,4-2-3-1,3-4-3,1,False,,71.47306719429548,0.0,0.0,True,0.3557567917205692,0.3221216041397154,0.3221216041397154,True,-0.0475,0.46083403304481874,0.2719022013686659,0.2672637655865155,0.5180421664962851,0.4819578335037149,0.5587102127622171,0.3113080669649829,0.20006693801672326,3,1-0,0.08961074453574208
2,Group Stage,Group A,2026-06-11,South Korea,Czech Republic,韩国,捷克,1.6349069241015841,1.1397791033474025,1.7906628804509195,1.1970192096836638,1.0952690052584655,1.050220350740028,0.09100000000000001,0.048999999999999995,predicted,predicted,4-2-3-1,3-4-3,1,False,,71.47306719429548,0.0,0.0,True,0.3557567917205692,0.3221216041397154,0.3221216041397154,True,-0.0475,0.46083403304481874,0.2719022013686659,0.2672637655865155,0.5180421664962851,0.4819578335037149,0.5587102127622171,0.3113080669649829,0.20006693801672326,4,2-0,0.0807806786642929
2,Group Stage,Group A,2026-06-11,South Korea,Czech Republic,韩国,捷克,1.6349069241015841,1.1397791033474025,1.7906628804509195,1.1970192096836638,1.0952690052584655,1.050220350740028,0.09100000000000001,0.048999999999999995,predicted,predicted,4-2-3-1,3-4-3,1,False,,71.47306719429548,0.0,0.0,True,0.3557567917205692,0.3221216041397154,0.3221216041397154,True,-0.0475,0.46083403304481874,0.2719022013686659,0.2672637655865155,0.5180421664962851,0.4819578335037149,0.5587102127622171,0.3113080669649829,0.20006693801672326,5,0-0,0.07008521774392315
2,Group Stage,Group A,2026-06-11,South Korea,Czech Republic,韩国,捷克,1.6349069241015841,1.1397791033474025,1.7906628804509195,1.1970192096836638,1.0952690052584655,1.050220350740028,0.09100000000000001,0.048999999999999995,predicted,predicted,4-2-3-1,3-4-3,1,False,,71.47306719429548,0.0,0.0,True,0.3557567917205692,0.3221216041397154,0.3221216041397154,True,-0.0475,0.46083403304481874,0.2719022013686659,0.2672637655865155,0.5180421664962851,0.4819578335037149,0.5587102127622171,0.3113080669649829,0.20006693801672326,6,1-2,0.06998802686790742
2,Group Stage,Group A,2026-06-11,South Korea,Czech Republic,韩国,捷克,1.6349069241015841,1.1397791033474025,1.7906628804509195,1.1970192096836638,1.0952690052584655,1.050220350740028,0.09100000000000001,0.048999999999999995,predicted,predicted,4-2-3-1,3-4-3,1,False,,71.47306719429548,0.0,0.0,True,0.3557567917205692,0.3221216041397154,0.3221216041397154,True,-0.0475,0.46083403304481874,0.2719022013686659,0.2672637655865155,0.5180421664962851,0.4819578335037149,0.5587102127622171,0.3113080669649829,0.20006693801672326,7,0-1,0.06734583314191651
2,Group Stage,Group A,2026-06-11,South Korea,Czech Republic,韩国,捷克,1.6349069241015841,1.1397791033474025,1.7906628804509195,1.1970192096836638,1.0952690052584655,1.050220350740028,0.09100000000000001,0.048999999999999995,predicted,predicted,4-2-3-1,3-4-3,1,False,,71.47306719429548,0.0,0.0,True,0.3557567917205692,0.3221216041397154,0.3221216041397154,True,-0.0475,0.46083403304481874,0.2719022013686659,0.2672637655865155,0.5180421664962851,0.4819578335037149,0.5587102127622171,0.3113080669649829,0.20006693801672326,8,2-2,0.05516362737875587
2,Group Stage,Group A,2026-06-11,South Korea,Czech Republic,韩国,捷克,1.6349069241015841,1.1397791033474025,1.7906628804509195,1.1970192096836638,1.0952690052584655,1.050220350740028,0.09100000000000001,0.048999999999999995,predicted,predicted,4-2-3-1,3-4-3,1,False,,71.47306719429548,0.0,0.0,True,0.3557567917205692,0.3221216041397154,0.3221216041397154,True,-0.0475,0.46083403304481874,0.2719022013686659,0.2672637655865155,0.5180421664962851,0.4819578335037149,0.5587102127622171,0.3113080669649829,0.20006693801672326,9,3-1,0.04704227852840331
2,Group Stage,Group A,2026-06-11,South Korea,Czech Republic,韩国,捷克,1.6349069241015841,1.1397791033474025,1.7906628804509195,1.1970192096836638,1.0952690052584655,1.050220350740028,0.09100000000000001,0.048999999999999995,predicted,predicted,4-2-3-1,3-4-3,1,False,,71.47306719429548,0.0,0.0,True,0.3557567917205692,0.3221216041397154,0.3221216041397154,True,-0.0475,0.46083403304481874,0.2719022013686659,0.2672637655865155,0.5180421664962851,0.4819578335037149,0.5587102127622171,0.3113080669649829,0.20006693801672326,10,3-0,0.0450486674439241
7,Group Stage,Group B,2026-06-12,Canada,Bosnia and Herzegovina,加拿大,波黑,2.0898441749004557,0.8246607125183447,2.3562927274917618,0.8018904834108658,1.0778841508846315,0.9723883668012469,0.075,-0.027999999999999997,predicted,predicted,3-4-2-1,4-3-3,1,True,Canada,163.70800002286023,0.045,0.0,True,0.5467455293065311,0.26678546911945195,0.1864690015740169,True,-0.0475,0.6561933662833019,0.21352463243883096,0.13028200127786724,0.5391010118367289,0.46089898816327113,0.4754680397393616,0.4581817969723014,0.12968724382322264,1,2-0,0.12313971456402802
7,Group Stage,Group B,2026-06-12,Canada,Bosnia and Herzegovina,加拿大,波黑,2.0898441749004557,0.8246607125183447,2.3562927274917618,0.8018904834108658,1.0778841508846315,0.9723883668012469,0.075,-0.027999999999999997,predicted,predicted,3-4-2-1,4-3-3,1,True,Canada,163.70800002286023,0.045,0.0,True,0.5467455293065311,0.26678546911945195,0.1864690015740169,True,-0.0475,0.6561933662833019,0.21352463243883096,0.13028200127786724,0.5391010118367289,0.46089898816327113,0.4754680397393616,0.4581817969723014,0.12968724382322264,2,1-0,0.10840852242735267
7,Group Stage,Group B,2026-06-12,Canada,Bosnia and Herzegovina,加拿大,波黑,2.0898441749004557,0.8246607125183447,2.3562927274917618,0.8018904834108658,1.0778841508846315,0.9723883668012469,0.075,-0.027999999999999997,predicted,predicted,3-4-2-1,4-3-3,1,True,Canada,163.70800002286023,0.045,0.0,True,0.5467455293065311,0.26678546911945195,0.1864690015740169,True,-0.0475,0.6561933662833019,0.21352463243883096,0.13028200127786724,0.5391010118367289,0.46089898816327113,0.4754680397393616,0.4581817969723014,0.12968724382322264,3,1-1,0.10496229059752724
7,Group Stage,Group B,2026-06-12,Canada,Bosnia and Herzegovina,加拿大,波黑,2.0898441749004557,0.8246607125183447,2.3562927274917618,0.8018904834108658,1.0778841508846315,0.9723883668012469,0.075,-0.027999999999999997,predicted,predicted,3-4-2-1,4-3-3,1,True,Canada,163.70800002286023,0.045,0.0,True,0.5467455293065311,0.26678546911945195,0.1864690015740169,True,-0.0475,0.6561933662833019,0.21352463243883096,0.13028200127786724,0.5391010118367289,0.46089898816327113,0.4754680397393616,0.4581817969723014,0.12968724382322264,4,2-1,0.09046856338643763
7,Group Stage,Group B,2026-06-12,Canada,Bosnia and Herzegovina,加拿大,波黑,2.0898441749004557,0.8246607125183447,2.3562927274917618,0.8018904834108658,1.0778841508846315,0.9723883668012469,0.075,-0.027999999999999997,predicted,predicted,3-4-2-1,4-3-3,1,True,Canada,163.70800002286023,0.045,0.0,True,0.5467455293065311,0.26678546911945195,0.1864690015740169,True,-0.0475,0.6561933662833019,0.21352463243883096,0.13028200127786724,0.5391010118367289,0.46089898816327113,0.4754680397393616,0.4581817969723014,0.12968724382322264,5,3-0,0.08861160901813074
7,Group Stage,Group B,2026-06-12,Canada,Bosnia and Herzegovina,加拿大,波黑,2.0898441749004557,0.8246607125183447,2.3562927274917618,0.8018904834108658,1.0778841508846315,0.9723883668012469,0.075,-0.027999999999999997,predicted,predicted,3-4-2-1,4-3-3,1,True,Canada,163.70800002286023,0.045,0.0,True,0.5467455293065311,0.26678546911945195,0.1864690015740169,True,-0.0475,0.6561933662833019,0.21352463243883096,0.13028200127786724,0.5391010118367289,0.46089898816327113,0.4754680397393616,0.4581817969723014,0.12968724382322264,6,0-0,0.06333708053488551
7,Group Stage,Group B,2026-06-12,Canada,Bosnia and Herzegovina,加拿大,波黑,2.0898441749004557,0.8246607125183447,2.3562927274917618,0.8018904834108658,1.0778841508846315,0.9723883668012469,0.075,-0.027999999999999997,predicted,predicted,3-4-2-1,4-3-3,1,True,Canada,163.70800002286023,0.045,0.0,True,0.5467455293065311,0.26678546911945195,0.1864690015740169,True,-0.0475,0.6561933662833019,0.21352463243883096,0.13028200127786724,0.5391010118367289,0.46089898816327113,0.4754680397393616,0.4581817969723014,0.12968724382322264,7,3-1,0.06064618367075143
7,Group Stage,Group B,2026-06-12,Canada,Bosnia and Herzegovina,加拿大,波黑,2.0898441749004557,0.8246607125183447,2.3562927274917618,0.8018904834108658,1.0778841508846315,0.9723883668012469,0.075,-0.027999999999999997,predicted,predicted,3-4-2-1,4-3-3,1,True,Canada,163.70800002286023,0.045,0.0,True,0.5467455293065311,0.26678546911945195,0.1864690015740169,True,-0.0475,0.6561933662833019,0.21352463243883096,0.13028200127786724,0.5391010118367289,0.46089898816327113,0.4754680397393616,0.4581817969723014,0.12968724382322264,8,4-0,0.044551021769734384
7,Group Stage,Group B,2026-06-12,Canada,Bosnia and Herzegovina,加拿大,波黑,2.0898441749004557,0.8246607125183447,2.3562927274917618,0.8018904834108658,1.0778841508846315,0.9723883668012469,0.075,-0.027999999999999997,predicted,predicted,3-4-2-1,4-3-3,1,True,Canada,163.70800002286023,0.045,0.0,True,0.5467455293065311,0.26678546911945195,0.1864690015740169,True,-0.0475,0.6561933662833019,0.21352463243883096,0.13028200127786724,0.5391010118367289,0.46089898816327113,0.4754680397393616,0.4581817969723014,0.12968724382322264,9,0-1,0.043033270053629134
7,Group Stage,Group B,2026-06-12,Canada,Bosnia and Herzegovina,加拿大,波黑,2.0898441749004557,0.8246607125183447,2.3562927274917618,0.8018904834108658,1.0778841508846315,0.9723883668012469,0.075,-0.027999999999999997,predicted,predicted,3-4-2-1,4-3-3,1,True,Canada,163.70800002286023,0.045,0.0,True,0.5467455293065311,0.26678546911945195,0.1864690015740169,True,-0.0475,0.6561933662833019,0.21352463243883096,0.13028200127786724,0.5391010118367289,0.46089898816327113,0.4754680397393616,0.4581817969723014,0.12968724382322264,10,1-2,0.03889761454209419
19,Group Stage,Group D,2026-06-12,United States,Paraguay,美国,巴拉圭,1.2837024670889157,1.5747642328204445,1.326771377085143,1.6654670050621636,1.0335505392413056,1.0575976837366112,0.033000000000000015,0.05600000000000001,predicted,predicted,4-3-3,4-2-3-1,1,False,,2.9586976408538703,0.0,0.0,True,0.4946034161677247,0.27241234305853146,0.232984240773744,True,-0.0475,0.34540256517038187,0.2678299784341197,0.3867674563954985,0.5219560229976542,0.4780439770023458,0.5622705333346606,0.2419147487793588,0.26988382271414724,1,1-1,0.12342636804677432
19,Group Stage,Group D,2026-06-12,United States,Paraguay,美国,巴拉圭,1.2837024670889157,1.5747642328204445,1.326771377085143,1.6654670050621636,1.0335505392413056,1.0575976837366112,0.033000000000000015,0.05600000000000001,predicted,predicted,4-3-3,4-2-3-1,1,False,,2.9586976408538703,0.0,0.0,True,0.4946034161677247,0.27241234305853146,0.232984240773744,True,-0.0475,0.34540256517038187,0.2678299784341197,0.3867674563954985,0.5219560229976542,0.4780439770023458,0.5622705333346606,0.2419147487793588,0.26988382271414724,2,2-1,0.08519204503894678
19,Group Stage,Group D,2026-06-12,United States,Paraguay,美国,巴拉圭,1.2837024670889157,1.5747642328204445,1.326771377085143,1.6654670050621636,1.0335505392413056,1.0575976837366112,0.033000000000000015,0.05600000000000001,predicted,predicted,4-3-3,4-2-3-1,1,False,,2.9586976408538703,0.0,0.0,True,0.4946034161677247,0.27241234305853146,0.232984240773744,True,-0.0475,0.34540256517038187,0.2678299784341197,0.3867674563954985,0.5219560229976542,0.4780439770023458,0.5622705333346606,0.2419147487793588,0.26988382271414724,3,1-0,0.08313643516359065
19,Group Stage,Group D,2026-06-12,United States,Paraguay,美国,巴拉圭,1.2837024670889157,1.5747642328204445,1.326771377085143,1.6654670050621636,1.0335505392413056,1.0575976837366112,0.033000000000000015,0.05600000000000001,predicted,predicted,4-3-3,4-2-3-1,1,False,,2.9586976408538703,0.0,0.0,True,0.4946034161677247,0.27241234305853146,0.232984240773744,True,-0.0475,0.34540256517038187,0.2678299784341197,0.3867674563954985,0.5219560229976542,0.4780439770023458,0.5622705333346606,0.2419147487793588,0.26988382271414724,4,1-2,0.08102058009240813
19,Group Stage,Group D,2026-06-12,United States,Paraguay,美国,巴拉圭,1.2837024670889157,1.5747642328204445,1.326771377085143,1.6654670050621636,1.0335505392413056,1.0575976837366112,0.033000000000000015,0.05600000000000001,predicted,predicted,4-3-3,4-2-3-1,1,False,,2.9586976408538703,0.0,0.0,True,0.4946034161677247,0.27241234305853146,0.232984240773744,True,-0.0475,0.34540256517038187,0.2678299784341197,0.3867674563954985,0.5219560229976542,0.4780439770023458,0.5622705333346606,0.2419147487793588,0.26988382271414724,5,0-1,0.08044690808350353
19,Group Stage,Group D,2026-06-12,United States,Paraguay,美国,巴拉圭,1.2837024670889157,1.5747642328204445,1.326771377085143,1.6654670050621636,1.0335505392413056,1.0575976837366112,0.033000000000000015,0.05600000000000001,predicted,predicted,4-3-3,4-2-3-1,1,False,,2.9586976408538703,0.0,0.0,True,0.4946034161677247,0.27241234305853146,0.232984240773744,True,-0.0475,0.34540256517038187,0.2678299784341197,0.3867674563954985,0.5219560229976542,0.4780439770023458,0.5622705333346606,0.2419147487793588,0.26988382271414724,6,0-0,0.07406910482816655
19,Group Stage,Group D,2026-06-12,United States,Paraguay,美国,巴拉圭,1.2837024670889157,1.5747642328204445,1.326771377085143,1.6654670050621636,1.0335505392413056,1.0575976837366112,0.033000000000000015,0.05600000000000001,predicted,predicted,4-3-3,4-2-3-1,1,False,,2.9586976408538703,0.0,0.0,True,0.4946034161677247,0.27241234305853146,0.232984240773744,True,-0.0475,0.34540256517038187,0.2678299784341197,0.3867674563954985,0.5219560229976542,0.4780439770023458,0.5622705333346606,0.2419147487793588,0.26988382271414724,7,0-2,0.06364923576461216
19,Group Stage,Group D,2026-06-12,United States,Paraguay,美国,巴拉圭,1.2837024670889157,1.5747642328204445,1.326771377085143,1.6654670050621636,1.0335505392413056,1.0575976837366112,0.033000000000000015,0.05600000000000001,predicted,predicted,4-3-3,4-2-3-1,1,False,,2.9586976408538703,0.0,0.0,True,0.4946034161677247,0.27241234305853146,0.232984240773744,True,-0.0475,0.34540256517038187,0.2678299784341197,0.3867674563954985,0.5219560229976542,0.4780439770023458,0.5622705333346606,0.2419147487793588,0.26988382271414724,8,2-2,0.05564661158354269
19,Group Stage,Group D,2026-06-12,United States,Paraguay,美国,巴拉圭,1.2837024670889157,1.5747642328204445,1.326771377085143,1.6654670050621636,1.0335505392413056,1.0575976837366112,0.033000000000000015,0.05600000000000001,predicted,predicted,4-3-3,4-2-3-1,1,False,,2.9586976408538703,0.0,0.0,True,0.4946034161677247,0.27241234305853146,0.232984240773744,True,-0.0475,0.34540256517038187,0.2678299784341197,0.3867674563954985,0.5219560229976542,0.4780439770023458,0.5622705333346606,0.2419147487793588,0.26988382271414724,9,2-0,0.05331592511569873
19,Group Stage,Group D,2026-06-12,United States,Paraguay,美国,巴拉圭,1.2837024670889157,1.5747642328204445,1.326771377085143,1.6654670050621636,1.0335505392413056,1.0575976837366112,0.033000000000000015,0.05600000000000001,predicted,predicted,4-3-3,4-2-3-1,1,False,,2.9586976408538703,0.0,0.0,True,0.4946034161677247,0.27241234305853146,0.232984240773744,True,-0.0475,0.34540256517038187,0.2678299784341197,0.3867674563954985,0.5219560229976542,0.4780439770023458,0.5622705333346606,0.2419147487793588,0.26988382271414724,10,1-3,0.04007898704470654
8,Group Stage,Group B,2026-06-13,Qatar,Switzerland,卡塔尔,瑞士,0.7667948741006921,2.0846062013188997,0.7698681961434187,2.1892958559039726,1.004008010677342,1.004008010677342,0.004,0.004,predicted,predicted,4-3-3,4-2-3-1,1,True,Switzerland,220.44493169000498,0.0,0.045,False,,,,True,-0.0475,0.1135138531981,0.18789635676217784,0.6985897900397221,0.5795007671130911,0.42049923288690894,0.48817001411638655,0.10898519924640145,0.4567673590527507,1,0-2,0.11990892374644968
8,Group Stage,Group B,2026-06-13,Qatar,Switzerland,卡塔尔,瑞士,0.7667948741006921,2.0846062013188997,0.7698681961434187,2.1892958559039726,1.004008010677342,1.004008010677342,0.004,0.004,predicted,predicted,4-3-3,4-2-3-1,1,True,Switzerland,220.44493169000498,0.0,0.045,False,,,,True,-0.0475,0.1135138531981,0.18789635676217784,0.6985897900397221,0.5795007671130911,0.42049923288690894,0.48817001411638655,0.10898519924640145,0.4567673590527507,2,0-1,0.10813676147599478
8,Group Stage,Group B,2026-06-13,Qatar,Switzerland,卡塔尔,瑞士,0.7667948741006921,2.0846062013188997,0.7698681961434187,2.1892958559039726,1.004008010677342,1.004008010677342,0.004,0.004,predicted,predicted,4-3-3,4-2-3-1,1,True,Switzerland,220.44493169000498,0.0,0.045,False,,,,True,-0.0475,0.1135138531981,0.18789635676217784,0.6985897900397221,0.5795007671130911,0.42049923288690894,0.48817001411638655,0.10898519924640145,0.4567673590527507,3,1-2,0.09638103283277016
8,Group Stage,Group B,2026-06-13,Qatar,Switzerland,卡塔尔,瑞士,0.7667948741006921,2.0846062013188997,0.7698681961434187,2.1892958559039726,1.004008010677342,1.004008010677342,0.004,0.004,predicted,predicted,4-3-3,4-2-3-1,1,True,Switzerland,220.44493169000498,0.0,0.045,False,,,,True,-0.0475,0.1135138531981,0.18789635676217784,0.6985897900397221,0.5795007671130911,0.42049923288690894,0.48817001411638655,0.10898519924640145,0.4567673590527507,4,0-3,0.09136048517808888
8,Group Stage,Group B,2026-06-13,Qatar,Switzerland,卡塔尔,瑞士,0.7667948741006921,2.0846062013188997,0.7698681961434187,2.1892958559039726,1.004008010677342,1.004008010677342,0.004,0.004,predicted,predicted,4-3-3,4-2-3-1,1,True,Switzerland,220.44493169000498,0.0,0.045,False,,,,True,-0.0475,0.1135138531981,0.18789635676217784,0.6985897900397221,0.5795007671130911,0.42049923288690894,0.48817001411638655,0.10898519924640145,0.4567673590527507,5,1-1,0.08833797838665698
8,Group Stage,Group B,2026-06-13,Qatar,Switzerland,卡塔尔,瑞士,0.7667948741006921,2.0846062013188997,0.7698681961434187,2.1892958559039726,1.004008010677342,1.004008010677342,0.004,0.004,predicted,predicted,4-3-3,4-2-3-1,1,True,Switzerland,220.44493169000498,0.0,0.045,False,,,,True,-0.0475,0.1135138531981,0.18789635676217784,0.6985897900397221,0.5795007671130911,0.42049923288690894,0.48817001411638655,0.10898519924640145,0.4567673590527507,6,1-3,0.06997851133536906
8,Group Stage,Group B,2026-06-13,Qatar,Switzerland,卡塔尔,瑞士,0.7667948741006921,2.0846062013188997,0.7698681961434187,2.1892958559039726,1.004008010677342,1.004008010677342,0.004,0.004,predicted,predicted,4-3-3,4-2-3-1,1,True,Switzerland,220.44493169000498,0.0,0.045,False,,,,True,-0.0475,0.1135138531981,0.18789635676217784,0.6985897900397221,0.5795007671130911,0.42049923288690894,0.48817001411638655,0.10898519924640145,0.4567673590527507,7,0-0,0.053922572415538716
8,Group Stage,Group B,2026-06-13,Qatar,Switzerland,卡塔尔,瑞士,0.7667948741006921,2.0846062013188997,0.7698681961434187,2.1892958559039726,1.004008010677342,1.004008010677342,0.004,0.004,predicted,predicted,4-3-3,4-2-3-1,1,True,Switzerland,220.44493169000498,0.0,0.045,False,,,,True,-0.0475,0.1135138531981,0.18789635676217784,0.6985897900397221,0.5795007671130911,0.42049923288690894,0.48817001411638655,0.10898519924640145,0.4567673590527507,8,0-4,0.04974996552536908
8,Group Stage,Group B,2026-06-13,Qatar,Switzerland,卡塔尔,瑞士,0.7667948741006921,2.0846062013188997,0.7698681961434187,2.1892958559039726,1.004008010677342,1.004008010677342,0.004,0.004,predicted,predicted,4-3-3,4-2-3-1,1,True,Switzerland,220.44493169000498,0.0,0.045,False,,,,True,-0.0475,0.1135138531981,0.18789635676217784,0.6985897900397221,0.5795007671130911,0.42049923288690894,0.48817001411638655,0.10898519924640145,0.4567673590527507,9,1-4,0.038318133014972194
8,Group Stage,Group B,2026-06-13,Qatar,Switzerland,卡塔尔,瑞士,0.7667948741006921,2.0846062013188997,0.7698681961434187,2.1892958559039726,1.004008010677342,1.004008010677342,0.004,0.004,predicted,predicted,4-3-3,4-2-3-1,1,True,Switzerland,220.44493169000498,0.0,0.045,False,,,,True,-0.0475,0.1135138531981,0.18789635676217784,0.6985897900397221,0.5795007671130911,0.42049923288690894,0.48817001411638655,0.10898519924640145,0.4567673590527507,10,2-2,0.03691202594565552
13,Group Stage,Group C,2026-06-13,Brazil,Morocco,巴西,摩洛哥,1.8100907942257343,1.1014405935894025,1.8173456574559492,1.1058551792489666,1.004008010677342,1.004008010677342,0.004,0.004,predicted,predicted,4-2-3-1,4-3-3,1,False,,88.7837903059592,0.0,0.0,True,0.5865165445394607,0.24947605133931985,0.16400740412121953,True,-0.0475,0.5424537177182095,0.24767297902303131,0.2098733032587593,0.5347344238599843,0.46526557614001574,0.5464430078063616,0.35228636427429083,0.16785878688470154,1,1-1,0.11658327185009285
13,Group Stage,Group C,2026-06-13,Brazil,Morocco,巴西,摩洛哥,1.8100907942257343,1.1014405935894025,1.8173456574559492,1.1058551792489666,1.004008010677342,1.004008010677342,0.004,0.004,predicted,predicted,4-2-3-1,4-3-3,1,False,,88.7837903059592,0.0,0.0,True,0.5865165445394607,0.24947605133931985,0.16400740412121953,True,-0.0475,0.5424537177182095,0.24767297902303131,0.2098733032587593,0.5347344238599843,0.46526557614001574,0.5464430078063616,0.35228636427429083,0.16785878688470154,2,1-0,0.10301970417845671
13,Group Stage,Group C,2026-06-13,Brazil,Morocco,巴西,摩洛哥,1.8100907942257343,1.1014405935894025,1.8173456574559492,1.1058551792489666,1.004008010677342,1.004008010677342,0.004,0.004,predicted,predicted,4-2-3-1,4-3-3,1,False,,88.7837903059592,0.0,0.0,True,0.5865165445394607,0.24947605133931985,0.16400740412121953,True,-0.0475,0.5424537177182095,0.24767297902303131,0.2098733032587593,0.5347344238599843,0.46526557614001574,0.5464430078063616,0.35228636427429083,0.16785878688470154,3,2-1,0.10042283338160123
13,Group Stage,Group C,2026-06-13,Brazil,Morocco,巴西,摩洛哥,1.8100907942257343,1.1014405935894025,1.8173456574559492,1.1058551792489666,1.004008010677342,1.004008010677342,0.004,0.004,predicted,predicted,4-2-3-1,4-3-3,1,False,,88.7837903059592,0.0,0.0,True,0.5865165445394607,0.24947605133931985,0.16400740412121953,True,-0.0475,0.5424537177182095,0.24767297902303131,0.2098733032587593,0.5347344238599843,0.46526557614001574,0.5464430078063616,0.35228636427429083,0.16785878688470154,4,2-0,0.09277364879284701
13,Group Stage,Group C,2026-06-13,Brazil,Morocco,巴西,摩洛哥,1.8100907942257343,1.1014405935894025,1.8173456574559492,1.1058551792489666,1.004008010677342,1.004008010677342,0.004,0.004,predicted,predicted,4-2-3-1,4-3-3,1,False,,88.7837903059592,0.0,0.0,True,0.5865165445394607,0.24947605133931985,0.16400740412121953,True,-0.0475,0.5424537177182095,0.24767297902303131,0.2098733032587593,0.5347344238599843,0.46526557614001574,0.5464430078063616,0.35228636427429083,0.16785878688470154,5,0-0,0.06658815896535386
13,Group Stage,Group C,2026-06-13,Brazil,Morocco,巴西,摩洛哥,1.8100907942257343,1.1014405935894025,1.8173456574559492,1.1058551792489666,1.004008010677342,1.004008010677342,0.004,0.004,predicted,predicted,4-2-3-1,4-3-3,1,False,,88.7837903059592,0.0,0.0,True,0.5865165445394607,0.24947605133931985,0.16400740412121953,True,-0.0475,0.5424537177182095,0.24767297902303131,0.2098733032587593,0.5347344238599843,0.46526557614001574,0.5464430078063616,0.35228636427429083,0.16785878688470154,6,3-1,0.057148771646376204
13,Group Stage,Group C,2026-06-13,Brazil,Morocco,巴西,摩洛哥,1.8100907942257343,1.1014405935894025,1.8173456574559492,1.1058551792489666,1.004008010677342,1.004008010677342,0.004,0.004,predicted,predicted,4-2-3-1,4-3-3,1,False,,88.7837903059592,0.0,0.0,True,0.5865165445394607,0.24947605133931985,0.16400740412121953,True,-0.0475,0.5424537177182095,0.24767297902303131,0.2098733032587593,0.5347344238599843,0.46526557614001574,0.5464430078063616,0.35228636427429083,0.16785878688470154,7,1-2,0.055627026499336756
13,Group Stage,Group C,2026-06-13,Brazil,Morocco,巴西,摩洛哥,1.8100907942257343,1.1014405935894025,1.8173456574559492,1.1058551792489666,1.004008010677342,1.004008010677342,0.004,0.004,predicted,predicted,4-2-3-1,4-3-3,1,False,,88.7837903059592,0.0,0.0,True,0.5865165445394607,0.24947605133931985,0.16400740412121953,True,-0.0475,0.5424537177182095,0.24767297902303131,0.2098733032587593,0.5347344238599843,0.46526557614001574,0.5464430078063616,0.35228636427429083,0.16785878688470154,8,0-1,0.05503001110247338
13,Group Stage,Group C,2026-06-13,Brazil,Morocco,巴西,摩洛哥,1.8100907942257343,1.1014405935894025,1.8173456574559492,1.1058551792489666,1.004008010677342,1.004008010677342,0.004,0.004,predicted,predicted,4-2-3-1,4-3-3,1,False,,88.7837903059592,0.0,0.0,True,0.5865165445394607,0.24947605133931985,0.16400740412121953,True,-0.0475,0.5424537177182095,0.24767297902303131,0.2098733032587593,0.5347344238599843,0.46526557614001574,0.5464430078063616,0.35228636427429083,0.16785878688470154,9,3-0,0.05501112128124555
13,Group Stage,Group C,2026-06-13,Brazil,Morocco,巴西,摩洛哥,1.8100907942257343,1.1014405935894025,1.8173456574559492,1.1058551792489666,1.004008010677342,1.004008010677342,0.004,0.004,predicted,predicted,4-2-3-1,4-3-3,1,False,,88.7837903059592,0.0,0.0,True,0.5865165445394607,0.24947605133931985,0.16400740412121953,True,-0.0475,0.5424537177182095,0.24767297902303131,0.2098733032587593,0.5347344238599843,0.46526557614001574,0.5464430078063616,0.35228636427429083,0.16785878688470154,10,2-2,0.051419249500277986
14,Group Stage,Group C,2026-06-13,Haiti,Scotland,海地,苏格兰,1.0882731540841497,1.7085403693588317,1.0882731540841497,1.7085403693588317,1.0,1.0,0.0,0.0,predicted,predicted,4-4-2,4-4-2,1,False,,90.5584696642004,0.0,0.0,True,0.1196168488701058,0.21484579651426775,0.6655373546156264,True,-0.0475,0.207665374238206,0.24225759964383586,0.5500770261179583,0.5251485595682448,0.4748514404317552,0.53665140629877,0.169774955311775,0.36058626964597884,1,1-1,0.1139910789782226
14,Group Stage,Group C,2026-06-13,Haiti,Scotland,海地,苏格兰,1.0882731540841497,1.7085403693588317,1.0882731540841497,1.7085403693588317,1.0,1.0,0.0,0.0,predicted,predicted,4-4-2,4-4-2,1,False,,90.5584696642004,0.0,0.0,True,0.1196168488701058,0.21484579651426775,0.6655373546156264,True,-0.0475,0.207665374238206,0.24225759964383586,0.5500770261179583,0.5251485595682448,0.4748514404317552,0.53665140629877,0.169774955311775,0.36058626964597884,2,0-1,0.11122001114823105
14,Group Stage,Group C,2026-06-13,Haiti,Scotland,海地,苏格兰,1.0882731540841497,1.7085403693588317,1.0882731540841497,1.7085403693588317,1.0,1.0,0.0,0.0,predicted,predicted,4-4-2,4-4-2,1,False,,90.5584696642004,0.0,0.0,True,0.1196168488701058,0.21484579651426775,0.6655373546156264,True,-0.0475,0.207665374238206,0.24225759964383586,0.5500770261179583,0.5251485595682448,0.4748514404317552,0.53665140629877,0.169774955311775,0.36058626964597884,3,1-2,0.10368033516715164
14,Group Stage,Group C,2026-06-13,Haiti,Scotland,海地,苏格兰,1.0882731540841497,1.7085403693588317,1.0882731540841497,1.7085403693588317,1.0,1.0,0.0,0.0,predicted,predicted,4-4-2,4-4-2,1,False,,90.5584696642004,0.0,0.0,True,0.1196168488701058,0.21484579651426775,0.6655373546156264,True,-0.0475,0.207665374238206,0.24225759964383586,0.5500770261179583,0.5251485595682448,0.4748514404317552,0.53665140629877,0.169774955311775,0.36058626964597884,4,0-2,0.09512695947064642
14,Group Stage,Group C,2026-06-13,Haiti,Scotland,海地,苏格兰,1.0882731540841497,1.7085403693588317,1.0882731540841497,1.7085403693588317,1.0,1.0,0.0,0.0,predicted,predicted,4-4-2,4-4-2,1,False,,90.5584696642004,0.0,0.0,True,0.1196168488701058,0.21484579651426775,0.6655373546156264,True,-0.0475,0.207665374238206,0.24225759964383586,0.5500770261179583,0.5251485595682448,0.4748514404317552,0.53665140629877,0.169774955311775,0.36058626964597884,5,0-0,0.06701263125652372
14,Group Stage,Group C,2026-06-13,Haiti,Scotland,海地,苏格兰,1.0882731540841497,1.7085403693588317,1.0882731540841497,1.7085403693588317,1.0,1.0,0.0,0.0,predicted,predicted,4-4-2,4-4-2,1,False,,90.5584696642004,0.0,0.0,True,0.1196168488701058,0.21484579651426775,0.6655373546156264,True,-0.0475,0.207665374238206,0.24225759964383586,0.5500770261179583,0.5251485595682448,0.4748514404317552,0.53665140629877,0.169774955311775,0.36058626964597884,6,1-3,0.05746359919992665
14,Group Stage,Group C,2026-06-13,Haiti,Scotland,海地,苏格兰,1.0882731540841497,1.7085403693588317,1.0882731540841497,1.7085403693588317,1.0,1.0,0.0,0.0,predicted,predicted,4-4-2,4-4-2,1,False,,90.5584696642004,0.0,0.0,True,0.1196168488701058,0.21484579651426775,0.6655373546156264,True,-0.0475,0.207665374238206,0.24225759964383586,0.5500770261179583,0.5251485595682448,0.4748514404317552,0.53665140629877,0.169774955311775,0.36058626964597884,7,1-0,0.05600894099995543
14,Group Stage,Group C,2026-06-13,Haiti,Scotland,海地,苏格兰,1.0882731540841497,1.7085403693588317,1.0882731540841497,1.7085403693588317,1.0,1.0,0.0,0.0,predicted,predicted,4-4-2,4-4-2,1,False,,90.5584696642004,0.0,0.0,True,0.1196168488701058,0.21484579651426775,0.6655373546156264,True,-0.0475,0.207665374238206,0.24225759964383586,0.5500770261179583,0.5251485595682448,0.4748514404317552,0.53665140629877,0.169774955311775,0.36058626964597884,8,0-3,0.05425783575166503
14,Group Stage,Group C,2026-06-13,Haiti,Scotland,海地,苏格兰,1.0882731540841497,1.7085403693588317,1.0882731540841497,1.7085403693588317,1.0,1.0,0.0,0.0,predicted,predicted,4-4-2,4-4-2,1,False,,90.5584696642004,0.0,0.0,True,0.1196168488701058,0.21484579651426775,0.6655373546156264,True,-0.0475,0.207665374238206,0.24225759964383586,0.5500770261179583,0.5251485595682448,0.4748514404317552,0.53665140629877,0.169774955311775,0.36058626964597884,9,2-1,0.05388623570365955
14,Group Stage,Group C,2026-06-13,Haiti,Scotland,海地,苏格兰,1.0882731540841497,1.7085403693588317,1.0882731540841497,1.7085403693588317,1.0,1.0,0.0,0.0,predicted,predicted,4-4-2,4-4-2,1,False,,90.5584696642004,0.0,0.0,True,0.1196168488701058,0.21484579651426775,0.6655373546156264,True,-0.0475,0.207665374238206,0.24225759964383586,0.5500770261179583,0.5251485595682448,0.4748514404317552,0.53665140629877,0.169774955311775,0.36058626964597884,10,2-2,0.04930231417232696
20,Group Stage,Group D,2026-06-13,Australia,Turkey,澳大利亚,土耳其,1.2627824407552144,1.2523421525379004,1.2502175455310687,1.2573615532569575,0.9900498337491681,1.004008010677342,-0.01,0.004,predicted,predicted,5-4-1,4-2-3-1,1,False,,26.942357197524643,0.0,0.0,True,0.1669934579497426,0.2507267215676022,0.5822798204826551,True,-0.0475,0.31057823805640467,0.2721956554605059,0.41722610648308944,0.46775947052515715,0.5322405294748429,0.5189866759100794,0.25375599812525007,0.3119844830285113,1,1-1,0.12790760721801483
20,Group Stage,Group D,2026-06-13,Australia,Turkey,澳大利亚,土耳其,1.2627824407552144,1.2523421525379004,1.2502175455310687,1.2573615532569575,0.9900498337491681,1.004008010677342,-0.01,0.004,predicted,predicted,5-4-1,4-2-3-1,1,False,,26.942357197524643,0.0,0.0,True,0.1669934579497426,0.2507267215676022,0.5822798204826551,True,-0.0475,0.31057823805640467,0.2721956554605059,0.41722610648308944,0.46775947052515715,0.5322405294748429,0.5189866759100794,0.25375599812525007,0.3119844830285113,2,0-1,0.11028635419039934
20,Group Stage,Group D,2026-06-13,Australia,Turkey,澳大利亚,土耳其,1.2627824407552144,1.2523421525379004,1.2502175455310687,1.2573615532569575,0.9900498337491681,1.004008010677342,-0.01,0.004,predicted,predicted,5-4-1,4-2-3-1,1,False,,26.942357197524643,0.0,0.0,True,0.1669934579497426,0.2507267215676022,0.5822798204826551,True,-0.0475,0.31057823805640467,0.2721956554605059,0.41722610648308944,0.46775947052515715,0.5322405294748429,0.5189866759100794,0.25375599812525007,0.3119844830285113,3,1-2,0.0931869971577911
20,Group Stage,Group D,2026-06-13,Australia,Turkey,澳大利亚,土耳其,1.2627824407552144,1.2523421525379004,1.2502175455310687,1.2573615532569575,0.9900498337491681,1.004008010677342,-0.01,0.004,predicted,predicted,5-4-1,4-2-3-1,1,False,,26.942357197524643,0.0,0.0,True,0.1669934579497426,0.2507267215676022,0.5822798204826551,True,-0.0475,0.31057823805640467,0.2721956554605059,0.41722610648308944,0.46775947052515715,0.5322405294748429,0.5189866759100794,0.25375599812525007,0.3119844830285113,4,0-0,0.0847271570638407
20,Group Stage,Group D,2026-06-13,Australia,Turkey,澳大利亚,土耳其,1.2627824407552144,1.2523421525379004,1.2502175455310687,1.2573615532569575,0.9900498337491681,1.004008010677342,-0.01,0.004,predicted,predicted,5-4-1,4-2-3-1,1,False,,26.942357197524643,0.0,0.0,True,0.1669934579497426,0.2507267215676022,0.5822798204826551,True,-0.0475,0.31057823805640467,0.2721956554605059,0.41722610648308944,0.46775947052515715,0.5322405294748429,0.5189866759100794,0.25375599812525007,0.3119844830285113,5,1-0,0.0823788780110273
20,Group Stage,Group D,2026-06-13,Australia,Turkey,澳大利亚,土耳其,1.2627824407552144,1.2523421525379004,1.2502175455310687,1.2573615532569575,0.9900498337491681,1.004008010677342,-0.01,0.004,predicted,predicted,5-4-1,4-2-3-1,1,False,,26.942357197524643,0.0,0.0,True,0.1669934579497426,0.2507267215676022,0.5822798204826551,True,-0.0475,0.31057823805640467,0.2721956554605059,0.41722610648308944,0.46775947052515715,0.5322405294748429,0.5189866759100794,0.25375599812525007,0.3119844830285113,6,0-2,0.0728296633298604
20,Group Stage,Group D,2026-06-13,Australia,Turkey,澳大利亚,土耳其,1.2627824407552144,1.2523421525379004,1.2502175455310687,1.2573615532569575,0.9900498337491681,1.004008010677342,-0.01,0.004,predicted,predicted,5-4-1,4-2-3-1,1,False,,26.942357197524643,0.0,0.0,True,0.1669934579497426,0.2507267215676022,0.5822798204826551,True,-0.0475,0.31057823805640467,0.2721956554605059,0.41722610648308944,0.46775947052515715,0.5322405294748429,0.5189866759100794,0.25375599812525007,0.3119844830285113,7,2-1,0.06963155855605378
20,Group Stage,Group D,2026-06-13,Australia,Turkey,澳大利亚,土耳其,1.2627824407552144,1.2523421525379004,1.2502175455310687,1.2573615532569575,0.9900498337491681,1.004008010677342,-0.01,0.004,predicted,predicted,5-4-1,4-2-3-1,1,False,,26.942357197524643,0.0,0.0,True,0.1669934579497426,0.2507267215676022,0.5822798204826551,True,-0.0475,0.31057823805640467,0.2721956554605059,0.41722610648308944,0.46775947052515715,0.5322405294748429,0.5189866759100794,0.25375599812525007,0.3119844830285113,8,2-0,0.05411086966170018
20,Group Stage,Group D,2026-06-13,Australia,Turkey,澳大利亚,土耳其,1.2627824407552144,1.2523421525379004,1.2502175455310687,1.2573615532569575,0.9900498337491681,1.004008010677342,-0.01,0.004,predicted,predicted,5-4-1,4-2-3-1,1,False,,26.942357197524643,0.0,0.0,True,0.1669934579497426,0.2507267215676022,0.5822798204826551,True,-0.0475,0.31057823805640467,0.2721956554605059,0.41722610648308944,0.46775947052515715,0.5322405294748429,0.5189866759100794,0.25375599812525007,0.3119844830285113,9,2-2,0.048837907225785016
20,Group Stage,Group D,2026-06-13,Australia,Turkey,澳大利亚,土耳其,1.2627824407552144,1.2523421525379004,1.2502175455310687,1.2573615532569575,0.9900498337491681,1.004008010677342,-0.01,0.004,predicted,predicted,5-4-1,4-2-3-1,1,False,,26.942357197524643,0.0,0.0,True,0.1669934579497426,0.2507267215676022,0.5822798204826551,True,-0.0475,0.31057823805640467,0.2721956554605059,0.41722610648308944,0.46775947052515715,0.5322405294748429,0.5189866759100794,0.25375599812525007,0.3119844830285113,10,1-3,0.038838436777106196
25,Group Stage,Group E,2026-06-14,Germany,Curaçao,德国,库拉索,3.752039419657198,0.6433998407441816,3.940468155302794,0.6459785941756843,1.004008010677342,1.004008010677342,0.004,0.004,predicted,predicted,4-2-3-1,4-3-3,1,True,Germany,370.2160196701295,0.045,0.0,False,,,,True,-0.0475,0.9099044106693462,0.06455184474629401,0.02554374458435985,0.8205712352955897,0.17942876470441027,0.4637680529535355,0.5272332025820426,0.021870685649139732,1,3-0,0.11162413082803385
25,Group Stage,Group E,2026-06-14,Germany,Curaçao,德国,库拉索,3.752039419657198,0.6433998407441816,3.940468155302794,0.6459785941756843,1.004008010677342,1.004008010677342,0.004,0.004,predicted,predicted,4-2-3-1,4-3-3,1,True,Germany,370.2160196701295,0.045,0.0,False,,,,True,-0.0475,0.9099044106693462,0.06455184474629401,0.02554374458435985,0.8205712352955897,0.17942876470441027,0.4637680529535355,0.5272332025820426,0.021870685649139732,2,4-0,0.10608431365896578
25,Group Stage,Group E,2026-06-14,Germany,Curaçao,德国,库拉索,3.752039419657198,0.6433998407441816,3.940468155302794,0.6459785941756843,1.004008010677342,1.004008010677342,0.004,0.004,predicted,predicted,4-2-3-1,4-3-3,1,True,Germany,370.2160196701295,0.045,0.0,False,,,,True,-0.0475,0.9099044106693462,0.06455184474629401,0.02554374458435985,0.8205712352955897,0.17942876470441027,0.4637680529535355,0.5272332025820426,0.021870685649139732,3,2-0,0.08440360792784626
25,Group Stage,Group E,2026-06-14,Germany,Curaçao,德国,库拉索,3.752039419657198,0.6433998407441816,3.940468155302794,0.6459785941756843,1.004008010677342,1.004008010677342,0.004,0.004,predicted,predicted,4-2-3-1,4-3-3,1,True,Germany,370.2160196701295,0.045,0.0,False,,,,True,-0.0475,0.9099044106693462,0.06455184474629401,0.02554374458435985,0.8205712352955897,0.17942876470441027,0.4637680529535355,0.5272332025820426,0.021870685649139732,4,5-0,0.08228827749977237
25,Group Stage,Group E,2026-06-14,Germany,Curaçao,德国,库拉索,3.752039419657198,0.6433998407441816,3.940468155302794,0.6459785941756843,1.004008010677342,1.004008010677342,0.004,0.004,predicted,predicted,4-2-3-1,4-3-3,1,True,Germany,370.2160196701295,0.045,0.0,False,,,,True,-0.0475,0.9099044106693462,0.06455184474629401,0.02554374458435985,0.8205712352955897,0.17942876470441027,0.4637680529535355,0.5272332025820426,0.021870685649139732,5,3-1,0.0695635067719462
25,Group Stage,Group E,2026-06-14,Germany,Curaçao,德国,库拉索,3.752039419657198,0.6433998407441816,3.940468155302794,0.6459785941756843,1.004008010677342,1.004008010677342,0.004,0.004,predicted,predicted,4-2-3-1,4-3-3,1,True,Germany,370.2160196701295,0.045,0.0,False,,,,True,-0.0475,0.9099044106693462,0.06455184474629401,0.02554374458435985,0.8205712352955897,0.17942876470441027,0.4637680529535355,0.5272332025820426,0.021870685649139732,6,4-1,0.06744942951119583
25,Group Stage,Group E,2026-06-14,Germany,Curaçao,德国,库拉索,3.752039419657198,0.6433998407441816,3.940468155302794,0.6459785941756843,1.004008010677342,1.004008010677342,0.004,0.004,predicted,predicted,4-2-3-1,4-3-3,1,True,Germany,370.2160196701295,0.045,0.0,False,,,,True,-0.0475,0.9099044106693462,0.06455184474629401,0.02554374458435985,0.8205712352955897,0.17942876470441027,0.4637680529535355,0.5272332025820426,0.021870685649139732,7,2-1,0.05489713120356516
25,Group Stage,Group E,2026-06-14,Germany,Curaçao,德国,库拉索,3.752039419657198,0.6433998407441816,3.940468155302794,0.6459785941756843,1.004008010677342,1.004008010677342,0.004,0.004,predicted,predicted,4-2-3-1,4-3-3,1,True,Germany,370.2160196701295,0.045,0.0,False,,,,True,-0.0475,0.9099044106693462,0.06455184474629401,0.02554374458435985,0.8205712352955897,0.17942876470441027,0.4637680529535355,0.5272332025820426,0.021870685649139732,8,6-0,0.053435359417376226
25,Group Stage,Group E,2026-06-14,Germany,Curaçao,德国,库拉索,3.752039419657198,0.6433998407441816,3.940468155302794,0.6459785941756843,1.004008010677342,1.004008010677342,0.004,0.004,predicted,predicted,4-2-3-1,4-3-3,1,True,Germany,370.2160196701295,0.045,0.0,False,,,,True,-0.0475,0.9099044106693462,0.06455184474629401,0.02554374458435985,0.8205712352955897,0.17942876470441027,0.4637680529535355,0.5272332025820426,0.021870685649139732,9,5-1,0.05255938684735799
25,Group Stage,Group E,2026-06-14,Germany,Curaçao,德国,库拉索,3.752039419657198,0.6433998407441816,3.940468155302794,0.6459785941756843,1.004008010677342,1.004008010677342,0.004,0.004,predicted,predicted,4-2-3-1,4-3-3,1,True,Germany,370.2160196701295,0.045,0.0,False,,,,True,-0.0475,0.9099044106693462,0.06455184474629401,0.02554374458435985,0.8205712352955897,0.17942876470441027,0.4637680529535355,0.5272332025820426,0.021870685649139732,10,1-0,0.04474594269299391
26,Group Stage,Group E,2026-06-14,Ivory Coast,Ecuador,科特迪瓦,厄瓜多尔,0.8902531804858423,1.632826517119979,0.8938213247387672,1.639370903234843,1.004008010677342,1.004008010677342,0.004,0.004,predicted,predicted,4-3-3,4-2-3-1,1,False,,107.13603896188874,0.0,0.0,True,0.2634909156648287,0.3340865949561602,0.4024224893790111,True,-0.0475,0.21533291493125073,0.2854991187508705,0.49916796631787874,0.41983093947661904,0.5801690605233809,0.45820821888059066,0.2313209347563171,0.41632857813072505,1,1-1,0.13114296736137795
26,Group Stage,Group E,2026-06-14,Ivory Coast,Ecuador,科特迪瓦,厄瓜多尔,0.8902531804858423,1.632826517119979,0.8938213247387672,1.639370903234843,1.004008010677342,1.004008010677342,0.004,0.004,predicted,predicted,4-3-3,4-2-3-1,1,False,,107.13603896188874,0.0,0.0,True,0.2634909156648287,0.3340865949561602,0.4024224893790111,True,-0.0475,0.21533291493125073,0.2854991187508705,0.49916796631787874,0.41983093947661904,0.5801690605233809,0.45820821888059066,0.2313209347563171,0.41632857813072505,2,0-1,0.13003572911008163
26,Group Stage,Group E,2026-06-14,Ivory Coast,Ecuador,科特迪瓦,厄瓜多尔,0.8902531804858423,1.632826517119979,0.8938213247387672,1.639370903234843,1.004008010677342,1.004008010677342,0.004,0.004,predicted,predicted,4-3-3,4-2-3-1,1,False,,107.13603896188874,0.0,0.0,True,0.2634909156648287,0.3340865949561602,0.4024224893790111,True,-0.0475,0.21533291493125073,0.2854991187508705,0.49916796631787874,0.41983093947661904,0.5801690605233809,0.45820821888059066,0.2313209347563171,0.41632857813072505,3,0-0,0.10585773176763286
26,Group Stage,Group E,2026-06-14,Ivory Coast,Ecuador,科特迪瓦,厄瓜多尔,0.8902531804858423,1.632826517119979,0.8938213247387672,1.639370903234843,1.004008010677342,1.004008010677342,0.004,0.004,predicted,predicted,4-3-3,4-2-3-1,1,False,,107.13603896188874,0.0,0.0,True,0.2634909156648287,0.3340865949561602,0.4024224893790111,True,-0.0475,0.21533291493125073,0.2854991187508705,0.49916796631787874,0.41983093947661904,0.5801690605233809,0.45820821888059066,0.2313209347563171,0.41632857813072505,4,0-2,0.09987577951402431
26,Group Stage,Group E,2026-06-14,Ivory Coast,Ecuador,科特迪瓦,厄瓜多尔,0.8902531804858423,1.632826517119979,0.8938213247387672,1.639370903234843,1.004008010677342,1.004008010677342,0.004,0.004,predicted,predicted,4-3-3,4-2-3-1,1,False,,107.13603896188874,0.0,0.0,True,0.2634909156648287,0.3340865949561602,0.4024224893790111,True,-0.0475,0.21533291493125073,0.2854991187508705,0.49916796631787874,0.41983093947661904,0.5801690605233809,0.45820821888059066,0.2313209347563171,0.41632857813072505,5,1-2,0.08520256149839639
26,Group Stage,Group E,2026-06-14,Ivory Coast,Ecuador,科特迪瓦,厄瓜多尔,0.8902531804858423,1.632826517119979,0.8938213247387672,1.639370903234843,1.004008010677342,1.004008010677342,0.004,0.004,predicted,predicted,4-3-3,4-2-3-1,1,False,,107.13603896188874,0.0,0.0,True,0.2634909156648287,0.3340865949561602,0.4024224893790111,True,-0.0475,0.21533291493125073,0.2854991187508705,0.49916796631787874,0.41983093947661904,0.5801690605233809,0.45820821888059066,0.2313209347563171,0.41632857813072505,6,1-0,0.07893300199457494
26,Group Stage,Group E,2026-06-14,Ivory Coast,Ecuador,科特迪瓦,厄瓜多尔,0.8902531804858423,1.632826517119979,0.8938213247387672,1.639370903234843,1.004008010677342,1.004008010677342,0.004,0.004,predicted,predicted,4-3-3,4-2-3-1,1,False,,107.13603896188874,0.0,0.0,True,0.2634909156648287,0.3340865949561602,0.4024224893790111,True,-0.0475,0.21533291493125073,0.2854991187508705,0.49916796631787874,0.41983093947661904,0.5801690605233809,0.45820821888059066,0.2313209347563171,0.41632857813072505,7,2-1,0.05370503271930522
26,Group Stage,Group E,2026-06-14,Ivory Coast,Ecuador,科特迪瓦,厄瓜多尔,0.8902531804858423,1.632826517119979,0.8938213247387672,1.639370903234843,1.004008010677342,1.004008010677342,0.004,0.004,predicted,predicted,4-3-3,4-2-3-1,1,False,,107.13603896188874,0.0,0.0,True,0.2634909156648287,0.3340865949561602,0.4024224893790111,True,-0.0475,0.21533291493125073,0.2854991187508705,0.49916796631787874,0.41983093947661904,0.5801690605233809,0.45820821888059066,0.2313209347563171,0.41632857813072505,8,0-3,0.05209042580643713
26,Group Stage,Group E,2026-06-14,Ivory Coast,Ecuador,科特迪瓦,厄瓜多尔,0.8902531804858423,1.632826517119979,0.8938213247387672,1.639370903234843,1.004008010677342,1.004008010677342,0.004,0.004,predicted,predicted,4-3-3,4-2-3-1,1,False,,107.13603896188874,0.0,0.0,True,0.2634909156648287,0.3340865949561602,0.4024224893790111,True,-0.0475,0.21533291493125073,0.2854991187508705,0.49916796631787874,0.41983093947661904,0.5801690605233809,0.45820821888059066,0.2313209347563171,0.41632857813072505,9,1-3,0.043452769749268386
26,Group Stage,Group E,2026-06-14,Ivory Coast,Ecuador,科特迪瓦,厄瓜多尔,0.8902531804858423,1.632826517119979,0.8938213247387672,1.639370903234843,1.004008010677342,1.004008010677342,0.004,0.004,predicted,predicted,4-3-3,4-2-3-1,1,False,,107.13603896188874,0.0,0.0,True,0.2634909156648287,0.3340865949561602,0.4024224893790111,True,-0.0475,0.21533291493125073,0.2854991187508705,0.49916796631787874,0.41983093947661904,0.5801690605233809,0.45820821888059066,0.2313209347563171,0.41632857813072505,10,2-2,0.04085164227794457
31,Group Stage,Group F,2026-06-14,Netherlands,Japan,荷兰,日本,1.2822205782095795,1.2596709707256524,1.2796586997855437,1.2596709707256524,0.9980019986673331,1.0,-0.002,0.0,predicted,predicted,4-2-3-1,3-4-2-1,1,False,,6.812345730700599,0.0,0.0,True,0.4974398238981672,0.26831602622385986,0.23424414987797293,True,-0.0475,0.39984724828448126,0.27356446172246096,0.3265882899930578,0.4763010961653148,0.5236989038346852,0.5277792102625547,0.29727274265963394,0.25752582743193353,1,1-1,0.12870479251218475
31,Group Stage,Group F,2026-06-14,Netherlands,Japan,荷兰,日本,1.2822205782095795,1.2596709707256524,1.2796586997855437,1.2596709707256524,0.9980019986673331,1.0,-0.002,0.0,predicted,predicted,4-2-3-1,3-4-2-1,1,False,,6.812345730700599,0.0,0.0,True,0.4974398238981672,0.26831602622385986,0.23424414987797293,True,-0.0475,0.39984724828448126,0.27356446172246096,0.3265882899930578,0.4763010961653148,0.5236989038346852,0.5277792102625547,0.29727274265963394,0.25752582743193353,2,1-0,0.1028968562801706
31,Group Stage,Group F,2026-06-14,Netherlands,Japan,荷兰,日本,1.2822205782095795,1.2596709707256524,1.2796586997855437,1.2596709707256524,0.9980019986673331,1.0,-0.002,0.0,predicted,predicted,4-2-3-1,3-4-2-1,1,False,,6.812345730700599,0.0,0.0,True,0.4974398238981672,0.26831602622385986,0.23424414987797293,True,-0.0475,0.39984724828448126,0.27356446172246096,0.3265882899930578,0.4763010961653148,0.5236989038346852,0.5277792102625547,0.29727274265963394,0.25752582743193353,3,2-1,0.0891183221341345
31,Group Stage,Group F,2026-06-14,Netherlands,Japan,荷兰,日本,1.2822205782095795,1.2596709707256524,1.2796586997855437,1.2596709707256524,0.9980019986673331,1.0,-0.002,0.0,predicted,predicted,4-2-3-1,3-4-2-1,1,False,,6.812345730700599,0.0,0.0,True,0.4974398238981672,0.26831602622385986,0.23424414987797293,True,-0.0475,0.39984724828448126,0.27356446172246096,0.3265882899930578,0.4763010961653148,0.5236989038346852,0.5277792102625547,0.29727274265963394,0.25752582743193353,4,0-1,0.08485585682969408
31,Group Stage,Group F,2026-06-14,Netherlands,Japan,荷兰,日本,1.2822205782095795,1.2596709707256524,1.2796586997855437,1.2596709707256524,0.9980019986673331,1.0,-0.002,0.0,predicted,predicted,4-2-3-1,3-4-2-1,1,False,,6.812345730700599,0.0,0.0,True,0.4974398238981672,0.26831602622385986,0.23424414987797293,True,-0.0475,0.39984724828448126,0.27356446172246096,0.3265882899930578,0.4763010961653148,0.5236989038346852,0.5277792102625547,0.29727274265963394,0.25752582743193353,5,0-0,0.08257778035412207
31,Group Stage,Group F,2026-06-14,Netherlands,Japan,荷兰,日本,1.2822205782095795,1.2596709707256524,1.2796586997855437,1.2596709707256524,0.9980019986673331,1.0,-0.002,0.0,predicted,predicted,4-2-3-1,3-4-2-1,1,False,,6.812345730700599,0.0,0.0,True,0.4974398238981672,0.26831602622385986,0.23424414987797293,True,-0.0475,0.39984724828448126,0.27356446172246096,0.3265882899930578,0.4763010961653148,0.5236989038346852,0.5277792102625547,0.29727274265963394,0.25752582743193353,6,1-2,0.07356741695591125
31,Group Stage,Group F,2026-06-14,Netherlands,Japan,荷兰,日本,1.2822205782095795,1.2596709707256524,1.2796586997855437,1.2596709707256524,0.9980019986673331,1.0,-0.002,0.0,predicted,predicted,4-2-3-1,3-4-2-1,1,False,,6.812345730700599,0.0,0.0,True,0.4974398238981672,0.26831602622385986,0.23424414987797293,True,-0.0475,0.39984724828448126,0.27356446172246096,0.3265882899930578,0.4763010961653148,0.5236989038346852,0.5277792102625547,0.29727274265963394,0.25752582743193353,7,2-0,0.06877580199971622
31,Group Stage,Group F,2026-06-14,Netherlands,Japan,荷兰,日本,1.2822205782095795,1.2596709707256524,1.2796586997855437,1.2596709707256524,0.9980019986673331,1.0,-0.002,0.0,predicted,predicted,4-2-3-1,3-4-2-1,1,False,,6.812345730700599,0.0,0.0,True,0.4974398238981672,0.26831602622385986,0.23424414987797293,True,-0.0475,0.39984724828448126,0.27356446172246096,0.3265882899930578,0.4763010961653148,0.5236989038346852,0.5277792102625547,0.29727274265963394,0.25752582743193353,8,0-2,0.055887815858797533
31,Group Stage,Group F,2026-06-14,Netherlands,Japan,荷兰,日本,1.2822205782095795,1.2596709707256524,1.2796586997855437,1.2596709707256524,0.9980019986673331,1.0,-0.002,0.0,predicted,predicted,4-2-3-1,3-4-2-1,1,False,,6.812345730700599,0.0,0.0,True,0.4974398238981672,0.26831602622385986,0.23424414987797293,True,-0.0475,0.39984724828448126,0.27356446172246096,0.3265882899930578,0.4763010961653148,0.5236989038346852,0.5277792102625547,0.29727274265963394,0.25752582743193353,9,2-2,0.050864187290250586
31,Group Stage,Group F,2026-06-14,Netherlands,Japan,荷兰,日本,1.2822205782095795,1.2596709707256524,1.2796586997855437,1.2596709707256524,0.9980019986673331,1.0,-0.002,0.0,predicted,predicted,4-2-3-1,3-4-2-1,1,False,,6.812345730700599,0.0,0.0,True,0.4974398238981672,0.26831602622385986,0.23424414987797293,True,-0.0475,0.39984724828448126,0.27356446172246096,0.3265882899930578,0.4763010961653148,0.5236989038346852,0.5277792102625547,0.29727274265963394,0.25752582743193353,10,3-1,0.037961714845663866
32,Group Stage,Group F,2026-06-14,Tunisia,Sweden,突尼斯,瑞典,1.33496783576822,1.3295886257658396,1.340318401107887,1.3163589978942545,1.004008010677342,0.9900498337491681,0.004,-0.01,predicted,predicted,4-2-3-1,3-4-1-2,1,False,,27.062712301290958,0.0,0.0,True,0.20121028744326777,0.28105563960329466,0.5177340729534375,True,-0.0475,0.32548077928895797,0.2785253988309798,0.3959938218800623,0.4757604824245627,0.5242395175754373,0.530072014923412,0.2587488080728114,0.295886476769011,1,1-1,0.13053671358381827
32,Group Stage,Group F,2026-06-14,Tunisia,Sweden,突尼斯,瑞典,1.33496783576822,1.3295886257658396,1.340318401107887,1.3163589978942545,1.004008010677342,0.9900498337491681,0.004,-0.01,predicted,predicted,4-2-3-1,3-4-1-2,1,False,,27.062712301290958,0.0,0.0,True,0.20121028744326777,0.28105563960329466,0.5177340729534375,True,-0.0475,0.32548077928895797,0.2785253988309798,0.3959938218800623,0.4757604824245627,0.5242395175754373,0.530072014923412,0.2587488080728114,0.295886476769011,2,0-1,0.10245611270658378
32,Group Stage,Group F,2026-06-14,Tunisia,Sweden,突尼斯,瑞典,1.33496783576822,1.3295886257658396,1.340318401107887,1.3163589978942545,1.004008010677342,0.9900498337491681,0.004,-0.01,predicted,predicted,4-2-3-1,3-4-1-2,1,False,,27.062712301290958,0.0,0.0,True,0.20121028744326777,0.28105563960329466,0.5177340729534375,True,-0.0475,0.32548077928895797,0.2785253988309798,0.3959938218800623,0.4757604824245627,0.5242395175754373,0.530072014923412,0.2587488080728114,0.295886476769011,3,1-2,0.08887950288494056
32,Group Stage,Group F,2026-06-14,Tunisia,Sweden,突尼斯,瑞典,1.33496783576822,1.3295886257658396,1.340318401107887,1.3163589978942545,1.004008010677342,0.9900498337491681,0.004,-0.01,predicted,predicted,4-2-3-1,3-4-1-2,1,False,,27.062712301290958,0.0,0.0,True,0.20121028744326777,0.28105563960329466,0.5177340729534375,True,-0.0475,0.32548077928895797,0.2785253988309798,0.3959938218800623,0.4757604824245627,0.5242395175754373,0.530072014923412,0.2587488080728114,0.295886476769011,4,0-0,0.08470729976523436
32,Group Stage,Group F,2026-06-14,Tunisia,Sweden,突尼斯,瑞典,1.33496783576822,1.3295886257658396,1.340318401107887,1.3163589978942545,1.004008010677342,0.9900498337491681,0.004,-0.01,predicted,predicted,4-2-3-1,3-4-1-2,1,False,,27.062712301290958,0.0,0.0,True,0.20121028744326777,0.28105563960329466,0.5177340729534375,True,-0.0475,0.32548077928895797,0.2785253988309798,0.3959938218800623,0.4757604824245627,0.5242395175754373,0.530072014923412,0.2587488080728114,0.295886476769011,5,1-0,0.08329026550933803
32,Group Stage,Group F,2026-06-14,Tunisia,Sweden,突尼斯,瑞典,1.33496783576822,1.3295886257658396,1.340318401107887,1.3163589978942545,1.004008010677342,0.9900498337491681,0.004,-0.01,predicted,predicted,4-2-3-1,3-4-1-2,1,False,,27.062712301290958,0.0,0.0,True,0.20121028744326777,0.28105563960329466,0.5177340729534375,True,-0.0475,0.32548077928895797,0.2785253988309798,0.3959938218800623,0.4757604824245627,0.5242395175754373,0.530072014923412,0.2587488080728114,0.295886476769011,6,2-1,0.07216563623380749
32,Group Stage,Group F,2026-06-14,Tunisia,Sweden,突尼斯,瑞典,1.33496783576822,1.3295886257658396,1.340318401107887,1.3163589978942545,1.004008010677342,0.9900498337491681,0.004,-0.01,predicted,predicted,4-2-3-1,3-4-1-2,1,False,,27.062712301290958,0.0,0.0,True,0.20121028744326777,0.28105563960329466,0.5177340729534375,True,-0.0475,0.32548077928895797,0.2785253988309798,0.3959938218800623,0.4757604824245627,0.5242395175754373,0.530072014923412,0.2587488080728114,0.295886476769011,7,0-2,0.06746989688101886
32,Group Stage,Group F,2026-06-14,Tunisia,Sweden,突尼斯,瑞典,1.33496783576822,1.3295886257658396,1.340318401107887,1.3163589978942545,1.004008010677342,0.9900498337491681,0.004,-0.01,predicted,predicted,4-2-3-1,3-4-1-2,1,False,,27.062712301290958,0.0,0.0,True,0.20121028744326777,0.28105563960329466,0.5177340729534375,True,-0.0475,0.32548077928895797,0.2785253988309798,0.3959938218800623,0.4757604824245627,0.5242395175754373,0.530072014923412,0.2587488080728114,0.295886476769011,8,2-0,0.05577922912944405
32,Group Stage,Group F,2026-06-14,Tunisia,Sweden,突尼斯,瑞典,1.33496783576822,1.3295886257658396,1.340318401107887,1.3163589978942545,1.004008010677342,0.9900498337491681,0.004,-0.01,predicted,predicted,4-2-3-1,3-4-1-2,1,False,,27.062712301290958,0.0,0.0,True,0.20121028744326777,0.28105563960329466,0.5177340729534375,True,-0.0475,0.32548077928895797,0.2785253988309798,0.3959938218800623,0.4757604824245627,0.5242395175754373,0.530072014923412,0.2587488080728114,0.295886476769011,9,2-2,0.051394384070208333
32,Group Stage,Group F,2026-06-14,Tunisia,Sweden,突尼斯,瑞典,1.33496783576822,1.3295886257658396,1.340318401107887,1.3163589978942545,1.004008010677342,0.9900498337491681,0.004,-0.01,predicted,predicted,4-2-3-1,3-4-1-2,1,False,,27.062712301290958,0.0,0.0,True,0.20121028744326777,0.28105563960329466,0.5177340729534375,True,-0.0475,0.32548077928895797,0.2785253988309798,0.3959938218800623,0.4757604824245627,0.5242395175754373,0.530072014923412,0.2587488080728114,0.295886476769011,10,1-3,0.03710101624744264
37,Group Stage,Group G,2026-06-15,Belgium,Egypt,Belgium,Egypt,2.097184966082963,0.9633067954983939,2.097184966082963,0.9633067954983939,1.0,1.0,0.0,0.0,,,,,1,False,,121.50666064566258,0.0,0.0,True,0.6106317605959847,0.2380150679742413,0.15135317142977397,True,-0.0475,0.615380664375505,0.2254186175622787,0.15920071806221622,0.5514877201334236,0.4485122798665764,0.5227853009533474,0.40056363380072885,0.13908118074047307,1,1-1,0.10613531242463206
37,Group Stage,Group G,2026-06-15,Belgium,Egypt,Belgium,Egypt,2.097184966082963,0.9633067954983939,2.097184966082963,0.9633067954983939,1.0,1.0,0.0,0.0,,,,,1,False,,121.50666064566258,0.0,0.0,True,0.6106317605959847,0.2380150679742413,0.15135317142977397,True,-0.0475,0.615380664375505,0.2254186175622787,0.15920071806221622,0.5514877201334236,0.4485122798665764,0.5227853009533474,0.40056363380072885,0.13908118074047307,2,2-0,0.10605449225149108
37,Group Stage,Group G,2026-06-15,Belgium,Egypt,Belgium,Egypt,2.097184966082963,0.9633067954983939,2.097184966082963,0.9633067954983939,1.0,1.0,0.0,0.0,,,,,1,False,,121.50666064566258,0.0,0.0,True,0.6106317605959847,0.2380150679742413,0.15135317142977397,True,-0.0475,0.615380664375505,0.2254186175622787,0.15920071806221622,0.5514877201334236,0.4485122798665764,0.5227853009533474,0.40056363380072885,0.13908118074047307,3,1-0,0.105967739264446
37,Group Stage,Group G,2026-06-15,Belgium,Egypt,Belgium,Egypt,2.097184966082963,0.9633067954983939,2.097184966082963,0.9633067954983939,1.0,1.0,0.0,0.0,,,,,1,False,,121.50666064566258,0.0,0.0,True,0.6106317605959847,0.2380150679742413,0.15135317142977397,True,-0.0475,0.615380664375505,0.2254186175622787,0.15920071806221622,0.5514877201334236,0.4485122798665764,0.5227853009533474,0.40056363380072885,0.13908118074047307,4,2-1,0.09810256052805816
37,Group Stage,Group G,2026-06-15,Belgium,Egypt,Belgium,Egypt,2.097184966082963,0.9633067954983939,2.097184966082963,0.9633067954983939,1.0,1.0,0.0,0.0,,,,,1,False,,121.50666064566258,0.0,0.0,True,0.6106317605959847,0.2380150679742413,0.15135317142977397,True,-0.0475,0.615380664375505,0.2254186175622787,0.15920071806221622,0.5514877201334236,0.4485122798665764,0.5227853009533474,0.40056363380072885,0.13908118074047307,5,3-0,0.07119200100982798
37,Group Stage,Group G,2026-06-15,Belgium,Egypt,Belgium,Egypt,2.097184966082963,0.9633067954983939,2.097184966082963,0.9633067954983939,1.0,1.0,0.0,0.0,,,,,1,False,,121.50666064566258,0.0,0.0,True,0.6106317605959847,0.2380150679742413,0.15135317142977397,True,-0.0475,0.615380664375505,0.2254186175622787,0.15920071806221622,0.5514877201334236,0.4485122798665764,0.5227853009533474,0.40056363380072885,0.13908118074047307,6,3-1,0.06349212052512304
37,Group Stage,Group G,2026-06-15,Belgium,Egypt,Belgium,Egypt,2.097184966082963,0.9633067954983939,2.097184966082963,0.9633067954983939,1.0,1.0,0.0,0.0,,,,,1,False,,121.50666064566258,0.0,0.0,True,0.6106317605959847,0.2380150679742413,0.15135317142977397,True,-0.0475,0.615380664375505,0.2254186175622787,0.15920071806221622,0.5514877201334236,0.4485122798665764,0.5227853009533474,0.40056363380072885,0.13908118074047307,7,0-0,0.06243011549454936
37,Group Stage,Group G,2026-06-15,Belgium,Egypt,Belgium,Egypt,2.097184966082963,0.9633067954983939,2.097184966082963,0.9633067954983939,1.0,1.0,0.0,0.0,,,,,1,False,,121.50666064566258,0.0,0.0,True,0.6106317605959847,0.2380150679742413,0.15135317142977397,True,-0.0475,0.615380664375505,0.2254186175622787,0.15920071806221622,0.5514877201334236,0.4485122798665764,0.5227853009533474,0.40056363380072885,0.13908118074047307,8,0-1,0.04567256926393302
37,Group Stage,Group G,2026-06-15,Belgium,Egypt,Belgium,Egypt,2.097184966082963,0.9633067954983939,2.097184966082963,0.9633067954983939,1.0,1.0,0.0,0.0,,,,,1,False,,121.50666064566258,0.0,0.0,True,0.6106317605959847,0.2380150679742413,0.15135317142977397,True,-0.0475,0.615380664375505,0.2254186175622787,0.15920071806221622,0.5514877201334236,0.4485122798665764,0.5227853009533474,0.40056363380072885,0.13908118074047307,9,2-2,0.04549439534761989
37,Group Stage,Group G,2026-06-15,Belgium,Egypt,Belgium,Egypt,2.097184966082963,0.9633067954983939,2.097184966082963,0.9633067954983939,1.0,1.0,0.0,0.0,,,,,1,False,,121.50666064566258,0.0,0.0,True,0.6106317605959847,0.2380150679742413,0.15135317142977397,True,-0.0475,0.615380664375505,0.2254186175622787,0.15920071806221622,0.5514877201334236,0.4485122798665764,0.5227853009533474,0.40056363380072885,0.13908118074047307,10,1-2,0.04481190797932166
38,Group Stage,Group G,2026-06-15,Iran,New Zealand,Iran,New Zealand,2.124854526853373,0.9792271461061122,2.222657033341783,0.9792271461061122,1.0,1.0,0.0,0.0,,,,,1,True,Iran,192.595364725918,0.045,0.0,True,0.5676605504587156,0.268348623853211,0.16399082568807338,True,-0.0475,0.6131671415553213,0.2305967220967497,0.1562361363479293,0.5536056727187968,0.4463943272812032,0.5233882246314842,0.40163814142210386,0.13957820076599686,1,1-1,0.10723775149989805
38,Group Stage,Group G,2026-06-15,Iran,New Zealand,Iran,New Zealand,2.124854526853373,0.9792271461061122,2.222657033341783,0.9792271461061122,1.0,1.0,0.0,0.0,,,,,1,True,Iran,192.595364725918,0.045,0.0,True,0.5676605504587156,0.268348623853211,0.16399082568807338,True,-0.0475,0.6131671415553213,0.2305967220967497,0.1562361363479293,0.5536056727187968,0.4463943272812032,0.5233882246314842,0.40163814142210386,0.13957820076599686,2,1-0,0.10419966559244984
38,Group Stage,Group G,2026-06-15,Iran,New Zealand,Iran,New Zealand,2.124854526853373,0.9792271461061122,2.222657033341783,0.9792271461061122,1.0,1.0,0.0,0.0,,,,,1,True,Iran,192.595364725918,0.045,0.0,True,0.5676605504587156,0.268348623853211,0.16399082568807338,True,-0.0475,0.6131671415553213,0.2305967220967497,0.1562361363479293,0.5536056727187968,0.4463943272812032,0.5233882246314842,0.40163814142210386,0.13957820076599686,3,2-0,0.10357618480444553
38,Group Stage,Group G,2026-06-15,Iran,New Zealand,Iran,New Zealand,2.124854526853373,0.9792271461061122,2.222657033341783,0.9792271461061122,1.0,1.0,0.0,0.0,,,,,1,True,Iran,192.595364725918,0.045,0.0,True,0.5676605504587156,0.268348623853211,0.16399082568807338,True,-0.0475,0.6131671415553213,0.2305967220967497,0.1562361363479293,0.5536056727187968,0.4463943272812032,0.5233882246314842,0.40163814142210386,0.13957820076599686,4,2-1,0.0945638558663953
38,Group Stage,Group G,2026-06-15,Iran,New Zealand,Iran,New Zealand,2.124854526853373,0.9792271461061122,2.222657033341783,0.9792271461061122,1.0,1.0,0.0,0.0,,,,,1,True,Iran,192.595364725918,0.045,0.0,True,0.5676605504587156,0.268348623853211,0.16399082568807338,True,-0.0475,0.6131671415553213,0.2305967220967497,0.1562361363479293,0.5536056727187968,0.4463943272812032,0.5233882246314842,0.40163814142210386,0.13957820076599686,5,3-0,0.07154724695461893
38,Group Stage,Group G,2026-06-15,Iran,New Zealand,Iran,New Zealand,2.124854526853373,0.9792271461061122,2.222657033341783,0.9792271461061122,1.0,1.0,0.0,0.0,,,,,1,True,Iran,192.595364725918,0.045,0.0,True,0.5676605504587156,0.268348623853211,0.16399082568807338,True,-0.0475,0.6131671415553213,0.2305967220967497,0.1562361363479293,0.5536056727187968,0.4463943272812032,0.5233882246314842,0.40163814142210386,0.13957820076599686,6,0-0,0.06460456681958462
38,Group Stage,Group G,2026-06-15,Iran,New Zealand,Iran,New Zealand,2.124854526853373,0.9792271461061122,2.222657033341783,0.9792271461061122,1.0,1.0,0.0,0.0,,,,,1,True,Iran,192.595364725918,0.045,0.0,True,0.5676605504587156,0.268348623853211,0.16399082568807338,True,-0.0475,0.6131671415553213,0.2305967220967497,0.1562361363479293,0.5536056727187968,0.4463943272812032,0.5233882246314842,0.40163814142210386,0.13957820076599686,7,3-1,0.06291480223314781
38,Group Stage,Group G,2026-06-15,Iran,New Zealand,Iran,New Zealand,2.124854526853373,0.9792271461061122,2.222657033341783,0.9792271461061122,1.0,1.0,0.0,0.0,,,,,1,True,Iran,192.595364725918,0.045,0.0,True,0.5676605504587156,0.268348623853211,0.16399082568807338,True,-0.0475,0.6131671415553213,0.2305967220967497,0.1562361363479293,0.5536056727187968,0.4463943272812032,0.5233882246314842,0.40163814142210386,0.13957820076599686,8,2-2,0.04663885255331096
38,Group Stage,Group G,2026-06-15,Iran,New Zealand,Iran,New Zealand,2.124854526853373,0.9792271461061122,2.222657033341783,0.9792271461061122,1.0,1.0,0.0,0.0,,,,,1,True,Iran,192.595364725918,0.045,0.0,True,0.5676605504587156,0.268348623853211,0.16399082568807338,True,-0.0475,0.6131671415553213,0.2305967220967497,0.1562361363479293,0.5536056727187968,0.4463943272812032,0.5233882246314842,0.40163814142210386,0.13957820076599686,9,0-1,0.04552355816924606
38,Group Stage,Group G,2026-06-15,Iran,New Zealand,Iran,New Zealand,2.124854526853373,0.9792271461061122,2.222657033341783,0.9792271461061122,1.0,1.0,0.0,0.0,,,,,1,True,Iran,192.595364725918,0.045,0.0,True,0.5676605504587156,0.268348623853211,0.16399082568807338,True,-0.0475,0.6131671415553213,0.2305967220967497,0.1562361363479293,0.5536056727187968,0.4463943272812032,0.5233882246314842,0.40163814142210386,0.13957820076599686,10,1-2,0.044041930636889624
43,Group Stage,Group H,2026-06-15,Spain,Cape Verde,Spain,Cape Verde,3.295379787136967,0.5791273434363777,3.447059066325325,0.5791273434363777,1.0,1.0,0.0,0.0,,,,,1,True,Spain,376.6684379613034,0.045,0.0,False,,,,True,-0.0475,0.883062581262278,0.08505194506763411,0.03188547367008813,0.7396128668457872,0.2603871331542128,0.415274807032863,0.5706441963317779,0.03706773169058013,1,3-0,0.12983049521354922
43,Group Stage,Group H,2026-06-15,Spain,Cape Verde,Spain,Cape Verde,3.295379787136967,0.5791273434363777,3.447059066325325,0.5791273434363777,1.0,1.0,0.0,0.0,,,,,1,True,Spain,376.6684379613034,0.045,0.0,False,,,,True,-0.0475,0.883062581262278,0.08505194506763411,0.03188547367008813,0.7396128668457872,0.2603871331542128,0.415274807032863,0.5706441963317779,0.03706773169058013,2,2-0,0.11367305535972137
43,Group Stage,Group H,2026-06-15,Spain,Cape Verde,Spain,Cape Verde,3.295379787136967,0.5791273434363777,3.447059066325325,0.5791273434363777,1.0,1.0,0.0,0.0,,,,,1,True,Spain,376.6684379613034,0.045,0.0,False,,,,True,-0.0475,0.883062581262278,0.08505194506763411,0.03188547367008813,0.7396128668457872,0.2603871331542128,0.415274807032863,0.5706441963317779,0.03706773169058013,3,4-0,0.10482983349823821
43,Group Stage,Group H,2026-06-15,Spain,Cape Verde,Spain,Cape Verde,3.295379787136967,0.5791273434363777,3.447059066325325,0.5791273434363777,1.0,1.0,0.0,0.0,,,,,1,True,Spain,376.6684379613034,0.045,0.0,False,,,,True,-0.0475,0.883062581262278,0.08505194506763411,0.03188547367008813,0.7396128668457872,0.2603871331542128,0.415274807032863,0.5706441963317779,0.03706773169058013,4,3-1,0.07044825379384186
43,Group Stage,Group H,2026-06-15,Spain,Cape Verde,Spain,Cape Verde,3.295379787136967,0.5791273434363777,3.447059066325325,0.5791273434363777,1.0,1.0,0.0,0.0,,,,,1,True,Spain,376.6684379613034,0.045,0.0,False,,,,True,-0.0475,0.883062581262278,0.08505194506763411,0.03188547367008813,0.7396128668457872,0.2603871331542128,0.415274807032863,0.5706441963317779,0.03706773169058013,5,1-0,0.07034593884270972
43,Group Stage,Group H,2026-06-15,Spain,Cape Verde,Spain,Cape Verde,3.295379787136967,0.5791273434363777,3.447059066325325,0.5791273434363777,1.0,1.0,0.0,0.0,,,,,1,True,Spain,376.6684379613034,0.045,0.0,False,,,,True,-0.0475,0.883062581262278,0.08505194506763411,0.03188547367008813,0.7396128668457872,0.2603871331542128,0.415274807032863,0.5706441963317779,0.03706773169058013,6,5-0,0.06927572441076396
43,Group Stage,Group H,2026-06-15,Spain,Cape Verde,Spain,Cape Verde,3.295379787136967,0.5791273434363777,3.447059066325325,0.5791273434363777,1.0,1.0,0.0,0.0,,,,,1,True,Spain,376.6684379613034,0.045,0.0,False,,,,True,-0.0475,0.883062581262278,0.08505194506763411,0.03188547367008813,0.7396128668457872,0.2603871331542128,0.415274807032863,0.5706441963317779,0.03706773169058013,7,2-1,0.06543698991807992
43,Group Stage,Group H,2026-06-15,Spain,Cape Verde,Spain,Cape Verde,3.295379787136967,0.5791273434363777,3.447059066325325,0.5791273434363777,1.0,1.0,0.0,0.0,,,,,1,True,Spain,376.6684379613034,0.045,0.0,False,,,,True,-0.0475,0.883062581262278,0.08505194506763411,0.03188547367008813,0.7396128668457872,0.2603871331542128,0.415274807032863,0.5706441963317779,0.03706773169058013,8,4-1,0.05819376092879805
43,Group Stage,Group H,2026-06-15,Spain,Cape Verde,Spain,Cape Verde,3.295379787136967,0.5791273434363777,3.447059066325325,0.5791273434363777,1.0,1.0,0.0,0.0,,,,,1,True,Spain,376.6684379613034,0.045,0.0,False,,,,True,-0.0475,0.883062581262278,0.08505194506763411,0.03188547367008813,0.7396128668457872,0.2603871331542128,0.415274807032863,0.5706441963317779,0.03706773169058013,9,5-1,0.04024201355713403
43,Group Stage,Group H,2026-06-15,Spain,Cape Verde,Spain,Cape Verde,3.295379787136967,0.5791273434363777,3.447059066325325,0.5791273434363777,1.0,1.0,0.0,0.0,,,,,1,True,Spain,376.6684379613034,0.045,0.0,False,,,,True,-0.0475,0.883062581262278,0.08505194506763411,0.03188547367008813,0.7396128668457872,0.2603871331542128,0.415274807032863,0.5706441963317779,0.03706773169058013,10,1-1,0.04000984841631681
44,Group Stage,Group H,2026-06-15,Saudi Arabia,Uruguay,Saudi Arabia,Uruguay,0.7578872383674271,2.070656246781065,0.7578872383674271,2.1659641224270136,1.0,1.0,0.0,0.0,,,,,1,True,Uruguay,200.92090461926068,0.0,0.045,True,0.11574483124226896,0.20834069623608412,0.6759144725216469,True,-0.0475,0.11536058882527912,0.20077680593669295,0.6838626052380279,0.5414209695715649,0.45857903042843506,0.46427223132987755,0.12341031407585663,0.4760938961208854,1,0-2,0.12602162645137843
44,Group Stage,Group H,2026-06-15,Saudi Arabia,Uruguay,Saudi Arabia,Uruguay,0.7578872383674271,2.070656246781065,0.7578872383674271,2.1659641224270136,1.0,1.0,0.0,0.0,,,,,1,True,Uruguay,200.92090461926068,0.0,0.045,True,0.11574483124226896,0.20834069623608412,0.6759144725216469,True,-0.0475,0.11536058882527912,0.20077680593669295,0.6838626052380279,0.5414209695715649,0.45857903042843506,0.46427223132987755,0.12341031407585663,0.4760938961208854,2,0-1,0.11927809662788962
44,Group Stage,Group H,2026-06-15,Saudi Arabia,Uruguay,Saudi Arabia,Uruguay,0.7578872383674271,2.070656246781065,0.7578872383674271,2.1659641224270136,1.0,1.0,0.0,0.0,,,,,1,True,Uruguay,200.92090461926068,0.0,0.045,True,0.11574483124226896,0.20834069623608412,0.6759144725216469,True,-0.0475,0.11536058882527912,0.20077680593669295,0.6838626052380279,0.5414209695715649,0.45857903042843506,0.46427223132987755,0.12341031407585663,0.4760938961208854,3,1-2,0.0953169575659215
44,Group Stage,Group H,2026-06-15,Saudi Arabia,Uruguay,Saudi Arabia,Uruguay,0.7578872383674271,2.070656246781065,0.7578872383674271,2.1659641224270136,1.0,1.0,0.0,0.0,,,,,1,True,Uruguay,200.92090461926068,0.0,0.045,True,0.11574483124226896,0.20834069623608412,0.6759144725216469,True,-0.0475,0.11536058882527912,0.20077680593669295,0.6838626052380279,0.5414209695715649,0.45857903042843506,0.46427223132987755,0.12341031407585663,0.4760938961208854,4,1-1,0.09462979238711582
44,Group Stage,Group H,2026-06-15,Saudi Arabia,Uruguay,Saudi Arabia,Uruguay,0.7578872383674271,2.070656246781065,0.7578872383674271,2.1659641224270136,1.0,1.0,0.0,0.0,,,,,1,True,Uruguay,200.92090461926068,0.0,0.045,True,0.11574483124226896,0.20834069623608412,0.6759144725216469,True,-0.0475,0.11536058882527912,0.20077680593669295,0.6838626052380279,0.5414209695715649,0.45857903042843506,0.46427223132987755,0.12341031407585663,0.4760938961208854,5,0-3,0.0908020348741267
44,Group Stage,Group H,2026-06-15,Saudi Arabia,Uruguay,Saudi Arabia,Uruguay,0.7578872383674271,2.070656246781065,0.7578872383674271,2.1659641224270136,1.0,1.0,0.0,0.0,,,,,1,True,Uruguay,200.92090461926068,0.0,0.045,True,0.11574483124226896,0.20834069623608412,0.6759144725216469,True,-0.0475,0.11536058882527912,0.20077680593669295,0.6838626052380279,0.5414209695715649,0.45857903042843506,0.46427223132987755,0.12341031407585663,0.4760938961208854,6,1-3,0.0653363320536348
44,Group Stage,Group H,2026-06-15,Saudi Arabia,Uruguay,Saudi Arabia,Uruguay,0.7578872383674271,2.070656246781065,0.7578872383674271,2.1659641224270136,1.0,1.0,0.0,0.0,,,,,1,True,Uruguay,200.92090461926068,0.0,0.045,True,0.11574483124226896,0.20834069623608412,0.6759144725216469,True,-0.0475,0.11536058882527912,0.20077680593669295,0.6838626052380279,0.5414209695715649,0.45857903042843506,0.46427223132987755,0.12341031407585663,0.4760938961208854,7,0-0,0.06377644152661963
44,Group Stage,Group H,2026-06-15,Saudi Arabia,Uruguay,Saudi Arabia,Uruguay,0.7578872383674271,2.070656246781065,0.7578872383674271,2.1659641224270136,1.0,1.0,0.0,0.0,,,,,1,True,Uruguay,200.92090461926068,0.0,0.045,True,0.11574483124226896,0.20834069623608412,0.6759144725216469,True,-0.0475,0.11536058882527912,0.20077680593669295,0.6838626052380279,0.5414209695715649,0.45857903042843506,0.46427223132987755,0.12341031407585663,0.4760938961208854,8,0-4,0.0466811367031303
44,Group Stage,Group H,2026-06-15,Saudi Arabia,Uruguay,Saudi Arabia,Uruguay,0.7578872383674271,2.070656246781065,0.7578872383674271,2.1659641224270136,1.0,1.0,0.0,0.0,,,,,1,True,Uruguay,200.92090461926068,0.0,0.045,True,0.11574483124226896,0.20834069623608412,0.6759144725216469,True,-0.0475,0.11536058882527912,0.20077680593669295,0.6838626052380279,0.5414209695715649,0.45857903042843506,0.46427223132987755,0.12341031407585663,0.4760938961208854,9,1-0,0.03927214127610921
44,Group Stage,Group H,2026-06-15,Saudi Arabia,Uruguay,Saudi Arabia,Uruguay,0.7578872383674271,2.070656246781065,0.7578872383674271,2.1659641224270136,1.0,1.0,0.0,0.0,,,,,1,True,Uruguay,200.92090461926068,0.0,0.045,True,0.11574483124226896,0.20834069623608412,0.6759144725216469,True,-0.0475,0.11536058882527912,0.20077680593669295,0.6838626052380279,0.5414209695715649,0.45857903042843506,0.46427223132987755,0.12341031407585663,0.4760938961208854,10,2-2,0.035127301508152485
49,Group Stage,Group I,2026-06-16,France,Senegal,France,Senegal,1.9276740917259363,0.9239550038156985,1.9276740917259363,0.9239550038156985,1.0,1.0,0.0,0.0,,,,,1,False,,135.7907131047939,0.0,0.0,True,0.6464811783960721,0.22422258592471359,0.12929623567921444,True,-0.0475,0.6103308376603496,0.22894326631719863,0.16072589602245163,0.5273809724489699,0.47261902755103014,0.5071385792498826,0.41205297266195345,0.14802199801076252,1,1-0,0.11511302662205736
49,Group Stage,Group I,2026-06-16,France,Senegal,France,Senegal,1.9276740917259363,0.9239550038156985,1.9276740917259363,0.9239550038156985,1.0,1.0,0.0,0.0,,,,,1,False,,135.7907131047939,0.0,0.0,True,0.6464811783960721,0.22422258592471359,0.12929623567921444,True,-0.0475,0.6103308376603496,0.22894326631719863,0.16072589602245163,0.5273809724489699,0.47261902755103014,0.5071385792498826,0.41205297266195345,0.14802199801076252,2,2-0,0.1101357110058338
49,Group Stage,Group I,2026-06-16,France,Senegal,France,Senegal,1.9276740917259363,0.9239550038156985,1.9276740917259363,0.9239550038156985,1.0,1.0,0.0,0.0,,,,,1,False,,135.7907131047939,0.0,0.0,True,0.6464811783960721,0.22422258592471359,0.12929623567921444,True,-0.0475,0.6103308376603496,0.22894326631719863,0.16072589602245163,0.5273809724489699,0.47261902755103014,0.5071385792498826,0.41205297266195345,0.14802199801076252,3,1-1,0.10837589559419422
49,Group Stage,Group I,2026-06-16,France,Senegal,France,Senegal,1.9276740917259363,0.9239550038156985,1.9276740917259363,0.9239550038156985,1.0,1.0,0.0,0.0,,,,,1,False,,135.7907131047939,0.0,0.0,True,0.6464811783960721,0.22422258592471359,0.12929623567921444,True,-0.0475,0.6103308376603496,0.22894326631719863,0.16072589602245163,0.5273809724489699,0.47261902755103014,0.5071385792498826,0.41205297266195345,0.14802199801076252,4,2-1,0.10073106345039656
49,Group Stage,Group I,2026-06-16,France,Senegal,France,Senegal,1.9276740917259363,0.9239550038156985,1.9276740917259363,0.9239550038156985,1.0,1.0,0.0,0.0,,,,,1,False,,135.7907131047939,0.0,0.0,True,0.6464811783960721,0.22422258592471359,0.12929623567921444,True,-0.0475,0.6103308376603496,0.22894326631719863,0.16072589602245163,0.5273809724489699,0.47261902755103014,0.5071385792498826,0.41205297266195345,0.14802199801076252,5,3-0,0.07005271196231806
49,Group Stage,Group I,2026-06-16,France,Senegal,France,Senegal,1.9276740917259363,0.9239550038156985,1.9276740917259363,0.9239550038156985,1.0,1.0,0.0,0.0,,,,,1,False,,135.7907131047939,0.0,0.0,True,0.6464811783960721,0.22422258592471359,0.12929623567921444,True,-0.0475,0.6103308376603496,0.22894326631719863,0.16072589602245163,0.5273809724489699,0.47261902755103014,0.5071385792498826,0.41205297266195345,0.14802199801076252,6,0-0,0.06721354992259868
49,Group Stage,Group I,2026-06-16,France,Senegal,France,Senegal,1.9276740917259363,0.9239550038156985,1.9276740917259363,0.9239550038156985,1.0,1.0,0.0,0.0,,,,,1,False,,135.7907131047939,0.0,0.0,True,0.6464811783960721,0.22422258592471359,0.12929623567921444,True,-0.0475,0.6103308376603496,0.22894326631719863,0.16072589602245163,0.5273809724489699,0.47261902755103014,0.5071385792498826,0.41205297266195345,0.14802199801076252,7,3-1,0.06170539328095017
49,Group Stage,Group I,2026-06-16,France,Senegal,France,Senegal,1.9276740917259363,0.9239550038156985,1.9276740917259363,0.9239550038156985,1.0,1.0,0.0,0.0,,,,,1,False,,135.7907131047939,0.0,0.0,True,0.6464811783960721,0.22422258592471359,0.12929623567921444,True,-0.0475,0.6103308376603496,0.22894326631719863,0.16072589602245163,0.5273809724489699,0.47261902755103014,0.5071385792498826,0.41205297266195345,0.14802199801076252,8,0-1,0.048413762637284675
49,Group Stage,Group I,2026-06-16,France,Senegal,France,Senegal,1.9276740917259363,0.9239550038156985,1.9276740917259363,0.9239550038156985,1.0,1.0,0.0,0.0,,,,,1,False,,135.7907131047939,0.0,0.0,True,0.6464811783960721,0.22422258592471359,0.12929623567921444,True,-0.0475,0.6103308376603496,0.22894326631719863,0.16072589602245163,0.5273809724489699,0.47261902755103014,0.5071385792498826,0.41205297266195345,0.14802199801076252,9,1-2,0.04458846545643902
49,Group Stage,Group I,2026-06-16,France,Senegal,France,Senegal,1.9276740917259363,0.9239550038156985,1.9276740917259363,0.9239550038156985,1.0,1.0,0.0,0.0,,,,,1,False,,135.7907131047939,0.0,0.0,True,0.6464811783960721,0.22422258592471359,0.12929623567921444,True,-0.0475,0.6103308376603496,0.22894326631719863,0.16072589602245163,0.5273809724489699,0.47261902755103014,0.5071385792498826,0.41205297266195345,0.14802199801076252,10,2-2,0.04347453004106476
50,Group Stage,Group I,2026-06-16,Norway,Iraq,Norway,Iraq,1.7289739781196896,1.0157614934135442,1.7289739781196896,1.0157614934135442,1.0,1.0,0.0,0.0,,,,,1,False,,68.30025097323346,0.0,0.0,False,,,,True,-0.0475,0.5461356646466113,0.23642241171783793,0.21744192363555098,0.5532584940302679,0.44674150596973206,0.5546647123340368,0.343334059835832,0.16280120417052152,1,1-1,0.11067886846700617
50,Group Stage,Group I,2026-06-16,Norway,Iraq,Norway,Iraq,1.7289739781196896,1.0157614934135442,1.7289739781196896,1.0157614934135442,1.0,1.0,0.0,0.0,,,,,1,False,,68.30025097323346,0.0,0.0,False,,,,True,-0.0475,0.5461356646466113,0.23642241171783793,0.21744192363555098,0.5532584940302679,0.44674150596973206,0.5546647123340368,0.343334059835832,0.16280120417052152,2,2-1,0.09912730277374356
50,Group Stage,Group I,2026-06-16,Norway,Iraq,Norway,Iraq,1.7289739781196896,1.0157614934135442,1.7289739781196896,1.0157614934135442,1.0,1.0,0.0,0.0,,,,,1,False,,68.30025097323346,0.0,0.0,False,,,,True,-0.0475,0.5461356646466113,0.23642241171783793,0.21744192363555098,0.5532584940302679,0.44674150596973206,0.5546647123340368,0.343334059835832,0.16280120417052152,3,1-0,0.0984953195388577
50,Group Stage,Group I,2026-06-16,Norway,Iraq,Norway,Iraq,1.7289739781196896,1.0157614934135442,1.7289739781196896,1.0157614934135442,1.0,1.0,0.0,0.0,,,,,1,False,,68.30025097323346,0.0,0.0,False,,,,True,-0.0475,0.5461356646466113,0.23642241171783793,0.21744192363555098,0.5532584940302679,0.44674150596973206,0.5546647123340368,0.343334059835832,0.16280120417052152,4,2-0,0.08992436816802568
50,Group Stage,Group I,2026-06-16,Norway,Iraq,Norway,Iraq,1.7289739781196896,1.0157614934135442,1.7289739781196896,1.0157614934135442,1.0,1.0,0.0,0.0,,,,,1,False,,68.30025097323346,0.0,0.0,False,,,,True,-0.0475,0.5461356646466113,0.23642241171783793,0.21744192363555098,0.5532584940302679,0.44674150596973206,0.5546647123340368,0.343334059835832,0.16280120417052152,5,0-0,0.06079997634039022
50,Group Stage,Group I,2026-06-16,Norway,Iraq,Norway,Iraq,1.7289739781196896,1.0157614934135442,1.7289739781196896,1.0157614934135442,1.0,1.0,0.0,0.0,,,,,1,False,,68.30025097323346,0.0,0.0,False,,,,True,-0.0475,0.5461356646466113,0.23642241171783793,0.21744192363555098,0.5532584940302679,0.44674150596973206,0.5546647123340368,0.343334059835832,0.16280120417052152,6,3-1,0.05856366839245471
50,Group Stage,Group I,2026-06-16,Norway,Iraq,Norway,Iraq,1.7289739781196896,1.0157614934135442,1.7289739781196896,1.0157614934135442,1.0,1.0,0.0,0.0,,,,,1,False,,68.30025097323346,0.0,0.0,False,,,,True,-0.0475,0.5461356646466113,0.23642241171783793,0.21744192363555098,0.5532584940302679,0.44674150596973206,0.5546647123340368,0.343334059835832,0.16280120417052152,7,1-2,0.05823667584229194
50,Group Stage,Group I,2026-06-16,Norway,Iraq,Norway,Iraq,1.7289739781196896,1.0157614934135442,1.7289739781196896,1.0157614934135442,1.0,1.0,0.0,0.0,,,,,1,False,,68.30025097323346,0.0,0.0,False,,,,True,-0.0475,0.5461356646466113,0.23642241171783793,0.21744192363555098,0.5532584940302679,0.44674150596973206,0.5546647123340368,0.343334059835832,0.16280120417052152,8,3-0,0.05624303478336898
50,Group Stage,Group I,2026-06-16,Norway,Iraq,Norway,Iraq,1.7289739781196896,1.0157614934135442,1.7289739781196896,1.0157614934135442,1.0,1.0,0.0,0.0,,,,,1,False,,68.30025097323346,0.0,0.0,False,,,,True,-0.0475,0.5461356646466113,0.23642241171783793,0.21744192363555098,0.5532584940302679,0.44674150596973206,0.5546647123340368,0.343334059835832,0.16280120417052152,9,0-1,0.05580567079510134
50,Group Stage,Group I,2026-06-16,Norway,Iraq,Norway,Iraq,1.7289739781196896,1.0157614934135442,1.7289739781196896,1.0157614934135442,1.0,1.0,0.0,0.0,,,,,1,False,,68.30025097323346,0.0,0.0,False,,,,True,-0.0475,0.5461356646466113,0.23642241171783793,0.21744192363555098,0.5532584940302679,0.44674150596973206,0.5546647123340368,0.343334059835832,0.16280120417052152,10,2-2,0.051608688174811866
55,Group Stage,Group J,2026-06-16,Argentina,Algeria,Argentina,Algeria,2.2857475001573766,0.66856940095626,2.3909555658813204,0.66856940095626,1.0,1.0,0.0,0.0,,,,,1,True,Argentina,210.09949635257544,0.045,0.0,True,0.6970338029436918,0.2035018229283882,0.09946437412792007,True,-0.0475,0.7310763266276846,0.1804485497288609,0.08847512364345446,0.5598964995147349,0.44010350048526514,0.4341608582127331,0.5192691648289265,0.1067528125009878,1,2-0,0.13369776068386305
55,Group Stage,Group J,2026-06-16,Argentina,Algeria,Argentina,Algeria,2.2857475001573766,0.66856940095626,2.3909555658813204,0.66856940095626,1.0,1.0,0.0,0.0,,,,,1,True,Argentina,210.09949635257544,0.045,0.0,True,0.6970338029436918,0.2035018229283882,0.09946437412792007,True,-0.0475,0.7310763266276846,0.1804485497288609,0.08847512364345446,0.5598964995147349,0.44010350048526514,0.4341608582127331,0.5192691648289265,0.1067528125009878,2,1-0,0.11818054377727519
55,Group Stage,Group J,2026-06-16,Argentina,Algeria,Argentina,Algeria,2.2857475001573766,0.66856940095626,2.3909555658813204,0.66856940095626,1.0,1.0,0.0,0.0,,,,,1,True,Argentina,210.09949635257544,0.045,0.0,True,0.6970338029436918,0.2035018229283882,0.09946437412792007,True,-0.0475,0.7310763266276846,0.1804485497288609,0.08847512364345446,0.5598964995147349,0.44010350048526514,0.4341608582127331,0.5192691648289265,0.1067528125009878,3,3-0,0.10508299561673401
55,Group Stage,Group J,2026-06-16,Argentina,Algeria,Argentina,Algeria,2.2857475001573766,0.66856940095626,2.3909555658813204,0.66856940095626,1.0,1.0,0.0,0.0,,,,,1,True,Argentina,210.09949635257544,0.045,0.0,True,0.6970338029436918,0.2035018229283882,0.09946437412792007,True,-0.0475,0.7310763266276846,0.1804485497288609,0.08847512364345446,0.5598964995147349,0.44010350048526514,0.4341608582127331,0.5192691648289265,0.1067528125009878,4,2-1,0.08815129369115564
55,Group Stage,Group J,2026-06-16,Argentina,Algeria,Argentina,Algeria,2.2857475001573766,0.66856940095626,2.3909555658813204,0.66856940095626,1.0,1.0,0.0,0.0,,,,,1,True,Argentina,210.09949635257544,0.045,0.0,True,0.6970338029436918,0.2035018229283882,0.09946437412792007,True,-0.0475,0.7310763266276846,0.1804485497288609,0.08847512364345446,0.5598964995147349,0.44010350048526514,0.4341608582127331,0.5192691648289265,0.1067528125009878,5,1-1,0.08438362460243226
55,Group Stage,Group J,2026-06-16,Argentina,Algeria,Argentina,Algeria,2.2857475001573766,0.66856940095626,2.3909555658813204,0.66856940095626,1.0,1.0,0.0,0.0,,,,,1,True,Argentina,210.09949635257544,0.045,0.0,True,0.6970338029436918,0.2035018229283882,0.09946437412792007,True,-0.0475,0.7310763266276846,0.1804485497288609,0.08847512364345446,0.5598964995147349,0.44010350048526514,0.4341608582127331,0.5192691648289265,0.1067528125009878,6,3-1,0.06656932056430612
55,Group Stage,Group J,2026-06-16,Argentina,Algeria,Argentina,Algeria,2.2857475001573766,0.66856940095626,2.3909555658813204,0.66856940095626,1.0,1.0,0.0,0.0,,,,,1,True,Argentina,210.09949635257544,0.045,0.0,True,0.6970338029436918,0.2035018229283882,0.09946437412792007,True,-0.0475,0.7310763266276846,0.1804485497288609,0.08847512364345446,0.5598964995147349,0.44010350048526514,0.4341608582127331,0.5192691648289265,0.1067528125009878,7,0-0,0.06018283554264754
55,Group Stage,Group J,2026-06-16,Argentina,Algeria,Argentina,Algeria,2.2857475001573766,0.66856940095626,2.3909555658813204,0.66856940095626,1.0,1.0,0.0,0.0,,,,,1,True,Argentina,210.09949635257544,0.045,0.0,True,0.6970338029436918,0.2035018229283882,0.09946437412792007,True,-0.0475,0.7310763266276846,0.1804485497288609,0.08847512364345446,0.5598964995147349,0.44010350048526514,0.4341608582127331,0.5192691648289265,0.1067528125009878,8,4-0,0.05951674100419179
55,Group Stage,Group J,2026-06-16,Argentina,Algeria,Argentina,Algeria,2.2857475001573766,0.66856940095626,2.3909555658813204,0.66856940095626,1.0,1.0,0.0,0.0,,,,,1,True,Argentina,210.09949635257544,0.045,0.0,True,0.6970338029436918,0.2035018229283882,0.09946437412792007,True,-0.0475,0.7310763266276846,0.1804485497288609,0.08847512364345446,0.5598964995147349,0.44010350048526514,0.4341608582127331,0.5192691648289265,0.1067528125009878,9,4-1,0.03865104334743731
55,Group Stage,Group J,2026-06-16,Argentina,Algeria,Argentina,Algeria,2.2857475001573766,0.66856940095626,2.3909555658813204,0.66856940095626,1.0,1.0,0.0,0.0,,,,,1,True,Argentina,210.09949635257544,0.045,0.0,True,0.6970338029436918,0.2035018229283882,0.09946437412792007,True,-0.0475,0.7310763266276846,0.1804485497288609,0.08847512364345446,0.5598964995147349,0.44010350048526514,0.4341608582127331,0.5192691648289265,0.1067528125009878,10,0-1,0.03244709745304477
56,Group Stage,Group J,2026-06-16,Austria,Jordan,Austria,Jordan,1.986313140355857,0.9133322262638559,1.986313140355857,0.9133322262638559,1.0,1.0,0.0,0.0,,,,,1,False,,120.49876514392895,0.0,0.0,True,0.7256546840611144,0.17705974291091195,0.09728557302797358,True,-0.0475,0.647466603919588,0.2073751640203614,0.14515823206005043,0.5673799085694267,0.43262009143057334,0.5217431969838422,0.4095040189598776,0.12567615406783178,1,2-0,0.11029790992807571
56,Group Stage,Group J,2026-06-16,Austria,Jordan,Austria,Jordan,1.986313140355857,0.9133322262638559,1.986313140355857,0.9133322262638559,1.0,1.0,0.0,0.0,,,,,1,False,,120.49876514392895,0.0,0.0,True,0.7256546840611144,0.17705974291091195,0.09728557302797358,True,-0.0475,0.647466603919588,0.2073751640203614,0.14515823206005043,0.5673799085694267,0.43262009143057334,0.5217431969838422,0.4095040189598776,0.12567615406783178,2,1-0,0.10786343770069447
56,Group Stage,Group J,2026-06-16,Austria,Jordan,Austria,Jordan,1.986313140355857,0.9133322262638559,1.986313140355857,0.9133322262638559,1.0,1.0,0.0,0.0,,,,,1,False,,120.49876514392895,0.0,0.0,True,0.7256546840611144,0.17705974291091195,0.09728557302797358,True,-0.0475,0.647466603919588,0.2073751640203614,0.14515823206005043,0.5673799085694267,0.43262009143057334,0.5217431969838422,0.4095040189598776,0.12567615406783178,3,2-1,0.10383685898210596
56,Group Stage,Group J,2026-06-16,Austria,Jordan,Austria,Jordan,1.986313140355857,0.9133322262638559,1.986313140355857,0.9133322262638559,1.0,1.0,0.0,0.0,,,,,1,False,,120.49876514392895,0.0,0.0,True,0.7256546840611144,0.17705974291091195,0.09728557302797358,True,-0.0475,0.647466603919588,0.2073751640203614,0.14515823206005043,0.5673799085694267,0.43262009143057334,0.5217431969838422,0.4095040189598776,0.12567615406783178,4,1-1,0.09685907532150802
56,Group Stage,Group J,2026-06-16,Austria,Jordan,Austria,Jordan,1.986313140355857,0.9133322262638559,1.986313140355857,0.9133322262638559,1.0,1.0,0.0,0.0,,,,,1,False,,120.49876514392895,0.0,0.0,True,0.7256546840611144,0.17705974291091195,0.09728557302797358,True,-0.0475,0.647466603919588,0.2073751640203614,0.14515823206005043,0.5673799085694267,0.43262009143057334,0.5217431969838422,0.4095040189598776,0.12567615406783178,5,3-0,0.07527473264690218
56,Group Stage,Group J,2026-06-16,Austria,Jordan,Austria,Jordan,1.986313140355857,0.9133322262638559,1.986313140355857,0.9133322262638559,1.0,1.0,0.0,0.0,,,,,1,False,,120.49876514392895,0.0,0.0,True,0.7256546840611144,0.17705974291091195,0.09728557302797358,True,-0.0475,0.647466603919588,0.2073751640203614,0.14515823206005043,0.5673799085694267,0.43262009143057334,0.5217431969838422,0.4095040189598776,0.12567615406783178,6,3-1,0.06878248773677693
56,Group Stage,Group J,2026-06-16,Austria,Jordan,Austria,Jordan,1.986313140355857,0.9133322262638559,1.986313140355857,0.9133322262638559,1.0,1.0,0.0,0.0,,,,,1,False,,120.49876514392895,0.0,0.0,True,0.7256546840611144,0.17705974291091195,0.09728557302797358,True,-0.0475,0.647466603919588,0.2073751640203614,0.14515823206005043,0.5673799085694267,0.43262009143057334,0.5217431969838422,0.4095040189598776,0.12567615406783178,7,0-0,0.05692337001155156
56,Group Stage,Group J,2026-06-16,Austria,Jordan,Austria,Jordan,1.986313140355857,0.9133322262638559,1.986313140355857,0.9133322262638559,1.0,1.0,0.0,0.0,,,,,1,False,,120.49876514392895,0.0,0.0,True,0.7256546840611144,0.17705974291091195,0.09728557302797358,True,-0.0475,0.647466603919588,0.2073751640203614,0.14515823206005043,0.5673799085694267,0.43262009143057334,0.5217431969838422,0.4095040189598776,0.12567615406783178,8,2-2,0.04324721515569921
56,Group Stage,Group J,2026-06-16,Austria,Jordan,Austria,Jordan,1.986313140355857,0.9133322262638559,1.986313140355857,0.9133322262638559,1.0,1.0,0.0,0.0,,,,,1,False,,120.49876514392895,0.0,0.0,True,0.7256546840611144,0.17705974291091195,0.09728557302797358,True,-0.0475,0.647466603919588,0.2073751640203614,0.14515823206005043,0.5673799085694267,0.43262009143057334,0.5217431969838422,0.4095040189598776,0.12567615406783178,9,1-2,0.04122429543792413
56,Group Stage,Group J,2026-06-16,Austria,Jordan,Austria,Jordan,1.986313140355857,0.9133322262638559,1.986313140355857,0.9133322262638559,1.0,1.0,0.0,0.0,,,,,1,False,,120.49876514392895,0.0,0.0,True,0.7256546840611144,0.17705974291091195,0.09728557302797358,True,-0.0475,0.647466603919588,0.2073751640203614,0.14515823206005043,0.5673799085694267,0.43262009143057334,0.5217431969838422,0.4095040189598776,0.12567615406783178,10,0-1,0.04054137197935822
61,Group Stage,Group K,2026-06-17,Portugal,DR Congo,Portugal,DR Congo,2.259121978761806,0.6974149204671642,2.363104528716958,0.6974149204671642,1.0,1.0,0.0,0.0,,,,,1,True,Portugal,247.3068855195429,0.045,0.0,True,0.7765830346475507,0.15531660692951013,0.06810035842293906,True,-0.0475,0.7502210549557724,0.16598624820352903,0.08379269684069839,0.5916176187682294,0.4083823812317706,0.4556029084155476,0.5027805618678214,0.09244296747959908,1,2-0,0.13006920578640246
61,Group Stage,Group K,2026-06-17,Portugal,DR Congo,Portugal,DR Congo,2.259121978761806,0.6974149204671642,2.363104528716958,0.6974149204671642,1.0,1.0,0.0,0.0,,,,,1,True,Portugal,247.3068855195429,0.045,0.0,True,0.7765830346475507,0.15531660692951013,0.06810035842293906,True,-0.0475,0.7502210549557724,0.16598624820352903,0.08379269684069839,0.5916176187682294,0.4083823812317706,0.4556029084155476,0.5027805618678214,0.09244296747959908,2,1-0,0.11115306571889383
61,Group Stage,Group K,2026-06-17,Portugal,DR Congo,Portugal,DR Congo,2.259121978761806,0.6974149204671642,2.363104528716958,0.6974149204671642,1.0,1.0,0.0,0.0,,,,,1,True,Portugal,247.3068855195429,0.045,0.0,True,0.7765830346475507,0.15531660692951013,0.06810035842293906,True,-0.0475,0.7502210549557724,0.16598624820352903,0.08379269684069839,0.5916176187682294,0.4083823812317706,0.4556029084155476,0.5027805618678214,0.09244296747959908,3,3-0,0.10503565575422494
61,Group Stage,Group K,2026-06-17,Portugal,DR Congo,Portugal,DR Congo,2.259121978761806,0.6974149204671642,2.363104528716958,0.6974149204671642,1.0,1.0,0.0,0.0,,,,,1,True,Portugal,247.3068855195429,0.045,0.0,True,0.7765830346475507,0.15531660692951013,0.06810035842293906,True,-0.0475,0.7502210549557724,0.16598624820352903,0.08379269684069839,0.5916176187682294,0.4083823812317706,0.4556029084155476,0.5027805618678214,0.09244296747959908,4,2-1,0.09299643661191154
61,Group Stage,Group K,2026-06-17,Portugal,DR Congo,Portugal,DR Congo,2.259121978761806,0.6974149204671642,2.363104528716958,0.6974149204671642,1.0,1.0,0.0,0.0,,,,,1,True,Portugal,247.3068855195429,0.045,0.0,True,0.7765830346475507,0.15531660692951013,0.06810035842293906,True,-0.0475,0.7502210549557724,0.16598624820352903,0.08379269684069839,0.5916176187682294,0.4083823812317706,0.4556029084155476,0.5027805618678214,0.09244296747959908,5,1-1,0.07773196915890093
61,Group Stage,Group K,2026-06-17,Portugal,DR Congo,Portugal,DR Congo,2.259121978761806,0.6974149204671642,2.363104528716958,0.6974149204671642,1.0,1.0,0.0,0.0,,,,,1,True,Portugal,247.3068855195429,0.045,0.0,True,0.7765830346475507,0.15531660692951013,0.06810035842293906,True,-0.0475,0.7502210549557724,0.16598624820352903,0.08379269684069839,0.5916176187682294,0.4083823812317706,0.4556029084155476,0.5027805618678214,0.09244296747959908,6,3-1,0.07229424356395014
61,Group Stage,Group K,2026-06-17,Portugal,DR Congo,Portugal,DR Congo,2.259121978761806,0.6974149204671642,2.363104528716958,0.6974149204671642,1.0,1.0,0.0,0.0,,,,,1,True,Portugal,247.3068855195429,0.045,0.0,True,0.7765830346475507,0.15531660692951013,0.06810035842293906,True,-0.0475,0.7502210549557724,0.16598624820352903,0.08379269684069839,0.5916176187682294,0.4083823812317706,0.4556029084155476,0.5027805618678214,0.09244296747959908,7,4-0,0.06124003421510567
61,Group Stage,Group K,2026-06-17,Portugal,DR Congo,Portugal,DR Congo,2.259121978761806,0.6974149204671642,2.363104528716958,0.6974149204671642,1.0,1.0,0.0,0.0,,,,,1,True,Portugal,247.3068855195429,0.045,0.0,True,0.7765830346475507,0.15531660692951013,0.06810035842293906,True,-0.0475,0.7502210549557724,0.16598624820352903,0.08379269684069839,0.5916176187682294,0.4083823812317706,0.4556029084155476,0.5027805618678214,0.09244296747959908,8,0-0,0.050826437762968066
61,Group Stage,Group K,2026-06-17,Portugal,DR Congo,Portugal,DR Congo,2.259121978761806,0.6974149204671642,2.363104528716958,0.6974149204671642,1.0,1.0,0.0,0.0,,,,,1,True,Portugal,247.3068855195429,0.045,0.0,True,0.7765830346475507,0.15531660692951013,0.06810035842293906,True,-0.0475,0.7502210549557724,0.16598624820352903,0.08379269684069839,0.5916176187682294,0.4083823812317706,0.4556029084155476,0.5027805618678214,0.09244296747959908,9,4-1,0.042221830778000013
61,Group Stage,Group K,2026-06-17,Portugal,DR Congo,Portugal,DR Congo,2.259121978761806,0.6974149204671642,2.363104528716958,0.6974149204671642,1.0,1.0,0.0,0.0,,,,,1,True,Portugal,247.3068855195429,0.045,0.0,True,0.7765830346475507,0.15531660692951013,0.06810035842293906,True,-0.0475,0.7502210549557724,0.16598624820352903,0.08379269684069839,0.5916176187682294,0.4083823812317706,0.4556029084155476,0.5027805618678214,0.09244296747959908,10,2-2,0.030934003544669773
62,Group Stage,Group K,2026-06-17,Uzbekistan,Colombia,Uzbekistan,Colombia,0.7939526888175679,2.2190401127208244,0.7939526888175679,2.321177780160962,1.0,1.0,0.0,0.0,,,,,1,True,Colombia,177.95729960054223,0.0,0.045,True,0.09727626459143969,0.19455252918287938,0.708171206225681,True,-0.0475,0.10724033604095995,0.19208356278505948,0.7006761011739805,0.5652553315304503,0.43474466846954973,0.47576311136636984,0.11094482761766404,0.47070885666032786,1,0-2,0.12433260149094093
62,Group Stage,Group K,2026-06-17,Uzbekistan,Colombia,Uzbekistan,Colombia,0.7939526888175679,2.2190401127208244,0.7939526888175679,2.321177780160962,1.0,1.0,0.0,0.0,,,,,1,True,Colombia,177.95729960054223,0.0,0.045,True,0.09727626459143969,0.19455252918287938,0.708171206225681,True,-0.0475,0.10724033604095995,0.19208356278505948,0.7006761011739805,0.5652553315304503,0.43474466846954973,0.47576311136636984,0.11094482761766404,0.47070885666032786,2,0-1,0.11295800178840357
62,Group Stage,Group K,2026-06-17,Uzbekistan,Colombia,Uzbekistan,Colombia,0.7939526888175679,2.2190401127208244,0.7939526888175679,2.321177780160962,1.0,1.0,0.0,0.0,,,,,1,True,Colombia,177.95729960054223,0.0,0.045,True,0.09727626459143969,0.19455252918287938,0.708171206225681,True,-0.0475,0.10724033604095995,0.19208356278505948,0.7006761011739805,0.5652553315304503,0.43474466846954973,0.47576311136636984,0.11094482761766404,0.47070885666032786,3,1-2,0.09480435133959669
62,Group Stage,Group K,2026-06-17,Uzbekistan,Colombia,Uzbekistan,Colombia,0.7939526888175679,2.2190401127208244,0.7939526888175679,2.321177780160962,1.0,1.0,0.0,0.0,,,,,1,True,Colombia,177.95729960054223,0.0,0.045,True,0.09727626459143969,0.19455252918287938,0.708171206225681,True,-0.0475,0.10724033604095995,0.19208356278505948,0.7006761011739805,0.5652553315304503,0.43474466846954973,0.47576311136636984,0.11094482761766404,0.47070885666032786,4,0-3,0.09238911289108698
62,Group Stage,Group K,2026-06-17,Uzbekistan,Colombia,Uzbekistan,Colombia,0.7939526888175679,2.2190401127208244,0.7939526888175679,2.321177780160962,1.0,1.0,0.0,0.0,,,,,1,True,Colombia,177.95729960054223,0.0,0.045,True,0.09727626459143969,0.19455252918287938,0.708171206225681,True,-0.0475,0.10724033604095995,0.19208356278505948,0.7006761011739805,0.5652553315304503,0.43474466846954973,0.47576311136636984,0.11094482761766404,0.47070885666032786,5,1-1,0.09090725317855745
62,Group Stage,Group K,2026-06-17,Uzbekistan,Colombia,Uzbekistan,Colombia,0.7939526888175679,2.2190401127208244,0.7939526888175679,2.321177780160962,1.0,1.0,0.0,0.0,,,,,1,True,Colombia,177.95729960054223,0.0,0.045,True,0.09727626459143969,0.19455252918287938,0.708171206225681,True,-0.0475,0.10724033604095995,0.19208356278505948,0.7006761011739805,0.5652553315304503,0.43474466846954973,0.47576311136636984,0.11094482761766404,0.47070885666032786,6,1-3,0.06838159495624056
62,Group Stage,Group K,2026-06-17,Uzbekistan,Colombia,Uzbekistan,Colombia,0.7939526888175679,2.2190401127208244,0.7939526888175679,2.321177780160962,1.0,1.0,0.0,0.0,,,,,1,True,Colombia,177.95729960054223,0.0,0.045,True,0.09727626459143969,0.19455252918287938,0.708171206225681,True,-0.0475,0.10724033604095995,0.19208356278505948,0.7006761011739805,0.5652553315304503,0.43474466846954973,0.47576311136636984,0.11094482761766404,0.47070885666032786,7,0-0,0.05741679564436166
62,Group Stage,Group K,2026-06-17,Uzbekistan,Colombia,Uzbekistan,Colombia,0.7939526888175679,2.2190401127208244,0.7939526888175679,2.321177780160962,1.0,1.0,0.0,0.0,,,,,1,True,Colombia,177.95729960054223,0.0,0.045,True,0.09727626459143969,0.19455252918287938,0.708171206225681,True,-0.0475,0.10724033604095995,0.19208356278505948,0.7006761011739805,0.5652553315304503,0.43474466846954973,0.47576311136636984,0.11094482761766404,0.47070885666032786,8,0-4,0.04997962757100255
62,Group Stage,Group K,2026-06-17,Uzbekistan,Colombia,Uzbekistan,Colombia,0.7939526888175679,2.2190401127208244,0.7939526888175679,2.321177780160962,1.0,1.0,0.0,0.0,,,,,1,True,Colombia,177.95729960054223,0.0,0.045,True,0.09727626459143969,0.19455252918287938,0.708171206225681,True,-0.0475,0.10724033604095995,0.19208356278505948,0.7006761011739805,0.5652553315304503,0.43474466846954973,0.47576311136636984,0.11094482761766404,0.47070885666032786,9,1-4,0.03772813923007892
62,Group Stage,Group K,2026-06-17,Uzbekistan,Colombia,Uzbekistan,Colombia,0.7939526888175679,2.2190401127208244,0.7939526888175679,2.321177780160962,1.0,1.0,0.0,0.0,,,,,1,True,Colombia,177.95729960054223,0.0,0.045,True,0.09727626459143969,0.19455252918287938,0.708171206225681,True,-0.0475,0.10724033604095995,0.19208356278505948,0.7006761011739805,0.5652553315304503,0.43474466846954973,0.47576311136636984,0.11094482761766404,0.47070885666032786,10,2-2,0.03579809965317051
67,Group Stage,Group L,2026-06-17,England,Croatia,England,Croatia,1.6663073738835412,1.1829874346701421,1.6663073738835412,1.1829874346701421,1.0,1.0,0.0,0.0,,,,,1,False,,46.81573122320037,0.0,0.0,True,0.5710629448932256,0.2603375189954411,0.16859953611133327,True,-0.0475,0.4989417759112386,0.2600130030796399,0.24104522100912154,0.5166834034352717,0.48331659656472825,0.5479734340437047,0.3326838676949682,0.19015958876826825,1,1-1,0.12315941298926719
67,Group Stage,Group L,2026-06-17,England,Croatia,England,Croatia,1.6663073738835412,1.1829874346701421,1.6663073738835412,1.1829874346701421,1.0,1.0,0.0,0.0,,,,,1,False,,46.81573122320037,0.0,0.0,True,0.5710629448932256,0.2603375189954411,0.16859953611133327,True,-0.0475,0.4989417759112386,0.2600130030796399,0.24104522100912154,0.5166834034352717,0.48331659656472825,0.5479734340437047,0.3326838676949682,0.19015958876826825,2,1-0,0.10343634325694698
67,Group Stage,Group L,2026-06-17,England,Croatia,England,Croatia,1.6663073738835412,1.1829874346701421,1.6663073738835412,1.1829874346701421,1.0,1.0,0.0,0.0,,,,,1,False,,46.81573122320037,0.0,0.0,True,0.5710629448932256,0.2603375189954411,0.16859953611133327,True,-0.0475,0.4989417759112386,0.2600130030796399,0.24104522100912154,0.5166834034352717,0.48331659656472825,0.5479734340437047,0.3326838676949682,0.19015958876826825,3,2-1,0.09848743131696101
67,Group Stage,Group L,2026-06-17,England,Croatia,England,Croatia,1.6663073738835412,1.1829874346701421,1.6663073738835412,1.1829874346701421,1.0,1.0,0.0,0.0,,,,,1,False,,46.81573122320037,0.0,0.0,True,0.5710629448932256,0.2603375189954411,0.16859953611133327,True,-0.0475,0.4989417759112386,0.2600130030796399,0.24104522100912154,0.5166834034352717,0.48331659656472825,0.5479734340437047,0.3326838676949682,0.19015958876826825,4,2-0,0.08606394011782352
67,Group Stage,Group L,2026-06-17,England,Croatia,England,Croatia,1.6663073738835412,1.1829874346701421,1.6663073738835412,1.1829874346701421,1.0,1.0,0.0,0.0,,,,,1,False,,46.81573122320037,0.0,0.0,True,0.5710629448932256,0.2603375189954411,0.16859953611133327,True,-0.0475,0.4989417759112386,0.2600130030796399,0.24104522100912154,0.5166834034352717,0.48331659656472825,0.5479734340437047,0.3326838676949682,0.19015958876826825,5,0-0,0.07081689050694114
67,Group Stage,Group L,2026-06-17,England,Croatia,England,Croatia,1.6663073738835412,1.1829874346701421,1.6663073738835412,1.1829874346701421,1.0,1.0,0.0,0.0,,,,,1,False,,46.81573122320037,0.0,0.0,True,0.5710629448932256,0.2603375189954411,0.16859953611133327,True,-0.0475,0.4989417759112386,0.2600130030796399,0.24104522100912154,0.5166834034352717,0.48331659656472825,0.5479734340437047,0.3326838676949682,0.19015958876826825,6,0-1,0.06218874913481102
67,Group Stage,Group L,2026-06-17,England,Croatia,England,Croatia,1.6663073738835412,1.1829874346701421,1.6663073738835412,1.1829874346701421,1.0,1.0,0.0,0.0,,,,,1,False,,46.81573122320037,0.0,0.0,True,0.5710629448932256,0.2603375189954411,0.16859953611133327,True,-0.0475,0.4989417759112386,0.2600130030796399,0.24104522100912154,0.5166834034352717,0.48331659656472825,0.5479734340437047,0.3326838676949682,0.19015958876826825,7,1-2,0.06068957430757906
67,Group Stage,Group L,2026-06-17,England,Croatia,England,Croatia,1.6663073738835412,1.1829874346701421,1.6663073738835412,1.1829874346701421,1.0,1.0,0.0,0.0,,,,,1,False,,46.81573122320037,0.0,0.0,True,0.5710629448932256,0.2603375189954411,0.16859953611133327,True,-0.0475,0.4989417759112386,0.2600130030796399,0.24104522100912154,0.5166834034352717,0.48331659656472825,0.5479734340437047,0.3326838676949682,0.19015958876826825,8,2-2,0.05276364073277243
67,Group Stage,Group L,2026-06-17,England,Croatia,England,Croatia,1.6663073738835412,1.1829874346701421,1.6663073738835412,1.1829874346701421,1.0,1.0,0.0,0.0,,,,,1,False,,46.81573122320037,0.0,0.0,True,0.5710629448932256,0.2603375189954411,0.16859953611133327,True,-0.0475,0.4989417759112386,0.2600130030796399,0.24104522100912154,0.5166834034352717,0.48331659656472825,0.5479734340437047,0.3326838676949682,0.19015958876826825,9,3-1,0.05149690605316907
67,Group Stage,Group L,2026-06-17,England,Croatia,England,Croatia,1.6663073738835412,1.1829874346701421,1.6663073738835412,1.1829874346701421,1.0,1.0,0.0,0.0,,,,,1,False,,46.81573122320037,0.0,0.0,True,0.5710629448932256,0.2603375189954411,0.16859953611133327,True,-0.0475,0.4989417759112386,0.2600130030796399,0.24104522100912154,0.5166834034352717,0.48331659656472825,0.5479734340437047,0.3326838676949682,0.19015958876826825,10,3-0,0.046241779703563406
68,Group Stage,Group L,2026-06-17,Ghana,Panama,Ghana,Panama,1.362095832851029,1.7325561723036065,1.362095832851029,1.7325561723036065,1.0,1.0,0.0,0.0,,,,,1,False,,127.60178288556403,0.0,0.0,True,0.4588325261279633,0.2951822584756563,0.2459852153963803,True,-0.0475,0.3345803295323929,0.269508134496978,0.3959115359706288,0.5369655505596174,0.46303444944038263,0.5778969535931664,0.2270335657202954,0.26439145205993464,1,1-1,0.12431638440741753
68,Group Stage,Group L,2026-06-17,Ghana,Panama,Ghana,Panama,1.362095832851029,1.7325561723036065,1.362095832851029,1.7325561723036065,1.0,1.0,0.0,0.0,,,,,1,False,,127.60178288556403,0.0,0.0,True,0.4588325261279633,0.2951822584756563,0.2459852153963803,True,-0.0475,0.3345803295323929,0.269508134496978,0.3959115359706288,0.5369655505596174,0.46303444944038263,0.5778969535931664,0.2270335657202954,0.26439145205993464,2,2-1,0.08120279397553495
68,Group Stage,Group L,2026-06-17,Ghana,Panama,Ghana,Panama,1.362095832851029,1.7325561723036065,1.362095832851029,1.7325561723036065,1.0,1.0,0.0,0.0,,,,,1,False,,127.60178288556403,0.0,0.0,True,0.4588325261279633,0.2951822584756563,0.2459852153963803,True,-0.0475,0.3345803295323929,0.269508134496978,0.3959115359706288,0.5369655505596174,0.46303444944038263,0.5778969535931664,0.2270335657202954,0.26439145205993464,3,1-2,0.08047755280569592
68,Group Stage,Group L,2026-06-17,Ghana,Panama,Ghana,Panama,1.362095832851029,1.7325561723036065,1.362095832851029,1.7325561723036065,1.0,1.0,0.0,0.0,,,,,1,False,,127.60178288556403,0.0,0.0,True,0.4588325261279633,0.2951822584756563,0.2459852153963803,True,-0.0475,0.3345803295323929,0.269508134496978,0.3959115359706288,0.5369655505596174,0.46303444944038263,0.5778969535931664,0.2270335657202954,0.26439145205993464,4,0-1,0.07816544452775737
68,Group Stage,Group L,2026-06-17,Ghana,Panama,Ghana,Panama,1.362095832851029,1.7325561723036065,1.362095832851029,1.7325561723036065,1.0,1.0,0.0,0.0,,,,,1,False,,127.60178288556403,0.0,0.0,True,0.4588325261279633,0.2951822584756563,0.2459852153963803,True,-0.0475,0.3345803295323929,0.269508134496978,0.3959115359706288,0.5369655505596174,0.46303444944038263,0.5778969535931664,0.2270335657202954,0.26439145205993464,5,1-0,0.07738598186047979
68,Group Stage,Group L,2026-06-17,Ghana,Panama,Ghana,Panama,1.362095832851029,1.7325561723036065,1.362095832851029,1.7325561723036065,1.0,1.0,0.0,0.0,,,,,1,False,,127.60178288556403,0.0,0.0,True,0.4588325261279633,0.2951822584756563,0.2459852153963803,True,-0.0475,0.3345803295323929,0.269508134496978,0.3959115359706288,0.5369655505596174,0.46303444944038263,0.5778969535931664,0.2270335657202954,0.26439145205993464,6,0-0,0.0693219713733966
68,Group Stage,Group L,2026-06-17,Ghana,Panama,Ghana,Panama,1.362095832851029,1.7325561723036065,1.362095832851029,1.7325561723036065,1.0,1.0,0.0,0.0,,,,,1,False,,127.60178288556403,0.0,0.0,True,0.4588325261279633,0.2951822584756563,0.2459852153963803,True,-0.0475,0.3345803295323929,0.269508134496978,0.3959115359706288,0.5369655505596174,0.46303444944038263,0.5778969535931664,0.2270335657202954,0.26439145205993464,7,0-2,0.06348468814039221
68,Group Stage,Group L,2026-06-17,Ghana,Panama,Ghana,Panama,1.362095832851029,1.7325561723036065,1.362095832851029,1.7325561723036065,1.0,1.0,0.0,0.0,,,,,1,False,,127.60178288556403,0.0,0.0,True,0.4588325261279633,0.2951822584756563,0.2459852153963803,True,-0.0475,0.3345803295323929,0.269508134496978,0.3959115359706288,0.5369655505596174,0.46303444944038263,0.5778969535931664,0.2270335657202954,0.26439145205993464,8,2-2,0.05880174542424995
68,Group Stage,Group L,2026-06-17,Ghana,Panama,Ghana,Panama,1.362095832851029,1.7325561723036065,1.362095832851029,1.7325561723036065,1.0,1.0,0.0,0.0,,,,,1,False,,127.60178288556403,0.0,0.0,True,0.4588325261279633,0.2951822584756563,0.2459852153963803,True,-0.0475,0.3345803295323929,0.269508134496978,0.3959115359706288,0.5369655505596174,0.46303444944038263,0.5778969535931664,0.2270335657202954,0.26439145205993464,9,2-0,0.050359979130939064
68,Group Stage,Group L,2026-06-17,Ghana,Panama,Ghana,Panama,1.362095832851029,1.7325561723036065,1.362095832851029,1.7325561723036065,1.0,1.0,0.0,0.0,,,,,1,False,,127.60178288556403,0.0,0.0,True,0.4588325261279633,0.2951822584756563,0.2459852153963803,True,-0.0475,0.3345803295323929,0.269508134496978,0.3959115359706288,0.5369655505596174,0.46303444944038263,0.5778969535931664,0.2270335657202954,0.26439145205993464,10,1-3,0.04193953447998835
3,Group Stage,Group A,2026-06-18,South Africa,Czech Republic,南非,捷克,1.0616032931435548,1.7033782821035177,1.0616032931435548,1.7033782821035177,1.0,1.0,0.0,0.0,,,,,2,False,,94.01461817775271,0.0,0.0,False,,,,False,-0.0475,0.23079351901369455,0.250867270289403,0.5183392106969024,0.5219620748969455,0.47803792510305454,0.5403694698129391,0.18213895027496776,0.3459062033983049,1,1-1,0.11934069819290775
3,Group Stage,Group A,2026-06-18,South Africa,Czech Republic,南非,捷克,1.0616032931435548,1.7033782821035177,1.0616032931435548,1.7033782821035177,1.0,1.0,0.0,0.0,,,,,2,False,,94.01461817775271,0.0,0.0,False,,,,False,-0.0475,0.23079351901369455,0.250867270289403,0.5183392106969024,0.5219620748969455,0.47803792510305454,0.5403694698129391,0.18213895027496776,0.3459062033983049,2,0-1,0.1019062989042971
3,Group Stage,Group A,2026-06-18,South Africa,Czech Republic,南非,捷克,1.0616032931435548,1.7033782821035177,1.0616032931435548,1.7033782821035177,1.0,1.0,0.0,0.0,,,,,2,False,,94.01461817775271,0.0,0.0,False,,,,False,-0.0475,0.23079351901369455,0.250867270289403,0.5183392106969024,0.5219620748969455,0.47803792510305454,0.5403694698129391,0.18213895027496776,0.3459062033983049,3,1-2,0.0970321496290547
3,Group Stage,Group A,2026-06-18,South Africa,Czech Republic,南非,捷克,1.0616032931435548,1.7033782821035177,1.0616032931435548,1.7033782821035177,1.0,1.0,0.0,0.0,,,,,2,False,,94.01461817775271,0.0,0.0,False,,,,False,-0.0475,0.23079351901369455,0.250867270289403,0.5183392106969024,0.5219620748969455,0.47803792510305454,0.5403694698129391,0.18213895027496776,0.3459062033983049,4,0-2,0.0914015152889447
3,Group Stage,Group A,2026-06-18,South Africa,Czech Republic,南非,捷克,1.0616032931435548,1.7033782821035177,1.0616032931435548,1.7033782821035177,1.0,1.0,0.0,0.0,,,,,2,False,,94.01461817775271,0.0,0.0,False,,,,False,-0.0475,0.23079351901369455,0.250867270289403,0.5183392106969024,0.5219620748969455,0.47803792510305454,0.5403694698129391,0.18213895027496776,0.3459062033983049,5,0-0,0.06841462348621173
3,Group Stage,Group A,2026-06-18,South Africa,Czech Republic,南非,捷克,1.0616032931435548,1.7033782821035177,1.0616032931435548,1.7033782821035177,1.0,1.0,0.0,0.0,,,,,2,False,,94.01461817775271,0.0,0.0,False,,,,False,-0.0475,0.23079351901369455,0.250867270289403,0.5183392106969024,0.5219620748969455,0.47803792510305454,0.5403694698129391,0.18213895027496776,0.3459062033983049,6,1-0,0.06147255390810429
3,Group Stage,Group A,2026-06-18,South Africa,Czech Republic,南非,捷克,1.0616032931435548,1.7033782821035177,1.0616032931435548,1.7033782821035177,1.0,1.0,0.0,0.0,,,,,2,False,,94.01461817775271,0.0,0.0,False,,,,False,-0.0475,0.23079351901369455,0.250867270289403,0.5183392106969024,0.5219620748969455,0.47803792510305454,0.5403694698129391,0.18213895027496776,0.3459062033983049,7,2-1,0.06047373661462622
3,Group Stage,Group A,2026-06-18,South Africa,Czech Republic,南非,捷克,1.0616032931435548,1.7033782821035177,1.0616032931435548,1.7033782821035177,1.0,1.0,0.0,0.0,,,,,2,False,,94.01461817775271,0.0,0.0,False,,,,False,-0.0475,0.23079351901369455,0.250867270289403,0.5183392106969024,0.5219620748969455,0.47803792510305454,0.5403694698129391,0.18213895027496776,0.3459062033983049,8,1-3,0.05509415211465023
3,Group Stage,Group A,2026-06-18,South Africa,Czech Republic,南非,捷克,1.0616032931435548,1.7033782821035177,1.0616032931435548,1.7033782821035177,1.0,1.0,0.0,0.0,,,,,2,False,,94.01461817775271,0.0,0.0,False,,,,False,-0.0475,0.23079351901369455,0.250867270289403,0.5183392106969024,0.5219620748969455,0.47803792510305454,0.5403694698129391,0.18213895027496776,0.3459062033983049,9,0-3,0.05189711869818035
3,Group Stage,Group A,2026-06-18,South Africa,Czech Republic,南非,捷克,1.0616032931435548,1.7033782821035177,1.0616032931435548,1.7033782821035177,1.0,1.0,0.0,0.0,,,,,2,False,,94.01461817775271,0.0,0.0,False,,,,False,-0.0475,0.23079351901369455,0.250867270289403,0.5183392106969024,0.5219620748969455,0.47803792510305454,0.5403694698129391,0.18213895027496776,0.3459062033983049,10,2-2,0.0515048247935013
4,Group Stage,Group A,2026-06-18,Mexico,South Korea,墨西哥,韩国,1.5312520180671243,1.0334853113661449,1.5312520180671243,1.0334853113661449,1.0,1.0,0.0,0.0,,,,,2,False,,39.10302386759349,0.0,0.0,False,,,,False,-0.0475,0.48208161368072866,0.2678557556905019,0.25006263062876954,0.4725728831119548,0.5274271168880452,0.5106638177474865,0.3557694541032408,0.2163068237809139,1,1-1,0.12756863009628708
4,Group Stage,Group A,2026-06-18,Mexico,South Korea,墨西哥,韩国,1.5312520180671243,1.0334853113661449,1.5312520180671243,1.0334853113661449,1.0,1.0,0.0,0.0,,,,,2,False,,39.10302386759349,0.0,0.0,False,,,,False,-0.0475,0.48208161368072866,0.2678557556905019,0.25006263062876954,0.4725728831119548,0.5274271168880452,0.5106638177474865,0.3557694541032408,0.2163068237809139,2,1-0,0.11205331622702575
4,Group Stage,Group A,2026-06-18,Mexico,South Korea,墨西哥,韩国,1.5312520180671243,1.0334853113661449,1.5312520180671243,1.0334853113661449,1.0,1.0,0.0,0.0,,,,,2,False,,39.10302386759349,0.0,0.0,False,,,,False,-0.0475,0.48208161368072866,0.2678557556905019,0.25006263062876954,0.4725728831119548,0.5274271168880452,0.5106638177474865,0.3557694541032408,0.2163068237809139,3,2-1,0.09324091755465301
4,Group Stage,Group A,2026-06-18,Mexico,South Korea,墨西哥,韩国,1.5312520180671243,1.0334853113661449,1.5312520180671243,1.0334853113661449,1.0,1.0,0.0,0.0,,,,,2,False,,39.10302386759349,0.0,0.0,False,,,,False,-0.0475,0.48208161368072866,0.2678557556905019,0.25006263062876954,0.4725728831119548,0.5274271168880452,0.5106638177474865,0.3557694541032408,0.2163068237809139,4,2-0,0.09021987688571943
4,Group Stage,Group A,2026-06-18,Mexico,South Korea,墨西哥,韩国,1.5312520180671243,1.0334853113661449,1.5312520180671243,1.0334853113661449,1.0,1.0,0.0,0.0,,,,,2,False,,39.10302386759349,0.0,0.0,False,,,,False,-0.0475,0.48208161368072866,0.2678557556905019,0.25006263062876954,0.4725728831119548,0.5274271168880452,0.5106638177474865,0.3557694541032408,0.2163068237809139,5,0-0,0.08274009563164103
4,Group Stage,Group A,2026-06-18,Mexico,South Korea,墨西哥,韩国,1.5312520180671243,1.0334853113661449,1.5312520180671243,1.0334853113661449,1.0,1.0,0.0,0.0,,,,,2,False,,39.10302386759349,0.0,0.0,False,,,,False,-0.0475,0.48208161368072866,0.2678557556905019,0.25006263062876954,0.4725728831119548,0.5274271168880452,0.5106638177474865,0.3557694541032408,0.2163068237809139,6,0-1,0.07374749981054089
4,Group Stage,Group A,2026-06-18,Mexico,South Korea,墨西哥,韩国,1.5312520180671243,1.0334853113661449,1.5312520180671243,1.0334853113661449,1.0,1.0,0.0,0.0,,,,,2,False,,39.10302386759349,0.0,0.0,False,,,,False,-0.0475,0.48208161368072866,0.2678557556905019,0.25006263062876954,0.4725728831119548,0.5274271168880452,0.5106638177474865,0.3557694541032408,0.2163068237809139,7,1-2,0.06293093336306148
4,Group Stage,Group A,2026-06-18,Mexico,South Korea,墨西哥,韩国,1.5312520180671243,1.0334853113661449,1.5312520180671243,1.0334853113661449,1.0,1.0,0.0,0.0,,,,,2,False,,39.10302386759349,0.0,0.0,False,,,,False,-0.0475,0.48208161368072866,0.2678557556905019,0.25006263062876954,0.4725728831119548,0.5274271168880452,0.5106638177474865,0.3557694541032408,0.2163068237809139,8,2-2,0.04818155935551781
4,Group Stage,Group A,2026-06-18,Mexico,South Korea,墨西哥,韩国,1.5312520180671243,1.0334853113661449,1.5312520180671243,1.0334853113661449,1.0,1.0,0.0,0.0,,,,,2,False,,39.10302386759349,0.0,0.0,False,,,,False,-0.0475,0.48208161368072866,0.2678557556905019,0.25006263062876954,0.4725728831119548,0.5274271168880452,0.5106638177474865,0.3557694541032408,0.2163068237809139,9,3-1,0.047591781057330924
4,Group Stage,Group A,2026-06-18,Mexico,South Korea,墨西哥,韩国,1.5312520180671243,1.0334853113661449,1.5312520180671243,1.0334853113661449,1.0,1.0,0.0,0.0,,,,,2,False,,39.10302386759349,0.0,0.0,False,,,,False,-0.0475,0.48208161368072866,0.2678557556905019,0.25006263062876954,0.4725728831119548,0.5274271168880452,0.5106638177474865,0.3557694541032408,0.2163068237809139,10,3-0,0.04604978951700846
9,Group Stage,Group B,2026-06-18,Switzerland,Bosnia and Herzegovina,瑞士,波黑,2.410901707001329,0.8833997008102762,2.410901707001329,0.8833997008102762,1.0,1.0,0.0,0.0,,,,,2,False,,199.5749775961781,0.0,0.0,False,,,,False,-0.0475,0.7065025753834041,0.17767535265228077,0.1158220719643152,0.6381854240766328,0.3618145759233672,0.5375672384383834,0.41337690920422143,0.09004315240876604,1,2-0,0.10817475449277379
9,Group Stage,Group B,2026-06-18,Switzerland,Bosnia and Herzegovina,瑞士,波黑,2.410901707001329,0.8833997008102762,2.410901707001329,0.8833997008102762,1.0,1.0,0.0,0.0,,,,,2,False,,199.5749775961781,0.0,0.0,False,,,,False,-0.0475,0.7065025753834041,0.17767535265228077,0.1158220719643152,0.6381854240766328,0.3618145759233672,0.5375672384383834,0.41337690920422143,0.09004315240876604,2,2-1,0.09556154575414144
9,Group Stage,Group B,2026-06-18,Switzerland,Bosnia and Herzegovina,瑞士,波黑,2.410901707001329,0.8833997008102762,2.410901707001329,0.8833997008102762,1.0,1.0,0.0,0.0,,,,,2,False,,199.5749775961781,0.0,0.0,False,,,,False,-0.0475,0.7065025753834041,0.17767535265228077,0.1158220719643152,0.6381854240766328,0.3618145759233672,0.5375672384383834,0.41337690920422143,0.09004315240876604,3,3-0,0.08693290008702598
9,Group Stage,Group B,2026-06-18,Switzerland,Bosnia and Herzegovina,瑞士,波黑,2.410901707001329,0.8833997008102762,2.410901707001329,0.8833997008102762,1.0,1.0,0.0,0.0,,,,,2,False,,199.5749775961781,0.0,0.0,False,,,,False,-0.0475,0.7065025753834041,0.17767535265228077,0.1158220719643152,0.6381854240766328,0.3618145759233672,0.5375672384383834,0.41337690920422143,0.09004315240876604,4,1-0,0.08597246479895161
9,Group Stage,Group B,2026-06-18,Switzerland,Bosnia and Herzegovina,瑞士,波黑,2.410901707001329,0.8833997008102762,2.410901707001329,0.8833997008102762,1.0,1.0,0.0,0.0,,,,,2,False,,199.5749775961781,0.0,0.0,False,,,,False,-0.0475,0.7065025753834041,0.17767535265228077,0.1158220719643152,0.6381854240766328,0.3618145759233672,0.5375672384383834,0.41337690920422143,0.09004315240876604,5,1-1,0.08304006661637656
9,Group Stage,Group B,2026-06-18,Switzerland,Bosnia and Herzegovina,瑞士,波黑,2.410901707001329,0.8833997008102762,2.410901707001329,0.8833997008102762,1.0,1.0,0.0,0.0,,,,,2,False,,199.5749775961781,0.0,0.0,False,,,,False,-0.0475,0.7065025753834041,0.17767535265228077,0.1158220719643152,0.6381854240766328,0.3618145759233672,0.5375672384383834,0.41337690920422143,0.09004315240876604,6,3-1,0.07679649792744839
9,Group Stage,Group B,2026-06-18,Switzerland,Bosnia and Herzegovina,瑞士,波黑,2.410901707001329,0.8833997008102762,2.410901707001329,0.8833997008102762,1.0,1.0,0.0,0.0,,,,,2,False,,199.5749775961781,0.0,0.0,False,,,,False,-0.0475,0.7065025753834041,0.17767535265228077,0.1158220719643152,0.6381854240766328,0.3618145759233672,0.5375672384383834,0.41337690920422143,0.09004315240876604,7,4-0,0.05239666930359673
9,Group Stage,Group B,2026-06-18,Switzerland,Bosnia and Herzegovina,瑞士,波黑,2.410901707001329,0.8833997008102762,2.410901707001329,0.8833997008102762,1.0,1.0,0.0,0.0,,,,,2,False,,199.5749775961781,0.0,0.0,False,,,,False,-0.0475,0.7065025753834041,0.17767535265228077,0.1158220719643152,0.6381854240766328,0.3618145759233672,0.5375672384383834,0.41337690920422143,0.09004315240876604,8,4-1,0.04628720198625234
9,Group Stage,Group B,2026-06-18,Switzerland,Bosnia and Herzegovina,瑞士,波黑,2.410901707001329,0.8833997008102762,2.410901707001329,0.8833997008102762,1.0,1.0,0.0,0.0,,,,,2,False,,199.5749775961781,0.0,0.0,False,,,,False,-0.0475,0.7065025753834041,0.17767535265228077,0.1158220719643152,0.6381854240766328,0.3618145759233672,0.5375672384383834,0.41337690920422143,0.09004315240876604,9,2-2,0.04220952046408804
9,Group Stage,Group B,2026-06-18,Switzerland,Bosnia and Herzegovina,瑞士,波黑,2.410901707001329,0.8833997008102762,2.410901707001329,0.8833997008102762,1.0,1.0,0.0,0.0,,,,,2,False,,199.5749775961781,0.0,0.0,False,,,,False,-0.0475,0.7065025753834041,0.17767535265228077,0.1158220719643152,0.6381854240766328,0.3618145759233672,0.5375672384383834,0.41337690920422143,0.09004315240876604,10,0-0,0.040987300051370794
10,Group Stage,Group B,2026-06-18,Canada,Qatar,加拿大,卡塔尔,2.174844355297178,0.6543834821544043,2.174844355297178,0.6543834821544043,1.0,1.0,0.0,0.0,,,,,2,False,,184.57795411668712,0.0,0.0,False,,,,False,-0.0475,0.7194114650624849,0.18651750445664997,0.09407103048086539,0.5366298854068521,0.4633701145931479,0.42956900041418106,0.5197626494405965,0.11383567662137395,1,2-0,0.13992967601472492
10,Group Stage,Group B,2026-06-18,Canada,Qatar,加拿大,卡塔尔,2.174844355297178,0.6543834821544043,2.174844355297178,0.6543834821544043,1.0,1.0,0.0,0.0,,,,,2,False,,184.57795411668712,0.0,0.0,False,,,,False,-0.0475,0.7194114650624849,0.18651750445664997,0.09407103048086539,0.5366298854068521,0.4633701145931479,0.42956900041418106,0.5197626494405965,0.11383567662137395,2,1-0,0.12468038130981952
10,Group Stage,Group B,2026-06-18,Canada,Qatar,加拿大,卡塔尔,2.174844355297178,0.6543834821544043,2.174844355297178,0.6543834821544043,1.0,1.0,0.0,0.0,,,,,2,False,,184.57795411668712,0.0,0.0,False,,,,False,-0.0475,0.7194114650624849,0.18651750445664997,0.09407103048086539,0.5366298854068521,0.4633701145931479,0.42956900041418106,0.5197626494405965,0.11383567662137395,3,3-0,0.10144175533972914
10,Group Stage,Group B,2026-06-18,Canada,Qatar,加拿大,卡塔尔,2.174844355297178,0.6543834821544043,2.174844355297178,0.6543834821544043,1.0,1.0,0.0,0.0,,,,,2,False,,184.57795411668712,0.0,0.0,False,,,,False,-0.0475,0.7194114650624849,0.18651750445664997,0.09407103048086539,0.5366298854068521,0.4633701145931479,0.42956900041418106,0.5197626494405965,0.11383567662137395,4,2-1,0.09156766864725333
10,Group Stage,Group B,2026-06-18,Canada,Qatar,加拿大,卡塔尔,2.174844355297178,0.6543834821544043,2.174844355297178,0.6543834821544043,1.0,1.0,0.0,0.0,,,,,2,False,,184.57795411668712,0.0,0.0,False,,,,False,-0.0475,0.7194114650624849,0.18651750445664997,0.09407103048086539,0.5366298854068521,0.4633701145931479,0.42956900041418106,0.5197626494405965,0.11383567662137395,5,1-1,0.08820597453273055
10,Group Stage,Group B,2026-06-18,Canada,Qatar,加拿大,卡塔尔,2.174844355297178,0.6543834821544043,2.174844355297178,0.6543834821544043,1.0,1.0,0.0,0.0,,,,,2,False,,184.57795411668712,0.0,0.0,False,,,,False,-0.0475,0.7194114650624849,0.18651750445664997,0.09407103048086539,0.5366298854068521,0.4633701145931479,0.42956900041418106,0.5197626494405965,0.11383567662137395,6,3-1,0.06638180909506709
10,Group Stage,Group B,2026-06-18,Canada,Qatar,加拿大,卡塔尔,2.174844355297178,0.6543834821544043,2.174844355297178,0.6543834821544043,1.0,1.0,0.0,0.0,,,,,2,False,,184.57795411668712,0.0,0.0,False,,,,False,-0.0475,0.7194114650624849,0.18651750445664997,0.09407103048086539,0.5366298854068521,0.4633701145931479,0.42956900041418106,0.5197626494405965,0.11383567662137395,7,0-0,0.06316732647615124
10,Group Stage,Group B,2026-06-18,Canada,Qatar,加拿大,卡塔尔,2.174844355297178,0.6543834821544043,2.174844355297178,0.6543834821544043,1.0,1.0,0.0,0.0,,,,,2,False,,184.57795411668712,0.0,0.0,False,,,,False,-0.0475,0.7194114650624849,0.18651750445664997,0.09407103048086539,0.5366298854068521,0.4633701145931479,0.42956900041418106,0.5197626494405965,0.11383567662137395,8,4-0,0.05515500724801181
10,Group Stage,Group B,2026-06-18,Canada,Qatar,加拿大,卡塔尔,2.174844355297178,0.6543834821544043,2.174844355297178,0.6543834821544043,1.0,1.0,0.0,0.0,,,,,2,False,,184.57795411668712,0.0,0.0,False,,,,False,-0.0475,0.7194114650624849,0.18651750445664997,0.09407103048086539,0.5366298854068521,0.4633701145931479,0.42956900041418106,0.5197626494405965,0.11383567662137395,9,4-1,0.03609252570120538
10,Group Stage,Group B,2026-06-18,Canada,Qatar,加拿大,卡塔尔,2.174844355297178,0.6543834821544043,2.174844355297178,0.6543834821544043,1.0,1.0,0.0,0.0,,,,,2,False,,184.57795411668712,0.0,0.0,False,,,,False,-0.0475,0.7194114650624849,0.18651750445664997,0.09407103048086539,0.5366298854068521,0.4633701145931479,0.42956900041418106,0.5197626494405965,0.11383567662137395,10,0-1,0.034718462602975994
15,Group Stage,Group C,2026-06-19,Scotland,Morocco,苏格兰,摩洛哥,0.9277625997505903,1.8538080640095145,0.9277625997505903,1.8538080640095145,1.0,1.0,0.0,0.0,,,,,2,False,,146.6244763185698,0.0,0.0,False,,,,False,-0.0475,0.17963644082429983,0.2343226143305321,0.5860409448451681,0.5258172165701622,0.4741827834298378,0.5148616011781576,0.15674585566254343,0.3954398436925723,1,1-1,0.11166887798890207
15,Group Stage,Group C,2026-06-19,Scotland,Morocco,苏格兰,摩洛哥,0.9277625997505903,1.8538080640095145,0.9277625997505903,1.8538080640095145,1.0,1.0,0.0,0.0,,,,,2,False,,146.6244763185698,0.0,0.0,False,,,,False,-0.0475,0.17963644082429983,0.2343226143305321,0.5860409448451681,0.5258172165701622,0.4741827834298378,0.5148616011781576,0.15674585566254343,0.3954398436925723,2,0-1,0.1098418733066014
15,Group Stage,Group C,2026-06-19,Scotland,Morocco,苏格兰,摩洛哥,0.9277625997505903,1.8538080640095145,0.9277625997505903,1.8538080640095145,1.0,1.0,0.0,0.0,,,,,2,False,,146.6244763185698,0.0,0.0,False,,,,False,-0.0475,0.17963644082429983,0.2343226143305321,0.5860409448451681,0.5258172165701622,0.4741827834298378,0.5148616011781576,0.15674585566254343,0.3954398436925723,3,0-2,0.10650647986156019
15,Group Stage,Group C,2026-06-19,Scotland,Morocco,苏格兰,摩洛哥,0.9277625997505903,1.8538080640095145,0.9277625997505903,1.8538080640095145,1.0,1.0,0.0,0.0,,,,,2,False,,146.6244763185698,0.0,0.0,False,,,,False,-0.0475,0.17963644082429983,0.2343226143305321,0.5860409448451681,0.5258172165701622,0.4741827834298378,0.5148616011781576,0.15674585566254343,0.3954398436925723,4,1-2,0.09881272864664498
15,Group Stage,Group C,2026-06-19,Scotland,Morocco,苏格兰,摩洛哥,0.9277625997505903,1.8538080640095145,0.9277625997505903,1.8538080640095145,1.0,1.0,0.0,0.0,,,,,2,False,,146.6244763185698,0.0,0.0,False,,,,False,-0.0475,0.17963644082429983,0.2343226143305321,0.5860409448451681,0.5258172165701622,0.4741827834298378,0.5148616011781576,0.15674585566254343,0.3954398436925723,5,0-0,0.06704730053327314
15,Group Stage,Group C,2026-06-19,Scotland,Morocco,苏格兰,摩洛哥,0.9277625997505903,1.8538080640095145,0.9277625997505903,1.8538080640095145,1.0,1.0,0.0,0.0,,,,,2,False,,146.6244763185698,0.0,0.0,False,,,,False,-0.0475,0.17963644082429983,0.2343226143305321,0.5860409448451681,0.5258172165701622,0.4741827834298378,0.5148616011781576,0.15674585566254343,0.3954398436925723,6,0-3,0.06581419041220908
15,Group Stage,Group C,2026-06-19,Scotland,Morocco,苏格兰,摩洛哥,0.9277625997505903,1.8538080640095145,0.9277625997505903,1.8538080640095145,1.0,1.0,0.0,0.0,,,,,2,False,,146.6244763185698,0.0,0.0,False,,,,False,-0.0475,0.17963644082429983,0.2343226143305321,0.5860409448451681,0.5258172165701622,0.4741827834298378,0.5148616011781576,0.15674585566254343,0.3954398436925723,7,1-3,0.06105994439731147
15,Group Stage,Group C,2026-06-19,Scotland,Morocco,苏格兰,摩洛哥,0.9277625997505903,1.8538080640095145,0.9277625997505903,1.8538080640095145,1.0,1.0,0.0,0.0,,,,,2,False,,146.6244763185698,0.0,0.0,False,,,,False,-0.0475,0.17963644082429983,0.2343226143305321,0.5860409448451681,0.5258172165701622,0.4741827834298378,0.5148616011781576,0.15674585566254343,0.3954398436925723,8,1-0,0.05244228180051404
15,Group Stage,Group C,2026-06-19,Scotland,Morocco,苏格兰,摩洛哥,0.9277625997505903,1.8538080640095145,0.9277625997505903,1.8538080640095145,1.0,1.0,0.0,0.0,,,,,2,False,,146.6244763185698,0.0,0.0,False,,,,False,-0.0475,0.17963644082429983,0.2343226143305321,0.5860409448451681,0.5258172165701622,0.4741827834298378,0.5148616011781576,0.15674585566254343,0.3954398436925723,9,2-1,0.049452128188169575
15,Group Stage,Group C,2026-06-19,Scotland,Morocco,苏格兰,摩洛哥,0.9277625997505903,1.8538080640095145,0.9277625997505903,1.8538080640095145,1.0,1.0,0.0,0.0,,,,,2,False,,146.6244763185698,0.0,0.0,False,,,,False,-0.0475,0.17963644082429983,0.2343226143305321,0.5860409448451681,0.5258172165701622,0.4741827834298378,0.5148616011781576,0.15674585566254343,0.3954398436925723,10,2-2,0.045837377008830484
16,Group Stage,Group C,2026-06-19,Brazil,Haiti,巴西,海地,3.0788123296042813,0.6636382597487024,3.0788123296042813,0.6636382597487024,1.0,1.0,0.0,0.0,,,,,2,False,,325.9667362887294,0.0,0.0,False,,,,False,-0.0475,0.8419866987814941,0.10933396811455434,0.048679333103951686,0.7178153752549497,0.28218462474505035,0.46472925997375686,0.5149745786976976,0.046652943405065365,1,3-0,0.11685928940048244
16,Group Stage,Group C,2026-06-19,Brazil,Haiti,巴西,海地,3.0788123296042813,0.6636382597487024,3.0788123296042813,0.6636382597487024,1.0,1.0,0.0,0.0,,,,,2,False,,325.9667362887294,0.0,0.0,False,,,,False,-0.0475,0.8419866987814941,0.10933396811455434,0.048679333103951686,0.7178153752549497,0.28218462474505035,0.46472925997375686,0.5149745786976976,0.046652943405065365,2,2-0,0.11386789146921047
16,Group Stage,Group C,2026-06-19,Brazil,Haiti,巴西,海地,3.0788123296042813,0.6636382597487024,3.0788123296042813,0.6636382597487024,1.0,1.0,0.0,0.0,,,,,2,False,,325.9667362887294,0.0,0.0,False,,,,False,-0.0475,0.8419866987814941,0.10933396811455434,0.048679333103951686,0.7178153752549497,0.28218462474505035,0.46472925997375686,0.5149745786976976,0.046652943405065365,3,4-0,0.08994695525875007
16,Group Stage,Group C,2026-06-19,Brazil,Haiti,巴西,海地,3.0788123296042813,0.6636382597487024,3.0788123296042813,0.6636382597487024,1.0,1.0,0.0,0.0,,,,,2,False,,325.9667362887294,0.0,0.0,False,,,,False,-0.0475,0.8419866987814941,0.10933396811455434,0.048679333103951686,0.7178153752549497,0.28218462474505035,0.46472925997375686,0.5149745786976976,0.046652943405065365,4,3-1,0.07755229545320615
16,Group Stage,Group C,2026-06-19,Brazil,Haiti,巴西,海地,3.0788123296042813,0.6636382597487024,3.0788123296042813,0.6636382597487024,1.0,1.0,0.0,0.0,,,,,2,False,,325.9667362887294,0.0,0.0,False,,,,False,-0.0475,0.8419866987814941,0.10933396811455434,0.048679333103951686,0.7178153752549497,0.28218462474505035,0.46472925997375686,0.5149745786976976,0.046652943405065365,5,2-1,0.07556708933588094
16,Group Stage,Group C,2026-06-19,Brazil,Haiti,巴西,海地,3.0788123296042813,0.6636382597487024,3.0788123296042813,0.6636382597487024,1.0,1.0,0.0,0.0,,,,,2,False,,325.9667362887294,0.0,0.0,False,,,,False,-0.0475,0.8419866987814941,0.10933396811455434,0.048679333103951686,0.7178153752549497,0.28218462474505035,0.46472925997375686,0.5149745786976976,0.046652943405065365,6,1-0,0.07163700993748465
16,Group Stage,Group C,2026-06-19,Brazil,Haiti,巴西,海地,3.0788123296042813,0.6636382597487024,3.0788123296042813,0.6636382597487024,1.0,1.0,0.0,0.0,,,,,2,False,,325.9667362887294,0.0,0.0,False,,,,False,-0.0475,0.8419866987814941,0.10933396811455434,0.048679333103951686,0.7178153752549497,0.28218462474505035,0.46472925997375686,0.5149745786976976,0.046652943405065365,7,4-1,0.05969224085761129
16,Group Stage,Group C,2026-06-19,Brazil,Haiti,巴西,海地,3.0788123296042813,0.6636382597487024,3.0788123296042813,0.6636382597487024,1.0,1.0,0.0,0.0,,,,,2,False,,325.9667362887294,0.0,0.0,False,,,,False,-0.0475,0.8419866987814941,0.10933396811455434,0.048679333103951686,0.7178153752549497,0.28218462474505035,0.46472925997375686,0.5149745786976976,0.046652943405065365,8,5-0,0.05538595897220087
16,Group Stage,Group C,2026-06-19,Brazil,Haiti,巴西,海地,3.0788123296042813,0.6636382597487024,3.0788123296042813,0.6636382597487024,1.0,1.0,0.0,0.0,,,,,2,False,,325.9667362887294,0.0,0.0,False,,,,False,-0.0475,0.8419866987814941,0.10933396811455434,0.048679333103951686,0.7178153752549497,0.28218462474505035,0.46472925997375686,0.5149745786976976,0.046652943405065365,9,1-1,0.051420169601249614
16,Group Stage,Group C,2026-06-19,Brazil,Haiti,巴西,海地,3.0788123296042813,0.6636382597487024,3.0788123296042813,0.6636382597487024,1.0,1.0,0.0,0.0,,,,,2,False,,325.9667362887294,0.0,0.0,False,,,,False,-0.0475,0.8419866987814941,0.10933396811455434,0.048679333103951686,0.7178153752549497,0.28218462474505035,0.46472925997375686,0.5149745786976976,0.046652943405065365,10,5-1,0.03675624142682441
21,Group Stage,Group D,2026-06-19,United States,Australia,美国,澳大利亚,1.4044376237730138,1.4318950832906387,1.4044376237730138,1.4318950832906387,1.0,1.0,0.0,0.0,,,,,2,False,,22.509704064274274,0.0,0.0,False,,,,False,-0.0475,0.36272907302855834,0.26217237278059957,0.37509855419084215,0.5390544981399115,0.46094550186008854,0.5798394864232713,0.23888548299681855,0.24553181176653513,1,1-1,0.12355639030363309
21,Group Stage,Group D,2026-06-19,United States,Australia,美国,澳大利亚,1.4044376237730138,1.4318950832906387,1.4044376237730138,1.4318950832906387,1.0,1.0,0.0,0.0,,,,,2,False,,22.509704064274274,0.0,0.0,False,,,,False,-0.0475,0.36272907302855834,0.26217237278059957,0.37509855419084215,0.5390544981399115,0.46094550186008854,0.5798394864232713,0.23888548299681855,0.24553181176653513,2,1-2,0.0844485860548503
21,Group Stage,Group D,2026-06-19,United States,Australia,美国,澳大利亚,1.4044376237730138,1.4318950832906387,1.4044376237730138,1.4318950832906387,1.0,1.0,0.0,0.0,,,,,2,False,,22.509704064274274,0.0,0.0,False,,,,False,-0.0475,0.36272907302855834,0.26217237278059957,0.37509855419084215,0.5390544981399115,0.46094550186008854,0.5798394864232713,0.23888548299681855,0.24553181176653513,3,2-1,0.08282923303102889
21,Group Stage,Group D,2026-06-19,United States,Australia,美国,澳大利亚,1.4044376237730138,1.4318950832906387,1.4044376237730138,1.4318950832906387,1.0,1.0,0.0,0.0,,,,,2,False,,22.509704064274274,0.0,0.0,False,,,,False,-0.0475,0.36272907302855834,0.26217237278059957,0.37509855419084215,0.5390544981399115,0.46094550186008854,0.5798394864232713,0.23888548299681855,0.24553181176653513,4,0-1,0.07838355763230759
21,Group Stage,Group D,2026-06-19,United States,Australia,美国,澳大利亚,1.4044376237730138,1.4318950832906387,1.4044376237730138,1.4318950832906387,1.0,1.0,0.0,0.0,,,,,2,False,,22.509704064274274,0.0,0.0,False,,,,False,-0.0475,0.36272907302855834,0.26217237278059957,0.37509855419084215,0.5390544981399115,0.46094550186008854,0.5798394864232713,0.23888548299681855,0.24553181176653513,5,1-0,0.07677306820140599
21,Group Stage,Group D,2026-06-19,United States,Australia,美国,澳大利亚,1.4044376237730138,1.4318950832906387,1.4044376237730138,1.4318950832906387,1.0,1.0,0.0,0.0,,,,,2,False,,22.509704064274274,0.0,0.0,False,,,,False,-0.0475,0.36272907302855834,0.26217237278059957,0.37509855419084215,0.5390544981399115,0.46094550186008854,0.5798394864232713,0.23888548299681855,0.24553181176653513,6,0-0,0.06425678118662485
21,Group Stage,Group D,2026-06-19,United States,Australia,美国,澳大利亚,1.4044376237730138,1.4318950832906387,1.4044376237730138,1.4318950832906387,1.0,1.0,0.0,0.0,,,,,2,False,,22.509704064274274,0.0,0.0,False,,,,False,-0.0475,0.36272907302855834,0.26217237278059957,0.37509855419084215,0.5390544981399115,0.46094550186008854,0.5798394864232713,0.23888548299681855,0.24553181176653513,7,0-2,0.06012982322987021
21,Group Stage,Group D,2026-06-19,United States,Australia,美国,澳大利亚,1.4044376237730138,1.4318950832906387,1.4044376237730138,1.4318950832906387,1.0,1.0,0.0,0.0,,,,,2,False,,22.509704064274274,0.0,0.0,False,,,,False,-0.0475,0.36272907302855834,0.26217237278059957,0.37509855419084215,0.5390544981399115,0.46094550186008854,0.5798394864232713,0.23888548299681855,0.24553181176653513,8,2-2,0.05930138576493241
21,Group Stage,Group D,2026-06-19,United States,Australia,美国,澳大利亚,1.4044376237730138,1.4318950832906387,1.4044376237730138,1.4318950832906387,1.0,1.0,0.0,0.0,,,,,2,False,,22.509704064274274,0.0,0.0,False,,,,False,-0.0475,0.36272907302855834,0.26217237278059957,0.37509855419084215,0.5390544981399115,0.46094550186008854,0.5798394864232713,0.23888548299681855,0.24553181176653513,9,2-0,0.05784588130624695
21,Group Stage,Group D,2026-06-19,United States,Australia,美国,澳大利亚,1.4044376237730138,1.4318950832906387,1.4044376237730138,1.4318950832906387,1.0,1.0,0.0,0.0,,,,,2,False,,22.509704064274274,0.0,0.0,False,,,,False,-0.0475,0.36272907302855834,0.26217237278059957,0.37509855419084215,0.5390544981399115,0.46094550186008854,0.5798394864232713,0.23888548299681855,0.24553181176653513,10,1-3,0.04030717172092884
22,Group Stage,Group D,2026-06-19,Paraguay,Turkey,巴拉圭,土耳其,1.305937071371708,1.179270057623548,1.305937071371708,1.179270057623548,1.0,1.0,0.0,0.0,,,,,2,False,,46.49336362094505,0.0,0.0,False,,,,False,-0.0475,0.38895978705568246,0.2825392774328005,0.3285009355115172,0.45233245048447834,0.5476675495155217,0.510961662282001,0.3075131893027085,0.27093651309026917,1,1-1,0.13440667524729663
22,Group Stage,Group D,2026-06-19,Paraguay,Turkey,巴拉圭,土耳其,1.305937071371708,1.179270057623548,1.305937071371708,1.179270057623548,1.0,1.0,0.0,0.0,,,,,2,False,,46.49336362094505,0.0,0.0,False,,,,False,-0.0475,0.38895978705568246,0.2825392774328005,0.3285009355115172,0.45233245048447834,0.5476675495155217,0.510961662282001,0.3075131893027085,0.27093651309026917,2,1-0,0.10271135948574207
22,Group Stage,Group D,2026-06-19,Paraguay,Turkey,巴拉圭,土耳其,1.305937071371708,1.179270057623548,1.305937071371708,1.179270057623548,1.0,1.0,0.0,0.0,,,,,2,False,,46.49336362094505,0.0,0.0,False,,,,False,-0.0475,0.38895978705568246,0.2825392774328005,0.3285009355115172,0.45233245048447834,0.5476675495155217,0.510961662282001,0.3075131893027085,0.27093651309026917,3,0-1,0.09215790074450952
22,Group Stage,Group D,2026-06-19,Paraguay,Turkey,巴拉圭,土耳其,1.305937071371708,1.179270057623548,1.305937071371708,1.179270057623548,1.0,1.0,0.0,0.0,,,,,2,False,,46.49336362094505,0.0,0.0,False,,,,False,-0.0475,0.38895978705568246,0.2825392774328005,0.3285009355115172,0.45233245048447834,0.5476675495155217,0.510961662282001,0.3075131893027085,0.27093651309026917,4,0-0,0.08941136467497864
22,Group Stage,Group D,2026-06-19,Paraguay,Turkey,巴拉圭,土耳其,1.305937071371708,1.179270057623548,1.305937071371708,1.179270057623548,1.0,1.0,0.0,0.0,,,,,2,False,,46.49336362094505,0.0,0.0,False,,,,False,-0.0475,0.38895978705568246,0.2825392774328005,0.3285009355115172,0.45233245048447834,0.5476675495155217,0.510961662282001,0.3075131893027085,0.27093651309026917,5,2-1,0.08378360851802519
22,Group Stage,Group D,2026-06-19,Paraguay,Turkey,巴拉圭,土耳其,1.305937071371708,1.179270057623548,1.305937071371708,1.179270057623548,1.0,1.0,0.0,0.0,,,,,2,False,,46.49336362094505,0.0,0.0,False,,,,False,-0.0475,0.38895978705568246,0.2825392774328005,0.3285009355115172,0.45233245048447834,0.5476675495155217,0.510961662282001,0.3075131893027085,0.27093651309026917,6,1-2,0.07565716833597565
22,Group Stage,Group D,2026-06-19,Paraguay,Turkey,巴拉圭,土耳其,1.305937071371708,1.179270057623548,1.305937071371708,1.179270057623548,1.0,1.0,0.0,0.0,,,,,2,False,,46.49336362094505,0.0,0.0,False,,,,False,-0.0475,0.38895978705568246,0.2825392774328005,0.3285009355115172,0.45233245048447834,0.5476675495155217,0.510961662282001,0.3075131893027085,0.27093651309026917,7,2-0,0.07104700740631453
22,Group Stage,Group D,2026-06-19,Paraguay,Turkey,巴拉圭,土耳其,1.305937071371708,1.179270057623548,1.305937071371708,1.179270057623548,1.0,1.0,0.0,0.0,,,,,2,False,,46.49336362094505,0.0,0.0,False,,,,False,-0.0475,0.38895978705568246,0.2825392774328005,0.3285009355115172,0.45233245048447834,0.5476675495155217,0.510961662282001,0.3075131893027085,0.27093651309026917,8,0-2,0.057933241956680315
22,Group Stage,Group D,2026-06-19,Paraguay,Turkey,巴拉圭,土耳其,1.305937071371708,1.179270057623548,1.305937071371708,1.179270057623548,1.0,1.0,0.0,0.0,,,,,2,False,,46.49336362094505,0.0,0.0,False,,,,False,-0.0475,0.38895978705568246,0.2825392774328005,0.3285009355115172,0.45233245048447834,0.5476675495155217,0.510961662282001,0.3075131893027085,0.27093651309026917,9,2-2,0.04940175042248017
22,Group Stage,Group D,2026-06-19,Paraguay,Turkey,巴拉圭,土耳其,1.305937071371708,1.179270057623548,1.305937071371708,1.179270057623548,1.0,1.0,0.0,0.0,,,,,2,False,,46.49336362094505,0.0,0.0,False,,,,False,-0.0475,0.38895978705568246,0.2825392774328005,0.3285009355115172,0.45233245048447834,0.5476675495155217,0.510961662282001,0.3075131893027085,0.27093651309026917,10,3-1,0.03647204011232784
