match_no,stage,group_name,date_et,home_team,away_team,home_team_zh,away_team_zh,raw_home_expected_goals,raw_away_expected_goals,home_expected_goals,away_expected_goals,home_lineup_goal_factor,away_lineup_goal_factor,home_lineup_log_adjustment,away_lineup_log_adjustment,home_suspension_goal_factor,away_suspension_goal_factor,home_suspension_log_adjustment,away_suspension_log_adjustment,home_suspended_count,away_suspended_count,home_suspended_players_zh,away_suspended_players_zh,home_preview_goal_factor,away_preview_goal_factor,home_must_win_pressure,away_must_win_pressure,home_preview_log_adjustment,away_preview_log_adjustment,home_preview_source_count,away_preview_source_count,home_preview_source_names,away_preview_source_names,home_lineup_status,away_lineup_status,home_formation,away_formation,group_match_round,group_opener_mismatch_adjustment_applied,group_opener_favorite_team,group_opener_favorite_elo_edge,home_group_opener_log_adjustment,away_group_opener_log_adjustment,has_market_outcome_constraint,market_home_win_probability,market_draw_probability,market_away_win_probability,has_market_total_goals_constraint,dixon_coles_rho,score_home_win_probability,score_draw_probability,score_away_win_probability,over_2_5_probability,under_2_5_probability,both_teams_score_probability,clean_sheet_home_probability,clean_sheet_away_probability,scoreline_rank,scoreline,scoreline_probability
1,Group Stage,Group A,2026-06-11,Mexico,South Africa,墨西哥,南非,2.634976824281438,0.6941425147838676,2.941366845112728,0.6785290491503329,1.060775240740159,0.981179362242806,0.05900000000000001,-0.019000000000000003,1.006018036054065,0.996257022469171,0.006,-0.0037500000000000007,1,2,蒙特斯,兹瓦内、西索尔,1.0,1.0,False,False,0.0,0.0,0,0,,,predicted,predicted,4-3-3,4-2-3-1,1,True,Mexico,204.59070923964168,0.045,0.0,True,0.702668561503237,0.1989578398863098,0.09837359861045318,True,-0.0475,0.7684296869049789,0.16006457377855193,0.07150573931646909,0.6121974847367695,0.3878025152632305,0.4351381056076315,0.5293153537059178,0.08592594465837447,1,2-0,0.12975893913133102
1,Group Stage,Group A,2026-06-11,Mexico,South Africa,墨西哥,南非,2.634976824281438,0.6941425147838676,2.941366845112728,0.6785290491503329,1.060775240740159,0.981179362242806,0.05900000000000001,-0.019000000000000003,1.006018036054065,0.996257022469171,0.006,-0.0037500000000000007,1,2,蒙特斯,兹瓦内、西索尔,1.0,1.0,False,False,0.0,0.0,0,0,,,predicted,predicted,4-3-3,4-2-3-1,1,True,Mexico,204.59070923964168,0.045,0.0,True,0.702668561503237,0.1989578398863098,0.09837359861045318,True,-0.0475,0.7684296869049789,0.16006457377855193,0.07150573931646909,0.6121974847367695,0.3878025152632305,0.4351381056076315,0.5293153537059178,0.08592594465837447,2,3-0,0.11502826619174927
1,Group Stage,Group A,2026-06-11,Mexico,South Africa,墨西哥,南非,2.634976824281438,0.6941425147838676,2.941366845112728,0.6785290491503329,1.060775240740159,0.981179362242806,0.05900000000000001,-0.019000000000000003,1.006018036054065,0.996257022469171,0.006,-0.0037500000000000007,1,2,蒙特斯,兹瓦内、西索尔,1.0,1.0,False,False,0.0,0.0,0,0,,,predicted,predicted,4-3-3,4-2-3-1,1,True,Mexico,204.59070923964168,0.045,0.0,True,0.702668561503237,0.1989578398863098,0.09837359861045318,True,-0.0475,0.7684296869049789,0.16006457377855193,0.07150573931646909,0.6121974847367695,0.3878025152632305,0.4351381056076315,0.5293153537059178,0.08592594465837447,3,1-0,0.09832430397439182
1,Group Stage,Group A,2026-06-11,Mexico,South Africa,墨西哥,南非,2.634976824281438,0.6941425147838676,2.941366845112728,0.6785290491503329,1.060775240740159,0.981179362242806,0.05900000000000001,-0.019000000000000003,1.006018036054065,0.996257022469171,0.006,-0.0037500000000000007,1,2,蒙特斯,兹瓦内、西索尔,1.0,1.0,False,False,0.0,0.0,0,0,,,predicted,predicted,4-3-3,4-2-3-1,1,True,Mexico,204.59070923964168,0.045,0.0,True,0.702668561503237,0.1989578398863098,0.09837359861045318,True,-0.0475,0.7684296869049789,0.16006457377855193,0.07150573931646909,0.6121974847367695,0.3878025152632305,0.4351381056076315,0.5293153537059178,0.08592594465837447,4,2-1,0.0796058678102504
1,Group Stage,Group A,2026-06-11,Mexico,South Africa,墨西哥,南非,2.634976824281438,0.6941425147838676,2.941366845112728,0.6785290491503329,1.060775240740159,0.981179362242806,0.05900000000000001,-0.019000000000000003,1.006018036054065,0.996257022469171,0.006,-0.0037500000000000007,1,2,蒙特斯,兹瓦内、西索尔,1.0,1.0,False,False,0.0,0.0,0,0,,,predicted,predicted,4-3-3,4-2-3-1,1,True,Mexico,204.59070923964168,0.045,0.0,True,0.702668561503237,0.1989578398863098,0.09837359861045318,True,-0.0475,0.7684296869049789,0.16006457377855193,0.07150573931646909,0.6121974847367695,0.3878025152632305,0.4351381056076315,0.5293153537059178,0.08592594465837447,5,1-1,0.07582708895296521
1,Group Stage,Group A,2026-06-11,Mexico,South Africa,墨西哥,南非,2.634976824281438,0.6941425147838676,2.941366845112728,0.6785290491503329,1.060775240740159,0.981179362242806,0.05900000000000001,-0.019000000000000003,1.006018036054065,0.996257022469171,0.006,-0.0037500000000000007,1,2,蒙特斯,兹瓦内、西索尔,1.0,1.0,False,False,0.0,0.0,0,0,,,predicted,predicted,4-3-3,4-2-3-1,1,True,Mexico,204.59070923964168,0.045,0.0,True,0.702668561503237,0.1989578398863098,0.09837359861045318,True,-0.0475,0.7684296869049789,0.16006457377855193,0.07150573931646909,0.6121974847367695,0.3878025152632305,0.4351381056076315,0.5293153537059178,0.08592594465837447,6,4-0,0.07154992523228369
1,Group Stage,Group A,2026-06-11,Mexico,South Africa,墨西哥,南非,2.634976824281438,0.6941425147838676,2.941366845112728,0.6785290491503329,1.060775240740159,0.981179362242806,0.05900000000000001,-0.019000000000000003,1.006018036054065,0.996257022469171,0.006,-0.0037500000000000007,1,2,蒙特斯,兹瓦内、西索尔,1.0,1.0,False,False,0.0,0.0,0,0,,,predicted,predicted,4-3-3,4-2-3-1,1,True,Mexico,204.59070923964168,0.045,0.0,True,0.702668561503237,0.1989578398863098,0.09837359861045318,True,-0.0475,0.7684296869049789,0.16006457377855193,0.07150573931646909,0.6121974847367695,0.3878025152632305,0.4351381056076315,0.5293153537059178,0.08592594465837447,7,3-1,0.06602196229321848
1,Group Stage,Group A,2026-06-11,Mexico,South Africa,墨西哥,南非,2.634976824281438,0.6941425147838676,2.941366845112728,0.6785290491503329,1.060775240740159,0.981179362242806,0.05900000000000001,-0.019000000000000003,1.006018036054065,0.996257022469171,0.006,-0.0037500000000000007,1,2,蒙特斯,兹瓦内、西索尔,1.0,1.0,False,False,0.0,0.0,0,0,,,predicted,predicted,4-3-3,4-2-3-1,1,True,Mexico,204.59070923964168,0.045,0.0,True,0.702668561503237,0.1989578398863098,0.09837359861045318,True,-0.0475,0.7684296869049789,0.16006457377855193,0.07150573931646909,0.6121974847367695,0.3878025152632305,0.4351381056076315,0.5293153537059178,0.08592594465837447,8,0-0,0.05037940397192371
1,Group Stage,Group A,2026-06-11,Mexico,South Africa,墨西哥,南非,2.634976824281438,0.6941425147838676,2.941366845112728,0.6785290491503329,1.060775240740159,0.981179362242806,0.05900000000000001,-0.019000000000000003,1.006018036054065,0.996257022469171,0.006,-0.0037500000000000007,1,2,蒙特斯,兹瓦内、西索尔,1.0,1.0,False,False,0.0,0.0,0,0,,,predicted,predicted,4-3-3,4-2-3-1,1,True,Mexico,204.59070923964168,0.045,0.0,True,0.702668561503237,0.1989578398863098,0.09837359861045318,True,-0.0475,0.7684296869049789,0.16006457377855193,0.07150573931646909,0.6121974847367695,0.3878025152632305,0.4351381056076315,0.5293153537059178,0.08592594465837447,9,4-1,0.043927965128783684
1,Group Stage,Group A,2026-06-11,Mexico,South Africa,墨西哥,南非,2.634976824281438,0.6941425147838676,2.941366845112728,0.6785290491503329,1.060775240740159,0.981179362242806,0.05900000000000001,-0.019000000000000003,1.006018036054065,0.996257022469171,0.006,-0.0037500000000000007,1,2,蒙特斯,兹瓦内、西索尔,1.0,1.0,False,False,0.0,0.0,0,0,,,predicted,predicted,4-3-3,4-2-3-1,1,True,Mexico,204.59070923964168,0.045,0.0,True,0.702668561503237,0.1989578398863098,0.09837359861045318,True,-0.0475,0.7684296869049789,0.16006457377855193,0.07150573931646909,0.6121974847367695,0.3878025152632305,0.4351381056076315,0.5293153537059178,0.08592594465837447,10,5-0,0.038084813130659464
2,Group Stage,Group A,2026-06-11,South Korea,Czech Republic,韩国,捷克,1.6349069196091908,1.1397791033470472,1.7552053749346952,1.175665622735258,1.0735812258683575,1.0314855038865227,0.07100000000000002,0.031,1.0,1.0,0.0,0.0,0,0,,,1.0,1.0,False,False,0.0,0.0,0,0,,,predicted,predicted,4-2-3-1,3-4-3,1,False,,71.47306719429548,0.0,0.0,True,0.3557567917205692,0.3221216041397154,0.3221216041397154,True,-0.0475,0.45914453778357417,0.27327688676367345,0.26757857545275227,0.5098496379004752,0.4901503620995248,0.5523237400922663,0.31555735381081884,0.20418253949749313,1,1-1,0.13339064127093386
2,Group Stage,Group A,2026-06-11,South Korea,Czech Republic,韩国,捷克,1.6349069196091908,1.1397791033470472,1.7552053749346952,1.175665622735258,1.0735812258683575,1.0314855038865227,0.07100000000000002,0.031,1.0,1.0,0.0,0.0,0,0,,,1.0,1.0,False,False,0.0,0.0,0,0,,,predicted,predicted,4-2-3-1,3-4-3,1,False,,71.47306719429548,0.0,0.0,True,0.3557567917205692,0.3221216041397154,0.3221216041397154,True,-0.0475,0.45914453778357417,0.27327688676367345,0.26757857545275227,0.5098496379004752,0.4901503620995248,0.5523237400922663,0.31555735381081884,0.20418253949749313,2,1-0,0.09163658881849336
2,Group Stage,Group A,2026-06-11,South Korea,Czech Republic,韩国,捷克,1.6349069196091908,1.1397791033470472,1.7552053749346952,1.175665622735258,1.0735812258683575,1.0314855038865227,0.07100000000000002,0.031,1.0,1.0,0.0,0.0,0,0,,,1.0,1.0,False,False,0.0,0.0,0,0,,,predicted,predicted,4-2-3-1,3-4-3,1,False,,71.47306719429548,0.0,0.0,True,0.3557567917205692,0.3221216041397154,0.3221216041397154,True,-0.0475,0.45914453778357417,0.27327688676367345,0.26757857545275227,0.5098496379004752,0.4901503620995248,0.5523237400922663,0.31555735381081884,0.20418253949749313,3,2-1,0.0903493482023228
2,Group Stage,Group A,2026-06-11,South Korea,Czech Republic,韩国,捷克,1.6349069196091908,1.1397791033470472,1.7552053749346952,1.175665622735258,1.0735812258683575,1.0314855038865227,0.07100000000000002,0.031,1.0,1.0,0.0,0.0,0,0,,,1.0,1.0,False,False,0.0,0.0,0,0,,,predicted,predicted,4-2-3-1,3-4-3,1,False,,71.47306719429548,0.0,0.0,True,0.3557567917205692,0.3221216041397154,0.3221216041397154,True,-0.0475,0.45914453778357417,0.27327688676367345,0.26757857545275227,0.5098496379004752,0.4901503620995248,0.5523237400922663,0.31555735381081884,0.20418253949749313,4,2-0,0.08170719709592883
2,Group Stage,Group A,2026-06-11,South Korea,Czech Republic,韩国,捷克,1.6349069196091908,1.1397791033470472,1.7552053749346952,1.175665622735258,1.0735812258683575,1.0314855038865227,0.07100000000000002,0.031,1.0,1.0,0.0,0.0,0,0,,,1.0,1.0,False,False,0.0,0.0,0,0,,,predicted,predicted,4-2-3-1,3-4-3,1,False,,71.47306719429548,0.0,0.0,True,0.3557567917205692,0.3221216041397154,0.3221216041397154,True,-0.0475,0.45914453778357417,0.27327688676367345,0.26757857545275227,0.5098496379004752,0.4901503620995248,0.5523237400922663,0.31555735381081884,0.20418253949749313,5,0-0,0.07206363340057816
2,Group Stage,Group A,2026-06-11,South Korea,Czech Republic,韩国,捷克,1.6349069196091908,1.1397791033470472,1.7552053749346952,1.175665622735258,1.0735812258683575,1.0314855038865227,0.07100000000000002,0.031,1.0,1.0,0.0,0.0,0,0,,,1.0,1.0,False,False,0.0,0.0,0,0,,,predicted,predicted,4-2-3-1,3-4-3,1,False,,71.47306719429548,0.0,0.0,True,0.3557567917205692,0.3221216041397154,0.3221216041397154,True,-0.0475,0.45914453778357417,0.27327688676367345,0.26757857545275227,0.5098496379004752,0.4901503620995248,0.5523237400922663,0.31555735381081884,0.20418253949749313,6,1-2,0.07001429070363259
2,Group Stage,Group A,2026-06-11,South Korea,Czech Republic,韩国,捷克,1.6349069196091908,1.1397791033470472,1.7552053749346952,1.175665622735258,1.0735812258683575,1.0314855038865227,0.07100000000000002,0.031,1.0,1.0,0.0,0.0,0,0,,,1.0,1.0,False,False,0.0,0.0,0,0,,,predicted,predicted,4-2-3-1,3-4-3,1,False,,71.47306719429548,0.0,0.0,True,0.3557567917205692,0.3221216041397154,0.3221216041397154,True,-0.0475,0.45914453778357417,0.27327688676367345,0.26757857545275227,0.5098496379004752,0.4901503620995248,0.5523237400922663,0.31555735381081884,0.20418253949749313,7,0-1,0.06894136511966477
2,Group Stage,Group A,2026-06-11,South Korea,Czech Republic,韩国,捷克,1.6349069196091908,1.1397791033470472,1.7552053749346952,1.175665622735258,1.0735812258683575,1.0314855038865227,0.07100000000000002,0.031,1.0,1.0,0.0,0.0,0,0,,,1.0,1.0,False,False,0.0,0.0,0,0,,,predicted,predicted,4-2-3-1,3-4-3,1,False,,71.47306719429548,0.0,0.0,True,0.3557567917205692,0.3221216041397154,0.3221216041397154,True,-0.0475,0.45914453778357417,0.27327688676367345,0.26757857545275227,0.5098496379004752,0.4901503620995248,0.5523237400922663,0.31555735381081884,0.20418253949749313,8,2-2,0.05419791984123476
2,Group Stage,Group A,2026-06-11,South Korea,Czech Republic,韩国,捷克,1.6349069196091908,1.1397791033470472,1.7552053749346952,1.175665622735258,1.0735812258683575,1.0314855038865227,0.07100000000000002,0.031,1.0,1.0,0.0,0.0,0,0,,,1.0,1.0,False,False,0.0,0.0,0,0,,,predicted,predicted,4-2-3-1,3-4-3,1,False,,71.47306719429548,0.0,0.0,True,0.3557567917205692,0.3221216041397154,0.3221216041397154,True,-0.0475,0.45914453778357417,0.27327688676367345,0.26757857545275227,0.5098496379004752,0.4901503620995248,0.5523237400922663,0.31555735381081884,0.20418253949749313,9,3-1,0.04636714320281299
2,Group Stage,Group A,2026-06-11,South Korea,Czech Republic,韩国,捷克,1.6349069196091908,1.1397791033470472,1.7552053749346952,1.175665622735258,1.0735812258683575,1.0314855038865227,0.07100000000000002,0.031,1.0,1.0,0.0,0.0,0,0,,,1.0,1.0,False,False,0.0,0.0,0,0,,,predicted,predicted,4-2-3-1,3-4-3,1,False,,71.47306719429548,0.0,0.0,True,0.3557567917205692,0.3221216041397154,0.3221216041397154,True,-0.0475,0.45914453778357417,0.27327688676367345,0.26757857545275227,0.5098496379004752,0.4901503620995248,0.5523237400922663,0.31555735381081884,0.20418253949749313,10,3-0,0.04496223487355569
7,Group Stage,Group B,2026-06-12,Canada,Bosnia and Herzegovina,加拿大,波黑,2.0898441769132474,0.8246607125207536,2.3562927297611784,0.8051044690327871,1.0778841508846315,0.9762857097579093,0.07499999999999998,-0.024,1.0,1.0,0.0,0.0,0,0,,,1.0,1.0,True,False,0.0,0.0,0,0,,,predicted,predicted,3-4-2-1,4-3-3,1,True,Canada,163.70800002286023,0.045,0.0,True,0.5467455293065311,0.26678546911945195,0.1864690015740169,True,-0.0475,0.6555773828970561,0.21372759397268776,0.13069502313025608,0.539584458017331,0.460415541982669,0.47651429185540356,0.4570308135962496,0.12968153523607662,1,2-0,0.12282676899994986
7,Group Stage,Group B,2026-06-12,Canada,Bosnia and Herzegovina,加拿大,波黑,2.0898441769132474,0.8246607125207536,2.3562927297611784,0.8051044690327871,1.0778841508846315,0.9762857097579093,0.07499999999999998,-0.024,1.0,1.0,0.0,0.0,0,0,,,1.0,1.0,True,False,0.0,0.0,0,0,,,predicted,predicted,3-4-2-1,4-3-3,1,True,Canada,163.70800002286023,0.045,0.0,True,0.5467455293065311,0.26678546911945195,0.1864690015740169,True,-0.0475,0.6555773828970561,0.21372759397268776,0.13069502313025608,0.539584458017331,0.460415541982669,0.47651429185540356,0.4570308135962496,0.12968153523607662,2,1-0,0.10819303179339332
7,Group Stage,Group B,2026-06-12,Canada,Bosnia and Herzegovina,加拿大,波黑,2.0898441769132474,0.8246607125207536,2.3562927297611784,0.8051044690327871,1.0778841508846315,0.9762857097579093,0.07499999999999998,-0.024,1.0,1.0,0.0,0.0,0,0,,,1.0,1.0,True,False,0.0,0.0,0,0,,,predicted,predicted,3-4-2-1,4-3-3,1,True,Canada,163.70800002286023,0.045,0.0,True,0.5467455293065311,0.26678546911945195,0.1864690015740169,True,-0.0475,0.6555773828970561,0.21372759397268776,0.13069502313025608,0.539584458017331,0.460415541982669,0.47651429185540356,0.4570308135962496,0.12968153523607662,3,1-1,0.10505384493728244
7,Group Stage,Group B,2026-06-12,Canada,Bosnia and Herzegovina,加拿大,波黑,2.0898441769132474,0.8246607125207536,2.3562927297611784,0.8051044690327871,1.0778841508846315,0.9762857097579093,0.07499999999999998,-0.024,1.0,1.0,0.0,0.0,0,0,,,1.0,1.0,True,False,0.0,0.0,0,0,,,predicted,predicted,3-4-2-1,4-3-3,1,True,Canada,163.70800002286023,0.045,0.0,True,0.5467455293065311,0.26678546911945195,0.1864690015740169,True,-0.0475,0.6555773828970561,0.21372759397268776,0.13069502313025608,0.539584458017331,0.460415541982669,0.47651429185540356,0.4570308135962496,0.12968153523607662,4,2-1,0.09056345145890086
7,Group Stage,Group B,2026-06-12,Canada,Bosnia and Herzegovina,加拿大,波黑,2.0898441769132474,0.8246607125207536,2.3562927297611784,0.8051044690327871,1.0778841508846315,0.9762857097579093,0.07499999999999998,-0.024,1.0,1.0,0.0,0.0,0,0,,,1.0,1.0,True,False,0.0,0.0,0,0,,,predicted,predicted,3-4-2-1,4-3-3,1,True,Canada,163.70800002286023,0.045,0.0,True,0.5467455293065311,0.26678546911945195,0.1864690015740169,True,-0.0475,0.6555773828970561,0.21372759397268776,0.13069502313025608,0.539584458017331,0.460415541982669,0.47651429185540356,0.4570308135962496,0.12968153523607662,5,3-0,0.08835043999985433
7,Group Stage,Group B,2026-06-12,Canada,Bosnia and Herzegovina,加拿大,波黑,2.0898441769132474,0.8246607125207536,2.3562927297611784,0.8051044690327871,1.0778841508846315,0.9762857097579093,0.07499999999999998,-0.024,1.0,1.0,0.0,0.0,0,0,,,1.0,1.0,True,False,0.0,0.0,0,0,,,predicted,predicted,3-4-2-1,4-3-3,1,True,Canada,163.70800002286023,0.045,0.0,True,0.5467455293065311,0.26678546911945195,0.1864690015740169,True,-0.0475,0.6555773828970561,0.21372759397268776,0.13069502313025608,0.539584458017331,0.460415541982669,0.47651429185540356,0.4570308135962496,0.12968153523607662,6,0-0,0.06322664068772985
7,Group Stage,Group B,2026-06-12,Canada,Bosnia and Herzegovina,加拿大,波黑,2.0898441769132474,0.8246607125207536,2.3562927297611784,0.8051044690327871,1.0778841508846315,0.9762857097579093,0.07499999999999998,-0.024,1.0,1.0,0.0,0.0,0,0,,,1.0,1.0,True,False,0.0,0.0,0,0,,,predicted,predicted,3-4-2-1,4-3-3,1,True,Canada,163.70800002286023,0.045,0.0,True,0.5467455293065311,0.26678546911945195,0.1864690015740169,True,-0.0475,0.6555773828970561,0.21372759397268776,0.13069502313025608,0.539584458017331,0.460415541982669,0.47651429185540356,0.4570308135962496,0.12968153523607662,7,3-1,0.060690775129544905
7,Group Stage,Group B,2026-06-12,Canada,Bosnia and Herzegovina,加拿大,波黑,2.0898441769132474,0.8246607125207536,2.3562927297611784,0.8051044690327871,1.0778841508846315,0.9762857097579093,0.07499999999999998,-0.024,1.0,1.0,0.0,0.0,0,0,,,1.0,1.0,True,False,0.0,0.0,0,0,,,predicted,predicted,3-4-2-1,4-3-3,1,True,Canada,163.70800002286023,0.045,0.0,True,0.5467455293065311,0.26678546911945195,0.1864690015740169,True,-0.0475,0.6555773828970561,0.21372759397268776,0.13069502313025608,0.539584458017331,0.460415541982669,0.47651429185540356,0.4570308135962496,0.12968153523607662,8,4-0,0.04440580002403808
7,Group Stage,Group B,2026-06-12,Canada,Bosnia and Herzegovina,加拿大,波黑,2.0898441769132474,0.8246607125207536,2.3562927297611784,0.8051044690327871,1.0778841508846315,0.9762857097579093,0.07499999999999998,-0.024,1.0,1.0,0.0,0.0,0,0,,,1.0,1.0,True,False,0.0,0.0,0,0,,,predicted,predicted,3-4-2-1,4-3-3,1,True,Canada,163.70800002286023,0.045,0.0,True,0.5467455293065311,0.26678546911945195,0.1864690015740169,True,-0.0475,0.6555773828970561,0.21372759397268776,0.13069502313025608,0.539584458017331,0.460415541982669,0.47651429185540356,0.4570308135962496,0.12968153523607662,9,0-1,0.04303648354670199
7,Group Stage,Group B,2026-06-12,Canada,Bosnia and Herzegovina,加拿大,波黑,2.0898441769132474,0.8246607125207536,2.3562927297611784,0.8051044690327871,1.0778841508846315,0.9762857097579093,0.07499999999999998,-0.024,1.0,1.0,0.0,0.0,0,0,,,1.0,1.0,True,False,0.0,0.0,0,0,,,predicted,predicted,3-4-2-1,4-3-3,1,True,Canada,163.70800002286023,0.045,0.0,True,0.5467455293065311,0.26678546911945195,0.1864690015740169,True,-0.0475,0.6555773828970561,0.21372759397268776,0.13069502313025608,0.539584458017331,0.460415541982669,0.47651429185540356,0.4570308135962496,0.12968153523607662,10,1-2,0.039012687757349236
19,Group Stage,Group D,2026-06-12,United States,Paraguay,美国,巴拉圭,1.283702465639015,1.5747642328166664,1.3267713755865975,1.6324885487941914,1.0335505392413056,1.0366558464909237,0.033000000000000015,0.036000000000000004,1.0,1.0,0.0,0.0,0,0,,,1.0,1.0,False,False,0.0,0.0,0,0,,,predicted,predicted,4-3-3,4-2-3-1,1,False,,2.9586976408538703,0.0,0.0,True,0.4946034161677247,0.27241234305853146,0.232984240773744,True,-0.0475,0.349594916963521,0.26900938486285203,0.38139569817362706,0.5173346671516744,0.4826653328483256,0.5592637191820949,0.24661707409389277,0.26925761186457653,1,1-1,0.12425687017648161
19,Group Stage,Group D,2026-06-12,United States,Paraguay,美国,巴拉圭,1.283702465639015,1.5747642328166664,1.3267713755865975,1.6324885487941914,1.0335505392413056,1.0366558464909237,0.033000000000000015,0.036000000000000004,1.0,1.0,0.0,0.0,0,0,,,1.0,1.0,False,False,0.0,0.0,0,0,,,predicted,predicted,4-3-3,4-2-3-1,1,False,,2.9586976408538703,0.0,0.0,True,0.4946034161677247,0.27241234305853146,0.232984240773744,True,-0.0475,0.349594916963521,0.26900938486285203,0.38139569817362706,0.5173346671516744,0.4826653328483256,0.5592637191820949,0.24661707409389277,0.26925761186457653,2,2-1,0.08573944829627353
19,Group Stage,Group D,2026-06-12,United States,Paraguay,美国,巴拉圭,1.283702465639015,1.5747642328166664,1.3267713755865975,1.6324885487941914,1.0335505392413056,1.0366558464909237,0.033000000000000015,0.036000000000000004,1.0,1.0,0.0,0.0,0,0,,,1.0,1.0,False,False,0.0,0.0,0,0,,,predicted,predicted,4-3-3,4-2-3-1,1,False,,2.9586976408538703,0.0,0.0,True,0.4946034161677247,0.27241234305853146,0.232984240773744,True,-0.0475,0.349594916963521,0.26900938486285203,0.38139569817362706,0.5173346671516744,0.4826653328483256,0.5592637191820949,0.24661707409389277,0.26925761186457653,3,1-0,0.08467986073984138
19,Group Stage,Group D,2026-06-12,United States,Paraguay,美国,巴拉圭,1.283702465639015,1.5747642328166664,1.3267713755865975,1.6324885487941914,1.0335505392413056,1.0366558464909237,0.033000000000000015,0.036000000000000004,1.0,1.0,0.0,0.0,0,0,,,1.0,1.0,False,False,0.0,0.0,0,0,,,predicted,predicted,4-3-3,4-2-3-1,1,False,,2.9586976408538703,0.0,0.0,True,0.4946034161677247,0.27241234305853146,0.232984240773744,True,-0.0475,0.349594916963521,0.26900938486285203,0.38139569817362706,0.5173346671516744,0.4826653328483256,0.5592637191820949,0.24661707409389277,0.26925761186457653,4,0-1,0.08092545291841516
19,Group Stage,Group D,2026-06-12,United States,Paraguay,美国,巴拉圭,1.283702465639015,1.5747642328166664,1.3267713755865975,1.6324885487941914,1.0335505392413056,1.0366558464909237,0.033000000000000015,0.036000000000000004,1.0,1.0,0.0,0.0,0,0,,,1.0,1.0,False,False,0.0,0.0,0,0,,,predicted,predicted,4-3-3,4-2-3-1,1,False,,2.9586976408538703,0.0,0.0,True,0.4946034161677247,0.27241234305853146,0.232984240773744,True,-0.0475,0.349594916963521,0.26900938486285203,0.38139569817362706,0.5173346671516744,0.4826653328483256,0.5592637191820949,0.24661707409389277,0.26925761186457653,5,1-2,0.08066816193721797
19,Group Stage,Group D,2026-06-12,United States,Paraguay,美国,巴拉圭,1.283702465639015,1.5747642328166664,1.3267713755865975,1.6324885487941914,1.0335505392413056,1.0366558464909237,0.033000000000000015,0.036000000000000004,1.0,1.0,0.0,0.0,0,0,,,1.0,1.0,False,False,0.0,0.0,0,0,,,predicted,predicted,4-3-3,4-2-3-1,1,False,,2.9586976408538703,0.0,0.0,True,0.4946034161677247,0.27241234305853146,0.232984240773744,True,-0.0475,0.349594916963521,0.26900938486285203,0.38139569817362706,0.5173346671516744,0.4826653328483256,0.5592637191820949,0.24661707409389277,0.26925761186457653,6,0-0,0.07513840514056405
19,Group Stage,Group D,2026-06-12,United States,Paraguay,美国,巴拉圭,1.283702465639015,1.5747642328166664,1.3267713755865975,1.6324885487941914,1.0335505392413056,1.0366558464909237,0.033000000000000015,0.036000000000000004,1.0,1.0,0.0,0.0,0,0,,,1.0,1.0,False,False,0.0,0.0,0,0,,,predicted,predicted,4-3-3,4-2-3-1,1,False,,2.9586976408538703,0.0,0.0,True,0.4946034161677247,0.27241234305853146,0.232984240773744,True,-0.0475,0.349594916963521,0.26900938486285203,0.38139569817362706,0.5173346671516744,0.4826653328483256,0.5592637191820949,0.24661707409389277,0.26925761186457653,7,0-2,0.06313087688049888
19,Group Stage,Group D,2026-06-12,United States,Paraguay,美国,巴拉圭,1.283702465639015,1.5747642328166664,1.3267713755865975,1.6324885487941914,1.0335505392413056,1.0366558464909237,0.033000000000000015,0.036000000000000004,1.0,1.0,0.0,0.0,0,0,,,1.0,1.0,False,False,0.0,0.0,0,0,,,predicted,predicted,4-3-3,4-2-3-1,1,False,,2.9586976408538703,0.0,0.0,True,0.4946034161677247,0.27241234305853146,0.232984240773744,True,-0.0475,0.349594916963521,0.26900938486285203,0.38139569817362706,0.5173346671516744,0.4826653328483256,0.5592637191820949,0.24661707409389277,0.26925761186457653,8,2-2,0.055285508757305916
19,Group Stage,Group D,2026-06-12,United States,Paraguay,美国,巴拉圭,1.283702465639015,1.5747642328166664,1.3267713755865975,1.6324885487941914,1.0335505392413056,1.0366558464909237,0.033000000000000015,0.036000000000000004,1.0,1.0,0.0,0.0,0,0,,,1.0,1.0,False,False,0.0,0.0,0,0,,,predicted,predicted,4-3-3,4-2-3-1,1,False,,2.9586976408538703,0.0,0.0,True,0.4946034161677247,0.27241234305853146,0.232984240773744,True,-0.0475,0.349594916963521,0.26900938486285203,0.38139569817362706,0.5173346671516744,0.4826653328483256,0.5592637191820949,0.24661707409389277,0.26925761186457653,9,2-0,0.05453386699252458
19,Group Stage,Group D,2026-06-12,United States,Paraguay,美国,巴拉圭,1.283702465639015,1.5747642328166664,1.3267713755865975,1.6324885487941914,1.0335505392413056,1.0366558464909237,0.033000000000000015,0.036000000000000004,1.0,1.0,0.0,0.0,0,0,,,1.0,1.0,False,False,0.0,0.0,0,0,,,predicted,predicted,4-3-3,4-2-3-1,1,False,,2.9586976408538703,0.0,0.0,True,0.4946034161677247,0.27241234305853146,0.232984240773744,True,-0.0475,0.349594916963521,0.26900938486285203,0.38139569817362706,0.5173346671516744,0.4826653328483256,0.5592637191820949,0.24661707409389277,0.26925761186457653,10,1-3,0.03923064875909273
8,Group Stage,Group B,2026-06-13,Qatar,Switzerland,卡塔尔,瑞士,0.7667948716717884,2.0846062013085787,0.76986819370478,2.1892958558931332,1.004008010677342,1.004008010677342,0.004,0.004,1.0,1.0,0.0,0.0,0,0,,,1.0,1.0,False,True,0.0,0.0,1,1,Sports Mole,Sports Mole,predicted,predicted,4-3-3,4-2-3-1,1,True,Switzerland,220.44493169000498,0.0,0.045,False,,,,False,-0.0475,0.11372407901173998,0.19245683426721436,0.6938190867210459,0.5667667024039499,0.4332332975960501,0.4808363568287519,0.11221097575452223,0.46307481747230844,1,0-2,0.12452754245877452
8,Group Stage,Group B,2026-06-13,Qatar,Switzerland,卡塔尔,瑞士,0.7667948716717884,2.0846062013085787,0.76986819370478,2.1892958558931332,1.004008010677342,1.004008010677342,0.004,0.004,1.0,1.0,0.0,0.0,0,0,,,1.0,1.0,False,True,0.0,0.0,1,1,Sports Mole,Sports Mole,predicted,predicted,4-3-3,4-2-3-1,1,True,Switzerland,220.44493169000498,0.0,0.045,False,,,,False,-0.0475,0.11372407901173998,0.19245683426721436,0.6938190867210459,0.5667667024039499,0.4332332975960501,0.4808363568287519,0.11221097575452223,0.46307481747230844,2,0-1,0.10960028715380468
8,Group Stage,Group B,2026-06-13,Qatar,Switzerland,卡塔尔,瑞士,0.7667948716717884,2.0846062013085787,0.76986819370478,2.1892958558931332,1.004008010677342,1.004008010677342,0.004,0.004,1.0,1.0,0.0,0.0,0,0,,,1.0,1.0,False,True,0.0,0.0,1,1,Sports Mole,Sports Mole,predicted,predicted,4-3-3,4-2-3-1,1,True,Switzerland,220.44493169000498,0.0,0.045,False,,,,False,-0.0475,0.11372407901173998,0.19245683426721436,0.6938190867210459,0.5667667024039499,0.4332332975960501,0.4808363568287519,0.11221097575452223,0.46307481747230844,3,1-2,0.09586979417923204
8,Group Stage,Group B,2026-06-13,Qatar,Switzerland,卡塔尔,瑞士,0.7667948716717884,2.0846062013085787,0.76986819370478,2.1892958558931332,1.004008010677342,1.004008010677342,0.004,0.004,1.0,1.0,0.0,0.0,0,0,,,1.0,1.0,False,True,0.0,0.0,1,1,Sports Mole,Sports Mole,predicted,predicted,4-3-3,4-2-3-1,1,True,Switzerland,220.44493169000498,0.0,0.045,False,,,,False,-0.0475,0.11372407901173998,0.19245683426721436,0.6938190867210459,0.5667667024039499,0.4332332975960501,0.4808363568287519,0.11221097575452223,0.46307481747230844,4,1-1,0.09174055588003413
8,Group Stage,Group B,2026-06-13,Qatar,Switzerland,卡塔尔,瑞士,0.7667948716717884,2.0846062013085787,0.76986819370478,2.1892958558931332,1.004008010677342,1.004008010677342,0.004,0.004,1.0,1.0,0.0,0.0,0,0,,,1.0,1.0,False,True,0.0,0.0,1,1,Sports Mole,Sports Mole,predicted,predicted,4-3-3,4-2-3-1,1,True,Switzerland,220.44493169000498,0.0,0.045,False,,,,False,-0.0475,0.11372407901173998,0.19245683426721436,0.6938190867210459,0.5667667024039499,0.4332332975960501,0.4808363568287519,0.11221097575452223,0.46307481747230844,5,0-3,0.09087587754985042
8,Group Stage,Group B,2026-06-13,Qatar,Switzerland,卡塔尔,瑞士,0.7667948716717884,2.0846062013085787,0.76986819370478,2.1892958558931332,1.004008010677342,1.004008010677342,0.004,0.004,1.0,1.0,0.0,0.0,0,0,,,1.0,1.0,False,True,0.0,0.0,1,1,Sports Mole,Sports Mole,predicted,predicted,4-3-3,4-2-3-1,1,True,Switzerland,220.44493169000498,0.0,0.045,False,,,,False,-0.0475,0.11372407901173998,0.19245683426721436,0.6938190867210459,0.5667667024039499,0.4332332975960501,0.4808363568287519,0.11221097575452223,0.46307481747230844,6,1-3,0.06996244770064011
8,Group Stage,Group B,2026-06-13,Qatar,Switzerland,卡塔尔,瑞士,0.7667948716717884,2.0846062013085787,0.76986819370478,2.1892958558931332,1.004008010677342,1.004008010677342,0.004,0.004,1.0,1.0,0.0,0.0,0,0,,,1.0,1.0,False,True,0.0,0.0,1,1,Sports Mole,Sports Mole,predicted,predicted,4-3-3,4-2-3-1,1,True,Switzerland,220.44493169000498,0.0,0.045,False,,,,False,-0.0475,0.11372407901173998,0.19245683426721436,0.6938190867210459,0.5667667024039499,0.4332332975960501,0.4808363568287519,0.11221097575452223,0.46307481747230844,7,0-0,0.05612215005558241
8,Group Stage,Group B,2026-06-13,Qatar,Switzerland,卡塔尔,瑞士,0.7667948716717884,2.0846062013085787,0.76986819370478,2.1892958558931332,1.004008010677342,1.004008010677342,0.004,0.004,1.0,1.0,0.0,0.0,0,0,,,1.0,1.0,False,True,0.0,0.0,1,1,Sports Mole,Sports Mole,predicted,predicted,4-3-3,4-2-3-1,1,True,Switzerland,220.44493169000498,0.0,0.045,False,,,,False,-0.0475,0.11372407901173998,0.19245683426721436,0.6938190867210459,0.5667667024039499,0.4332332975960501,0.4808363568287519,0.11221097575452223,0.46307481747230844,8,0-4,0.04973854553013484
8,Group Stage,Group B,2026-06-13,Qatar,Switzerland,卡塔尔,瑞士,0.7667948716717884,2.0846062013085787,0.76986819370478,2.1892958558931332,1.004008010677342,1.004008010677342,0.004,0.004,1.0,1.0,0.0,0.0,0,0,,,1.0,1.0,False,True,0.0,0.0,1,1,Sports Mole,Sports Mole,predicted,predicted,4-3-3,4-2-3-1,1,True,Switzerland,220.44493169000498,0.0,0.045,False,,,,False,-0.0475,0.11372407901173998,0.19245683426721436,0.6938190867210459,0.5667667024039499,0.4332332975960501,0.4808363568287519,0.11221097575452223,0.46307481747230844,9,1-4,0.038292124204787864
8,Group Stage,Group B,2026-06-13,Qatar,Switzerland,卡塔尔,瑞士,0.7667948716717884,2.0846062013085787,0.76986819370478,2.1892958558931332,1.004008010677342,1.004008010677342,0.004,0.004,1.0,1.0,0.0,0.0,0,0,,,1.0,1.0,False,True,0.0,0.0,1,1,Sports Mole,Sports Mole,predicted,predicted,4-3-3,4-2-3-1,1,True,Switzerland,220.44493169000498,0.0,0.045,False,,,,False,-0.0475,0.11372407901173998,0.19245683426721436,0.6938190867210459,0.5667667024039499,0.4332332975960501,0.4808363568287519,0.11221097575452223,0.46307481747230844,10,2-2,0.03690355263780719
13,Group Stage,Group C,2026-06-13,Brazil,Morocco,巴西,摩洛哥,1.8100907902739263,1.1014405935927336,2.042505017693484,1.0477227019649409,1.1274968515793757,0.9540873975903711,0.12,-0.047,1.0,1.0,0.0,0.0,0,0,,,1.0008003200853504,0.997004495503373,False,False,0.0008,-0.003,1,1,Sports Mole,Sports Mole,predicted,predicted,4-2-3-1,4-3-3,1,False,,88.7837903059592,0.0,0.0,False,,,,False,-0.0475,0.598234984971988,0.21864067397703071,0.1831243410509813,0.5962070569568816,0.4037929430431184,0.5695728444921322,0.3507405752751487,0.12986582714840708,1,1-1,0.10210438974197111
13,Group Stage,Group C,2026-06-13,Brazil,Morocco,巴西,摩洛哥,1.8100907902739263,1.1014405935927336,2.042505017693484,1.0477227019649409,1.1274968515793757,0.9540873975903711,0.12,-0.047,1.0,1.0,0.0,0.0,0,0,,,1.0008003200853504,0.997004495503373,False,False,0.0008,-0.003,1,1,Sports Mole,Sports Mole,predicted,predicted,4-2-3-1,4-3-3,1,False,,88.7837903059592,0.0,0.0,False,,,,False,-0.0475,0.598234984971988,0.21864067397703071,0.1831243410509813,0.5962070569568816,0.4037929430431184,0.5695728444921322,0.3507405752751487,0.12986582714840708,2,2-1,0.0995459323992874
13,Group Stage,Group C,2026-06-13,Brazil,Morocco,巴西,摩洛哥,1.8100907902739263,1.1014405935927336,2.042505017693484,1.0477227019649409,1.1274968515793757,0.9540873975903711,0.12,-0.047,1.0,1.0,0.0,0.0,0,0,,,1.0008003200853504,0.997004495503373,False,False,0.0008,-0.003,1,1,Sports Mole,Sports Mole,predicted,predicted,4-2-3-1,4-3-3,1,False,,88.7837903059592,0.0,0.0,False,,,,False,-0.0475,0.598234984971988,0.21864067397703071,0.1831243410509813,0.5962070569568816,0.4037929430431184,0.5695728444921322,0.3507405752751487,0.12986582714840708,3,2-0,0.09501171656641112
13,Group Stage,Group C,2026-06-13,Brazil,Morocco,巴西,摩洛哥,1.8100907902739263,1.1014405935927336,2.042505017693484,1.0477227019649409,1.1274968515793757,0.9540873975903711,0.12,-0.047,1.0,1.0,0.0,0.0,0,0,,,1.0008003200853504,0.997004495503373,False,False,0.0008,-0.003,1,1,Sports Mole,Sports Mole,predicted,predicted,4-2-3-1,4-3-3,1,False,,88.7837903059592,0.0,0.0,False,,,,False,-0.0475,0.598234984971988,0.21864067397703071,0.1831243410509813,0.5962070569568816,0.4037929430431184,0.5695728444921322,0.3507405752751487,0.12986582714840708,4,1-0,0.08840446803836803
13,Group Stage,Group C,2026-06-13,Brazil,Morocco,巴西,摩洛哥,1.8100907902739263,1.1014405935927336,2.042505017693484,1.0477227019649409,1.1274968515793757,0.9540873975903711,0.12,-0.047,1.0,1.0,0.0,0.0,0,0,,,1.0008003200853504,0.997004495503373,False,False,0.0008,-0.003,1,1,Sports Mole,Sports Mole,predicted,predicted,4-2-3-1,4-3-3,1,False,,88.7837903059592,0.0,0.0,False,,,,False,-0.0475,0.598234984971988,0.21864067397703071,0.1831243410509813,0.5962070569568816,0.4037929430431184,0.5695728444921322,0.3507405752751487,0.12986582714840708,5,3-1,0.0677743554721736
13,Group Stage,Group C,2026-06-13,Brazil,Morocco,巴西,摩洛哥,1.8100907902739263,1.1014405935927336,2.042505017693484,1.0477227019649409,1.1274968515793757,0.9540873975903711,0.12,-0.047,1.0,1.0,0.0,0.0,0,0,,,1.0008003200853504,0.997004495503373,False,False,0.0008,-0.003,1,1,Sports Mole,Sports Mole,predicted,predicted,4-2-3-1,4-3-3,1,False,,88.7837903059592,0.0,0.0,False,,,,False,-0.0475,0.598234984971988,0.21864067397703071,0.1831243410509813,0.5962070569568816,0.4037929430431184,0.5695728444921322,0.3507405752751487,0.12986582714840708,6,3-0,0.06468730260885526
13,Group Stage,Group C,2026-06-13,Brazil,Morocco,巴西,摩洛哥,1.8100907902739263,1.1014405935927336,2.042505017693484,1.0477227019649409,1.1274968515793757,0.9540873975903711,0.12,-0.047,1.0,1.0,0.0,0.0,0,0,,,1.0008003200853504,0.997004495503373,False,False,0.0008,-0.003,1,1,Sports Mole,Sports Mole,predicted,predicted,4-2-3-1,4-3-3,1,False,,88.7837903059592,0.0,0.0,False,,,,False,-0.0475,0.598234984971988,0.21864067397703071,0.1831243410509813,0.5962070569568816,0.4037929430431184,0.5695728444921322,0.3507405752751487,0.12986582714840708,7,2-2,0.052148266631500365
13,Group Stage,Group C,2026-06-13,Brazil,Morocco,巴西,摩洛哥,1.8100907902739263,1.1014405935927336,2.042505017693484,1.0477227019649409,1.1274968515793757,0.9540873975903711,0.12,-0.047,1.0,1.0,0.0,0.0,0,0,,,1.0008003200853504,0.997004495503373,False,False,0.0008,-0.003,1,1,Sports Mole,Sports Mole,predicted,predicted,4-2-3-1,4-3-3,1,False,,88.7837903059592,0.0,0.0,False,,,,False,-0.0475,0.598234984971988,0.21864067397703071,0.1831243410509813,0.5962070569568816,0.4037929430431184,0.5695728444921322,0.3507405752751487,0.12986582714840708,8,1-2,0.051063048736486566
13,Group Stage,Group C,2026-06-13,Brazil,Morocco,巴西,摩洛哥,1.8100907902739263,1.1014405935927336,2.042505017693484,1.0477227019649409,1.1274968515793757,0.9540873975903711,0.12,-0.047,1.0,1.0,0.0,0.0,0,0,,,1.0008003200853504,0.997004495503373,False,False,0.0008,-0.003,1,1,Sports Mole,Sports Mole,predicted,predicted,4-2-3-1,4-3-3,1,False,,88.7837903059592,0.0,0.0,False,,,,False,-0.0475,0.598234984971988,0.21864067397703071,0.1831243410509813,0.5962070569568816,0.4037929430431184,0.5695728444921322,0.3507405752751487,0.12986582714840708,9,0-0,0.050179246915688
13,Group Stage,Group C,2026-06-13,Brazil,Morocco,巴西,摩洛哥,1.8100907902739263,1.1014405935927336,2.042505017693484,1.0477227019649409,1.1274968515793757,0.9540873975903711,0.12,-0.047,1.0,1.0,0.0,0.0,0,0,,,1.0008003200853504,0.997004495503373,False,False,0.0008,-0.003,1,1,Sports Mole,Sports Mole,predicted,predicted,4-2-3-1,4-3-3,1,False,,88.7837903059592,0.0,0.0,False,,,,False,-0.0475,0.598234984971988,0.21864067397703071,0.1831243410509813,0.5962070569568816,0.4037929430431184,0.5695728444921322,0.3507405752751487,0.12986582714840708,10,0-1,0.04309291453803165
14,Group Stage,Group C,2026-06-13,Haiti,Scotland,海地,苏格兰,1.0882731546159636,1.7085403693589358,1.0882731546159636,1.7085403693589358,1.0,1.0,0.0,0.0,1.0,1.0,0.0,0.0,0,0,,,1.0,1.0,False,False,0.0,0.0,0,0,,,predicted,predicted,4-4-2,4-4-2,1,False,,90.5584696642004,0.0,0.0,False,,,,False,-0.0475,0.2364374503163613,0.25029750874520146,0.5132650409384374,0.5295891688311275,0.4704108311688725,0.5484133981185582,0.1812025735257934,0.336803874399769,1,1-1,0.11886626942782853
14,Group Stage,Group C,2026-06-13,Haiti,Scotland,海地,苏格兰,1.0882731546159636,1.7085403693589358,1.0882731546159636,1.7085403693589358,1.0,1.0,0.0,0.0,1.0,1.0,0.0,0.0,0,0,,,1.0,1.0,False,False,0.0,0.0,0,0,,,predicted,predicted,4-4-2,4-4-2,1,False,,90.5584696642004,0.0,0.0,False,,,,False,-0.0475,0.2364374503163613,0.25029750874520146,0.5132650409384374,0.5295891688311275,0.4704108311688725,0.5484133981185582,0.1812025735257934,0.336803874399769,2,0-1,0.09888163818151256
14,Group Stage,Group C,2026-06-13,Haiti,Scotland,海地,苏格兰,1.0882731546159636,1.7085403693589358,1.0882731546159636,1.7085403693589358,1.0,1.0,0.0,0.0,1.0,1.0,0.0,0.0,0,0,,,1.0,1.0,False,False,0.0,0.0,0,0,,,predicted,predicted,4-4-2,4-4-2,1,False,,90.5584696642004,0.0,0.0,False,,,,False,-0.0475,0.2364374503163613,0.25029750874520146,0.5132650409384374,0.5295891688311275,0.4704108311688725,0.5484133981185582,0.1812025735257934,0.336803874399769,3,1-2,0.09693929349524627
14,Group Stage,Group C,2026-06-13,Haiti,Scotland,海地,苏格兰,1.0882731546159636,1.7085403693589358,1.0882731546159636,1.7085403693589358,1.0,1.0,0.0,0.0,1.0,1.0,0.0,0.0,0,0,,,1.0,1.0,False,False,0.0,0.0,0,0,,,predicted,predicted,4-4-2,4-4-2,1,False,,90.5584696642004,0.0,0.0,False,,,,False,-0.0475,0.2364374503163613,0.25029750874520146,0.5132650409384374,0.5295891688311275,0.4704108311688725,0.5484133981185582,0.1812025735257934,0.336803874399769,4,0-2,0.08907625175175325
14,Group Stage,Group C,2026-06-13,Haiti,Scotland,海地,苏格兰,1.0882731546159636,1.7085403693589358,1.0882731546159636,1.7085403693589358,1.0,1.0,0.0,0.0,1.0,1.0,0.0,0.0,0,0,,,1.0,1.0,False,False,0.0,0.0,0,0,,,predicted,predicted,4-4-2,4-4-2,1,False,,90.5584696642004,0.0,0.0,False,,,,False,-0.0475,0.2364374503163613,0.25029750874520146,0.5132650409384374,0.5295891688311275,0.4704108311688725,0.5484133981185582,0.1812025735257934,0.336803874399769,5,0-0,0.06641984604412042
14,Group Stage,Group C,2026-06-13,Haiti,Scotland,海地,苏格兰,1.0882731546159636,1.7085403693589358,1.0882731546159636,1.7085403693589358,1.0,1.0,0.0,0.0,1.0,1.0,0.0,0.0,0,0,,,1.0,1.0,False,False,0.0,0.0,0,0,,,predicted,predicted,4-4-2,4-4-2,1,False,,90.5584696642004,0.0,0.0,False,,,,False,-0.0475,0.2364374503163613,0.25029750874520146,0.5132650409384374,0.5295891688311275,0.4704108311688725,0.5484133981185582,0.1812025735257934,0.336803874399769,6,2-1,0.06174652506331934
14,Group Stage,Group C,2026-06-13,Haiti,Scotland,海地,苏格兰,1.0882731546159636,1.7085403693589358,1.0882731546159636,1.7085403693589358,1.0,1.0,0.0,0.0,1.0,1.0,0.0,0.0,0,0,,,1.0,1.0,False,False,0.0,0.0,0,0,,,predicted,predicted,4-4-2,4-4-2,1,False,,90.5584696642004,0.0,0.0,False,,,,False,-0.0475,0.2364374503163613,0.25029750874520146,0.5132650409384374,0.5295891688311275,0.4704108311688725,0.5484133981185582,0.1812025735257934,0.336803874399769,7,1-0,0.06102689827310202
14,Group Stage,Group C,2026-06-13,Haiti,Scotland,海地,苏格兰,1.0882731546159636,1.7085403693589358,1.0882731546159636,1.7085403693589358,1.0,1.0,0.0,0.0,1.0,1.0,0.0,0.0,0,0,,,1.0,1.0,False,False,0.0,0.0,0,0,,,predicted,predicted,4-4-2,4-4-2,1,False,,90.5584696642004,0.0,0.0,False,,,,False,-0.0475,0.2364374503163613,0.25029750874520146,0.5132650409384374,0.5295891688311275,0.4704108311688725,0.5484133981185582,0.1812025735257934,0.336803874399769,8,1-3,0.05520823210458745
14,Group Stage,Group C,2026-06-13,Haiti,Scotland,海地,苏格兰,1.0882731546159636,1.7085403693589358,1.0882731546159636,1.7085403693589358,1.0,1.0,0.0,0.0,1.0,1.0,0.0,0.0,0,0,,,1.0,1.0,False,False,0.0,0.0,0,0,,,predicted,predicted,4-4-2,4-4-2,1,False,,90.5584696642004,0.0,0.0,False,,,,False,-0.0475,0.2364374503163613,0.25029750874520146,0.5132650409384374,0.5295891688311275,0.4704108311688725,0.5484133981185582,0.1812025735257934,0.336803874399769,9,2-2,0.05274821536915721
14,Group Stage,Group C,2026-06-13,Haiti,Scotland,海地,苏格兰,1.0882731546159636,1.7085403693589358,1.0882731546159636,1.7085403693589358,1.0,1.0,0.0,0.0,1.0,1.0,0.0,0.0,0,0,,,1.0,1.0,False,False,0.0,0.0,0,0,,,predicted,predicted,4-4-2,4-4-2,1,False,,90.5584696642004,0.0,0.0,False,,,,False,-0.0475,0.2364374503163613,0.25029750874520146,0.5132650409384374,0.5295891688311275,0.4704108311688725,0.5484133981185582,0.1812025735257934,0.336803874399769,10,0-3,0.050730124023016694
20,Group Stage,Group D,2026-06-14,Australia,Turkey,澳大利亚,土耳其,1.2627824373266807,1.2523421525368597,1.247719605821337,1.237403855746292,0.9880717128619305,0.9880717128619305,-0.012,-0.012,1.0,1.0,0.0,0.0,0,0,,,1.0,1.0,False,False,0.0,0.0,0,0,,,predicted,predicted,5-4-1,4-2-3-1,1,False,,26.942357197524643,0.0,0.0,False,,,,False,-0.0475,0.3608447055642594,0.2832378631226633,0.3559174313130774,0.45231359281797384,0.5476864071820262,0.5121112181012994,0.29014975086884454,0.2871727996917738,1,1-1,0.13475596553379537
20,Group Stage,Group D,2026-06-14,Australia,Turkey,澳大利亚,土耳其,1.2627824373266807,1.2523421525368597,1.247719605821337,1.237403855746292,0.9880717128619305,0.9880717128619305,-0.012,-0.012,1.0,1.0,0.0,0.0,0,0,,,1.0,1.0,False,False,0.0,0.0,0,0,,,predicted,predicted,5-4-1,4-2-3-1,1,False,,26.942357197524643,0.0,0.0,False,,,,False,-0.0475,0.3608447055642594,0.2832378631226633,0.3559174313130774,0.45231359281797384,0.5476864071820262,0.5121112181012994,0.29014975086884454,0.2871727996917738,2,1-0,0.09785323343422643
20,Group Stage,Group D,2026-06-14,Australia,Turkey,澳大利亚,土耳其,1.2627824373266807,1.2523421525368597,1.247719605821337,1.237403855746292,0.9880717128619305,0.9880717128619305,-0.012,-0.012,1.0,1.0,0.0,0.0,0,0,,,1.0,1.0,False,False,0.0,0.0,0,0,,,predicted,predicted,5-4-1,4-2-3-1,1,False,,26.942357197524643,0.0,0.0,False,,,,False,-0.0475,0.3608447055642594,0.2832378631226633,0.3559174313130774,0.45231359281797384,0.5476864071820262,0.5121112181012994,0.29014975086884454,0.2871727996917738,3,0-1,0.09699369299113711
20,Group Stage,Group D,2026-06-14,Australia,Turkey,澳大利亚,土耳其,1.2627824373266807,1.2523421525368597,1.247719605821337,1.237403855746292,0.9880717128619305,0.9880717128619305,-0.012,-0.012,1.0,1.0,0.0,0.0,0,0,,,1.0,1.0,False,False,0.0,0.0,0,0,,,predicted,predicted,5-4-1,4-2-3-1,1,False,,26.942357197524643,0.0,0.0,False,,,,False,-0.0475,0.3608447055642594,0.2832378631226633,0.3559174313130774,0.45231359281797384,0.5476864071820262,0.5121112181012994,0.29014975086884454,0.2871727996917738,4,0-0,0.08943376866191759
20,Group Stage,Group D,2026-06-14,Australia,Turkey,澳大利亚,土耳其,1.2627824373266807,1.2523421525368597,1.247719605821337,1.237403855746292,0.9880717128619305,0.9880717128619305,-0.012,-0.012,1.0,1.0,0.0,0.0,0,0,,,1.0,1.0,False,False,0.0,0.0,0,0,,,predicted,predicted,5-4-1,4-2-3-1,1,False,,26.942357197524643,0.0,0.0,False,,,,False,-0.0475,0.3608447055642594,0.2832378631226633,0.3559174313130774,0.45231359281797384,0.5476864071820262,0.5121112181012994,0.29014975086884454,0.2871727996917738,5,2-1,0.08025663971260183
20,Group Stage,Group D,2026-06-14,Australia,Turkey,澳大利亚,土耳其,1.2627824373266807,1.2523421525368597,1.247719605821337,1.237403855746292,0.9880717128619305,0.9880717128619305,-0.012,-0.012,1.0,1.0,0.0,0.0,0,0,,,1.0,1.0,False,False,0.0,0.0,0,0,,,predicted,predicted,5-4-1,4-2-3-1,1,False,,26.942357197524643,0.0,0.0,False,,,,False,-0.0475,0.3608447055642594,0.2832378631226633,0.3559174313130774,0.45231359281797384,0.5476864071820262,0.5121112181012994,0.29014975086884454,0.2871727996917738,6,1-2,0.07959310326316603
20,Group Stage,Group D,2026-06-14,Australia,Turkey,澳大利亚,土耳其,1.2627824373266807,1.2523421525368597,1.247719605821337,1.237403855746292,0.9880717128619305,0.9880717128619305,-0.012,-0.012,1.0,1.0,0.0,0.0,0,0,,,1.0,1.0,False,False,0.0,0.0,0,0,,,predicted,predicted,5-4-1,4-2-3-1,1,False,,26.942357197524643,0.0,0.0,False,,,,False,-0.0475,0.3608447055642594,0.2832378631226633,0.3559174313130774,0.45231359281797384,0.5476864071820262,0.5121112181012994,0.29014975086884454,0.2871727996917738,7,2-0,0.06485888931079671
20,Group Stage,Group D,2026-06-14,Australia,Turkey,澳大利亚,土耳其,1.2627824373266807,1.2523421525368597,1.247719605821337,1.237403855746292,0.9880717128619305,0.9880717128619305,-0.012,-0.012,1.0,1.0,0.0,0.0,0,0,,,1.0,1.0,False,False,0.0,0.0,0,0,,,predicted,predicted,5-4-1,4-2-3-1,1,False,,26.942357197524643,0.0,0.0,False,,,,False,-0.0475,0.3608447055642594,0.2832378631226633,0.3559174313130774,0.45231359281797384,0.5476864071820262,0.5121112181012994,0.29014975086884454,0.2871727996917738,8,0-2,0.06379085725015297
20,Group Stage,Group D,2026-06-14,Australia,Turkey,澳大利亚,土耳其,1.2627824373266807,1.2523421525368597,1.247719605821337,1.237403855746292,0.9880717128619305,0.9880717128619305,-0.012,-0.012,1.0,1.0,0.0,0.0,0,0,,,1.0,1.0,False,False,0.0,0.0,0,0,,,predicted,predicted,5-4-1,4-2-3-1,1,False,,26.942357197524643,0.0,0.0,False,,,,False,-0.0475,0.3608447055642594,0.2832378631226633,0.3559174313130774,0.45231359281797384,0.5476864071820262,0.5121112181012994,0.29014975086884454,0.2871727996917738,9,2-2,0.049654937714807244
20,Group Stage,Group D,2026-06-14,Australia,Turkey,澳大利亚,土耳其,1.2627824373266807,1.2523421525368597,1.247719605821337,1.237403855746292,0.9880717128619305,0.9880717128619305,-0.012,-0.012,1.0,1.0,0.0,0.0,0,0,,,1.0,1.0,False,False,0.0,0.0,0,0,,,predicted,predicted,5-4-1,4-2-3-1,1,False,,26.942357197524643,0.0,0.0,False,,,,False,-0.0475,0.3608447055642594,0.2832378631226633,0.3559174313130774,0.45231359281797384,0.5476864071820262,0.5121112181012994,0.29014975086884454,0.2871727996917738,10,3-1,0.033379260955584196
25,Group Stage,Group E,2026-06-14,Germany,Curaçao,德国,库拉索,3.7520394159601427,0.6433998407460662,3.767077630001119,0.6459785941775765,1.004008010677342,1.004008010677342,0.004,0.004,1.0,1.0,0.0,0.0,0,0,,,1.0,1.0,False,False,0.0,0.0,0,0,,,predicted,predicted,4-2-3-1,4-3-3,1,False,,370.2160196701295,0.0,0.0,False,,,,False,-0.0475,0.9010366037846467,0.07073380711398627,0.028229589101367008,0.8090605323183029,0.19093946768169712,0.46586569869686995,0.5241495839848489,0.024044234203079735,1,3-0,0.11228678690895932
25,Group Stage,Group E,2026-06-14,Germany,Curaçao,德国,库拉索,3.7520394159601427,0.6433998407460662,3.767077630001119,0.6459785941775765,1.004008010677342,1.004008010677342,0.004,0.004,1.0,1.0,0.0,0.0,0,0,,,1.0,1.0,False,False,0.0,0.0,0,0,,,predicted,predicted,4-2-3-1,4-3-3,1,False,,370.2160196701295,0.0,0.0,False,,,,False,-0.0475,0.9010366037846467,0.07073380711398627,0.028229589101367008,0.8090605323183029,0.19093946768169712,0.46586569869686995,0.5241495839848489,0.024044234203079735,2,4-0,0.1057482607773608
25,Group Stage,Group E,2026-06-14,Germany,Curaçao,德国,库拉索,3.7520394159601427,0.6433998407460662,3.767077630001119,0.6459785941775765,1.004008010677342,1.004008010677342,0.004,0.004,1.0,1.0,0.0,0.0,0,0,,,1.0,1.0,False,False,0.0,0.0,0,0,,,predicted,predicted,4-2-3-1,4-3-3,1,False,,370.2160196701295,0.0,0.0,False,,,,False,-0.0475,0.9010366037846467,0.07073380711398627,0.028229589101367008,0.8090605323183029,0.19093946768169712,0.46586569869686995,0.5241495839848489,0.024044234203079735,3,2-0,0.08942219773866936
25,Group Stage,Group E,2026-06-14,Germany,Curaçao,德国,库拉索,3.7520394159601427,0.6433998407460662,3.767077630001119,0.6459785941775765,1.004008010677342,1.004008010677342,0.004,0.004,1.0,1.0,0.0,0.0,0,0,,,1.0,1.0,False,False,0.0,0.0,0,0,,,predicted,predicted,4-2-3-1,4-3-3,1,False,,370.2160196701295,0.0,0.0,False,,,,False,-0.0475,0.9010366037846467,0.07073380711398627,0.028229589101367008,0.8090605323183029,0.19093946768169712,0.46586569869686995,0.5241495839848489,0.024044234203079735,4,5-0,0.0796723815171841
25,Group Stage,Group E,2026-06-14,Germany,Curaçao,德国,库拉索,3.7520394159601427,0.6433998407460662,3.767077630001119,0.6459785941775765,1.004008010677342,1.004008010677342,0.004,0.004,1.0,1.0,0.0,0.0,0,0,,,1.0,1.0,False,False,0.0,0.0,0,0,,,predicted,predicted,4-2-3-1,4-3-3,1,False,,370.2160196701295,0.0,0.0,False,,,,False,-0.0475,0.9010366037846467,0.07073380711398627,0.028229589101367008,0.8090605323183029,0.19093946768169712,0.46586569869686995,0.5241495839848489,0.024044234203079735,5,3-1,0.07253486075216665
25,Group Stage,Group E,2026-06-14,Germany,Curaçao,德国,库拉索,3.7520394159601427,0.6433998407460662,3.767077630001119,0.6459785941775765,1.004008010677342,1.004008010677342,0.004,0.004,1.0,1.0,0.0,0.0,0,0,,,1.0,1.0,False,False,0.0,0.0,0,0,,,predicted,predicted,4-2-3-1,4-3-3,1,False,,370.2160196701295,0.0,0.0,False,,,,False,-0.0475,0.9010366037846467,0.07073380711398627,0.028229589101367008,0.8090605323183029,0.19093946768169712,0.46586569869686995,0.5241495839848489,0.024044234203079735,6,4-1,0.06831111283368328
25,Group Stage,Group E,2026-06-14,Germany,Curaçao,德国,库拉索,3.7520394159601427,0.6433998407460662,3.767077630001119,0.6459785941775765,1.004008010677342,1.004008010677342,0.004,0.004,1.0,1.0,0.0,0.0,0,0,,,1.0,1.0,False,False,0.0,0.0,0,0,,,predicted,predicted,4-2-3-1,4-3-3,1,False,,370.2160196701295,0.0,0.0,False,,,,False,-0.0475,0.9010366037846467,0.07073380711398627,0.028229589101367008,0.8090605323183029,0.19093946768169712,0.46586569869686995,0.5241495839848489,0.024044234203079735,7,2-1,0.0577648255834949
25,Group Stage,Group E,2026-06-14,Germany,Curaçao,德国,库拉索,3.7520394159601427,0.6433998407460662,3.767077630001119,0.6459785941775765,1.004008010677342,1.004008010677342,0.004,0.004,1.0,1.0,0.0,0.0,0,0,,,1.0,1.0,False,False,0.0,0.0,0,0,,,predicted,predicted,4-2-3-1,4-3-3,1,False,,370.2160196701295,0.0,0.0,False,,,,False,-0.0475,0.9010366037846467,0.07073380711398627,0.028229589101367008,0.8090605323183029,0.19093946768169712,0.46586569869686995,0.5241495839848489,0.024044234203079735,8,5-1,0.05146665300725012
25,Group Stage,Group E,2026-06-14,Germany,Curaçao,德国,库拉索,3.7520394159601427,0.6433998407460662,3.767077630001119,0.6459785941775765,1.004008010677342,1.004008010677342,0.004,0.004,1.0,1.0,0.0,0.0,0,0,,,1.0,1.0,False,False,0.0,0.0,0,0,,,predicted,predicted,4-2-3-1,4-3-3,1,False,,370.2160196701295,0.0,0.0,False,,,,False,-0.0475,0.9010366037846467,0.07073380711398627,0.028229589101367008,0.8090605323183029,0.19093946768169712,0.46586569869686995,0.5241495839848489,0.024044234203079735,9,6-0,0.05002200769038315
25,Group Stage,Group E,2026-06-14,Germany,Curaçao,德国,库拉索,3.7520394159601427,0.6433998407460662,3.767077630001119,0.6459785941775765,1.004008010677342,1.004008010677342,0.004,0.004,1.0,1.0,0.0,0.0,0,0,,,1.0,1.0,False,False,0.0,0.0,0,0,,,predicted,predicted,4-2-3-1,4-3-3,1,False,,370.2160196701295,0.0,0.0,False,,,,False,-0.0475,0.9010366037846467,0.07073380711398627,0.028229589101367008,0.8090605323183029,0.19093946768169712,0.46586569869686995,0.5241495839848489,0.024044234203079735,10,1-0,0.046018891584895534
26,Group Stage,Group E,2026-06-14,Ivory Coast,Ecuador,科特迪瓦,厄瓜多尔,0.8902531780537101,1.6328265171094718,0.8938213222968869,1.6393709032242936,1.004008010677342,1.004008010677342,0.004,0.004,1.0,1.0,0.0,0.0,0,0,,,1.0,1.0,False,True,0.0,0.0,0,0,,,predicted,predicted,4-3-3,4-2-3-1,1,False,,107.13603896188874,0.0,0.0,False,,,,False,-0.0475,0.1990507108231266,0.2571280557961538,0.5438212333807196,0.4645063689819052,0.5354936310180948,0.48170541035054565,0.19416146524446856,0.409091374435287,1,0-1,0.12468640194394258
26,Group Stage,Group E,2026-06-14,Ivory Coast,Ecuador,科特迪瓦,厄瓜多尔,0.8902531780537101,1.6328265171094718,0.8938213222968869,1.6393709032242936,1.004008010677342,1.004008010677342,0.004,0.004,1.0,1.0,0.0,0.0,0,0,,,1.0,1.0,False,True,0.0,0.0,0,0,,,predicted,predicted,4-3-3,4-2-3-1,1,False,,107.13603896188874,0.0,0.0,False,,,,False,-0.0475,0.1990507108231266,0.2571280557961538,0.5438212333807196,0.4645063689819052,0.5354936310180948,0.48170541035054565,0.19416146524446856,0.409091374435287,2,1-1,0.12191729779470162
26,Group Stage,Group E,2026-06-14,Ivory Coast,Ecuador,科特迪瓦,厄瓜多尔,0.8902531780537101,1.6328265171094718,0.8938213222968869,1.6393709032242936,1.004008010677342,1.004008010677342,0.004,0.004,1.0,1.0,0.0,0.0,0,0,,,1.0,1.0,False,True,0.0,0.0,0,0,,,predicted,predicted,4-3-3,4-2-3-1,1,False,,107.13603896188874,0.0,0.0,False,,,,False,-0.0475,0.1990507108231266,0.2571280557961538,0.5438212333807196,0.4645063689819052,0.5354936310180948,0.48170541035054565,0.19416146524446856,0.409091374435287,3,0-2,0.10673523558407191
26,Group Stage,Group E,2026-06-14,Ivory Coast,Ecuador,科特迪瓦,厄瓜多尔,0.8902531780537101,1.6328265171094718,0.8938213222968869,1.6393709032242936,1.004008010677342,1.004008010677342,0.004,0.004,1.0,1.0,0.0,0.0,0,0,,,1.0,1.0,False,True,0.0,0.0,0,0,,,predicted,predicted,4-3-3,4-2-3-1,1,False,,107.13603896188874,0.0,0.0,False,,,,False,-0.0475,0.1990507108231266,0.2571280557961538,0.5438212333807196,0.4645063689819052,0.5354936310180948,0.48170541035054565,0.19416146524446856,0.409091374435287,4,1-2,0.0954022294054249
26,Group Stage,Group E,2026-06-14,Ivory Coast,Ecuador,科特迪瓦,厄瓜多尔,0.8902531780537101,1.6328265171094718,0.8938213222968869,1.6393709032242936,1.004008010677342,1.004008010677342,0.004,0.004,1.0,1.0,0.0,0.0,0,0,,,1.0,1.0,False,True,0.0,0.0,0,0,,,predicted,predicted,4-3-3,4-2-3-1,1,False,,107.13603896188874,0.0,0.0,False,,,,False,-0.0475,0.1990507108231266,0.2571280557961538,0.5438212333807196,0.4645063689819052,0.5354936310180948,0.48170541035054565,0.19416146524446856,0.409091374435287,5,0-0,0.08495825003030125
26,Group Stage,Group E,2026-06-14,Ivory Coast,Ecuador,科特迪瓦,厄瓜多尔,0.8902531780537101,1.6328265171094718,0.8938213222968869,1.6393709032242936,1.004008010677342,1.004008010677342,0.004,0.004,1.0,1.0,0.0,0.0,0,0,,,1.0,1.0,False,True,0.0,0.0,0,0,,,predicted,predicted,4-3-3,4-2-3-1,1,False,,107.13603896188874,0.0,0.0,False,,,,False,-0.0475,0.1990507108231266,0.2571280557961538,0.5438212333807196,0.4645063689819052,0.5354936310180948,0.48170541035054565,0.19416146524446856,0.409091374435287,6,1-0,0.06546756224538768
26,Group Stage,Group E,2026-06-14,Ivory Coast,Ecuador,科特迪瓦,厄瓜多尔,0.8902531780537101,1.6328265171094718,0.8938213222968869,1.6393709032242936,1.004008010677342,1.004008010677342,0.004,0.004,1.0,1.0,0.0,0.0,0,0,,,1.0,1.0,False,True,0.0,0.0,0,0,,,predicted,predicted,4-3-3,4-2-3-1,1,False,,107.13603896188874,0.0,0.0,False,,,,False,-0.0475,0.1990507108231266,0.2571280557961538,0.5438212333807196,0.4645063689819052,0.5354936310180948,0.48170541035054565,0.19416146524446856,0.409091374435287,7,0-3,0.058326213188439245
26,Group Stage,Group E,2026-06-14,Ivory Coast,Ecuador,科特迪瓦,厄瓜多尔,0.8902531780537101,1.6328265171094718,0.8938213222968869,1.6393709032242936,1.004008010677342,1.004008010677342,0.004,0.004,1.0,1.0,0.0,0.0,0,0,,,1.0,1.0,False,True,0.0,0.0,0,0,,,predicted,predicted,4-3-3,4-2-3-1,1,False,,107.13603896188874,0.0,0.0,False,,,,False,-0.0475,0.1990507108231266,0.2571280557961538,0.5438212333807196,0.4645063689819052,0.5354936310180948,0.48170541035054565,0.19416146524446856,0.409091374435287,8,1-3,0.052133212996660884
26,Group Stage,Group E,2026-06-14,Ivory Coast,Ecuador,科特迪瓦,厄瓜多尔,0.8902531780537101,1.6328265171094718,0.8938213222968869,1.6393709032242936,1.004008010677342,1.004008010677342,0.004,0.004,1.0,1.0,0.0,0.0,0,0,,,1.0,1.0,False,True,0.0,0.0,0,0,,,predicted,predicted,4-3-3,4-2-3-1,1,False,,107.13603896188874,0.0,0.0,False,,,,False,-0.0475,0.1990507108231266,0.2571280557961538,0.5438212333807196,0.4645063689819052,0.5354936310180948,0.48170541035054565,0.19416146524446856,0.409091374435287,9,2-1,0.0520154082700351
26,Group Stage,Group E,2026-06-14,Ivory Coast,Ecuador,科特迪瓦,厄瓜多尔,0.8902531780537101,1.6328265171094718,0.8938213222968869,1.6393709032242936,1.004008010677342,1.004008010677342,0.004,0.004,1.0,1.0,0.0,0.0,0,0,,,1.0,1.0,False,True,0.0,0.0,0,0,,,predicted,predicted,4-3-3,4-2-3-1,1,False,,107.13603896188874,0.0,0.0,False,,,,False,-0.0475,0.1990507108231266,0.2571280557961538,0.5438212333807196,0.4645063689819052,0.5354936310180948,0.48170541035054565,0.19416146524446856,0.409091374435287,10,2-2,0.04263627341861391
31,Group Stage,Group F,2026-06-14,Netherlands,Japan,荷兰,日本,1.282220574086774,1.2596709707194909,1.2796586956709757,1.2596709707194909,0.9980019986673331,1.0,-0.002,0.0,1.0,1.0,0.0,0.0,0,0,,,1.0,1.0,False,False,0.0,0.0,0,0,,,predicted,predicted,4-2-3-1,3-4-2-1,1,False,,6.812345730700599,0.0,0.0,False,,,,False,-0.0475,0.3648866845242215,0.27968401024013156,0.3554293052356468,0.46617675436198563,0.5338232456380143,0.5230609303721252,0.2837620556331232,0.2781482534884428,1,1-1,0.1332710943245789
31,Group Stage,Group F,2026-06-14,Netherlands,Japan,荷兰,日本,1.282220574086774,1.2596709707194909,1.2796586956709757,1.2596709707194909,0.9980019986673331,1.0,-0.002,0.0,1.0,1.0,0.0,0.0,0,0,,,1.0,1.0,False,False,0.0,0.0,0,0,,,predicted,predicted,4-2-3-1,3-4-2-1,1,False,,6.812345730700599,0.0,0.0,False,,,,False,-0.0475,0.3648866845242215,0.27968401024013156,0.3554293052356468,0.46617675436198563,0.5338232456380143,0.5230609303721252,0.2837620556331232,0.2781482534884428,2,1-0,0.0949574800773375
31,Group Stage,Group F,2026-06-14,Netherlands,Japan,荷兰,日本,1.282220574086774,1.2596709707194909,1.2796586956709757,1.2596709707194909,0.9980019986673331,1.0,-0.002,0.0,1.0,1.0,0.0,0.0,0,0,,,1.0,1.0,False,False,0.0,0.0,0,0,,,predicted,predicted,4-2-3-1,3-4-2-1,1,False,,6.812345730700599,0.0,0.0,False,,,,False,-0.0475,0.3648866845242215,0.27968401024013156,0.3554293052356468,0.46617675436198563,0.5338232456380143,0.5230609303721252,0.2837620556331232,0.2781482534884428,3,0-1,0.09337989051777405
31,Group Stage,Group F,2026-06-14,Netherlands,Japan,荷兰,日本,1.282220574086774,1.2596709707194909,1.2796586956709757,1.2596709707194909,0.9980019986673331,1.0,-0.002,0.0,1.0,1.0,0.0,0.0,0,0,,,1.0,1.0,False,False,0.0,0.0,0,0,,,predicted,predicted,4-2-3-1,3-4-2-1,1,False,,6.812345730700599,0.0,0.0,False,,,,False,-0.0475,0.3648866845242215,0.27968401024013156,0.3554293052356468,0.46617675436198563,0.5338232456380143,0.5230609303721252,0.2837620556331232,0.2781482534884428,4,0-0,0.0849712394936913
31,Group Stage,Group F,2026-06-14,Netherlands,Japan,荷兰,日本,1.282220574086774,1.2596709707194909,1.2796586956709757,1.2596709707194909,0.9980019986673331,1.0,-0.002,0.0,1.0,1.0,0.0,0.0,0,0,,,1.0,1.0,False,False,0.0,0.0,0,0,,,predicted,predicted,4-2-3-1,3-4-2-1,1,False,,6.812345730700599,0.0,0.0,False,,,,False,-0.0475,0.3648866845242215,0.27968401024013156,0.3554293052356468,0.46617675436198563,0.5338232456380143,0.5230609303721252,0.2837620556331232,0.2781482534884428,5,2-1,0.08140406431218813
31,Group Stage,Group F,2026-06-14,Netherlands,Japan,荷兰,日本,1.282220574086774,1.2596709707194909,1.2796586956709757,1.2596709707194909,0.9980019986673331,1.0,-0.002,0.0,1.0,1.0,0.0,0.0,0,0,,,1.0,1.0,False,False,0.0,0.0,0,0,,,predicted,predicted,4-2-3-1,3-4-2-1,1,False,,6.812345730700599,0.0,0.0,False,,,,False,-0.0475,0.3648866845242215,0.27968401024013156,0.3554293052356468,0.46617675436198563,0.5338232456380143,0.5230609303721252,0.2837620556331232,0.2781482534884428,6,1-2,0.0801325674256282
31,Group Stage,Group F,2026-06-14,Netherlands,Japan,荷兰,日本,1.282220574086774,1.2596709707194909,1.2796586956709757,1.2596709707194909,0.9980019986673331,1.0,-0.002,0.0,1.0,1.0,0.0,0.0,0,0,,,1.0,1.0,False,False,0.0,0.0,0,0,,,predicted,predicted,4-2-3-1,3-4-2-1,1,False,,6.812345730700599,0.0,0.0,False,,,,False,-0.0475,0.3648866845242215,0.27968401024013156,0.3554293052356468,0.46617675436198563,0.5338232456380143,0.5230609303721252,0.2837620556331232,0.2781482534884428,7,2-0,0.06462327560481312
31,Group Stage,Group F,2026-06-14,Netherlands,Japan,荷兰,日本,1.282220574086774,1.2596709707194909,1.2796586956709757,1.2596709707194909,0.9980019986673331,1.0,-0.002,0.0,1.0,1.0,0.0,0.0,0,0,,,1.0,1.0,False,False,0.0,0.0,0,0,,,predicted,predicted,4-2-3-1,3-4-2-1,1,False,,6.812345730700599,0.0,0.0,False,,,,False,-0.0475,0.3648866845242215,0.27968401024013156,0.3554293052356468,0.46617675436198563,0.5338232456380143,0.5230609303721252,0.2837620556331232,0.2781482534884428,8,0-2,0.06262026561981944
31,Group Stage,Group F,2026-06-14,Netherlands,Japan,荷兰,日本,1.282220574086774,1.2596709707194909,1.2796586956709757,1.2596709707194909,0.9980019986673331,1.0,-0.002,0.0,1.0,1.0,0.0,0.0,0,0,,,1.0,1.0,False,False,0.0,0.0,0,0,,,predicted,predicted,4-2-3-1,3-4-2-1,1,False,,6.812345730700599,0.0,0.0,False,,,,False,-0.0475,0.3648866845242215,0.27968401024013156,0.3554293052356468,0.46617675436198563,0.5338232456380143,0.5230609303721252,0.2837620556331232,0.2781482534884428,9,2-2,0.05127116835632295
31,Group Stage,Group F,2026-06-14,Netherlands,Japan,荷兰,日本,1.282220574086774,1.2596709707194909,1.2796586956709757,1.2596709707194909,0.9980019986673331,1.0,-0.002,0.0,1.0,1.0,0.0,0.0,0,0,,,1.0,1.0,False,False,0.0,0.0,0,0,,,predicted,predicted,4-2-3-1,3-4-2-1,1,False,,6.812345730700599,0.0,0.0,False,,,,False,-0.0475,0.3648866845242215,0.27968401024013156,0.3554293052356468,0.46617675436198563,0.5338232456380143,0.5230609303721252,0.2837620556331232,0.2781482534884428,10,3-1,0.03472313958668363
32,Group Stage,Group F,2026-06-14,Tunisia,Sweden,突尼斯,瑞典,1.3349678344653493,1.3295886257639065,1.329638628644735,1.3295886257639065,0.9960079893439915,1.0,-0.004,0.0,1.0,1.0,0.0,0.0,0,0,,,1.0,1.0,False,False,0.0,0.0,0,0,,,predicted,predicted,4-2-3-1,3-4-1-2,1,False,,27.062712301290958,0.0,0.0,False,,,,False,-0.0475,0.3638765622286838,0.2722700595517522,0.3638533782195641,0.4962598905920133,0.5037401094079867,0.5466934220982592,0.2646059248183171,0.26459269919339024,1,1-1,0.12965293949708614
32,Group Stage,Group F,2026-06-14,Tunisia,Sweden,突尼斯,瑞典,1.3349678344653493,1.3295886257639065,1.329638628644735,1.3295886257639065,0.9960079893439915,1.0,-0.004,0.0,1.0,1.0,0.0,0.0,0,0,,,1.0,1.0,False,False,0.0,0.0,0,0,,,predicted,predicted,4-2-3-1,3-4-1-2,1,False,,27.062712301290958,0.0,0.0,False,,,,False,-0.0475,0.3638765622286838,0.2722700595517522,0.3638533782195641,0.4962598905920133,0.5037401094079867,0.5466934220982592,0.2646059248183171,0.26459269919339024,2,1-0,0.08721246764876743
32,Group Stage,Group F,2026-06-14,Tunisia,Sweden,突尼斯,瑞典,1.3349678344653493,1.3295886257639065,1.329638628644735,1.3295886257639065,0.9960079893439915,1.0,-0.004,0.0,1.0,1.0,0.0,0.0,0,0,,,1.0,1.0,False,False,0.0,0.0,0,0,,,predicted,predicted,4-2-3-1,3-4-1-2,1,False,,27.062712301290958,0.0,0.0,False,,,,False,-0.0475,0.3638765622286838,0.2722700595517522,0.3638533782195641,0.4962598905920133,0.5037401094079867,0.5466934220982592,0.2646059248183171,0.26459269919339024,3,0-1,0.08720896680727906
32,Group Stage,Group F,2026-06-14,Tunisia,Sweden,突尼斯,瑞典,1.3349678344653493,1.3295886257639065,1.329638628644735,1.3295886257639065,0.9960079893439915,1.0,-0.004,0.0,1.0,1.0,0.0,0.0,0,0,,,1.0,1.0,False,False,0.0,0.0,0,0,,,predicted,predicted,4-2-3-1,3-4-1-2,1,False,,27.062712301290958,0.0,0.0,False,,,,False,-0.0475,0.3638765622286838,0.2722700595517522,0.3638533782195641,0.4962598905920133,0.5037401094079867,0.5466934220982592,0.2646059248183171,0.26459269919339024,4,2-1,0.08228713922322883
32,Group Stage,Group F,2026-06-14,Tunisia,Sweden,突尼斯,瑞典,1.3349678344653493,1.3295886257639065,1.329638628644735,1.3295886257639065,0.9960079893439915,1.0,-0.004,0.0,1.0,1.0,0.0,0.0,0,0,,,1.0,1.0,False,False,0.0,0.0,0,0,,,predicted,predicted,4-2-3-1,3-4-1-2,1,False,,27.062712301290958,0.0,0.0,False,,,,False,-0.0475,0.3638765622286838,0.2722700595517522,0.3638533782195641,0.4962598905920133,0.5037401094079867,0.5466934220982592,0.2646059248183171,0.26459269919339024,5,1-2,0.08228404470271203
32,Group Stage,Group F,2026-06-14,Tunisia,Sweden,突尼斯,瑞典,1.3349678344653493,1.3295886257639065,1.329638628644735,1.3295886257639065,0.9960079893439915,1.0,-0.004,0.0,1.0,1.0,0.0,0.0,0,0,,,1.0,1.0,False,False,0.0,0.0,0,0,,,predicted,predicted,4-2-3-1,3-4-1-2,1,False,,27.062712301290958,0.0,0.0,False,,,,False,-0.0475,0.3638765622286838,0.2722700595517522,0.3638533782195641,0.4962598905920133,0.5037401094079867,0.5466934220982592,0.2646059248183171,0.26459269919339024,6,0-0,0.0758920461099665
32,Group Stage,Group F,2026-06-14,Tunisia,Sweden,突尼斯,瑞典,1.3349678344653493,1.3295886257639065,1.329638628644735,1.3295886257639065,0.9960079893439915,1.0,-0.004,0.0,1.0,1.0,0.0,0.0,0,0,,,1.0,1.0,False,False,0.0,0.0,0,0,,,predicted,predicted,4-2-3-1,3-4-1-2,1,False,,27.062712301290958,0.0,0.0,False,,,,False,-0.0475,0.3638765622286838,0.2722700595517522,0.3638533782195641,0.4962598905920133,0.5037401094079867,0.5466934220982592,0.2646059248183171,0.26459269919339024,7,2-0,0.06188917205571859
32,Group Stage,Group F,2026-06-14,Tunisia,Sweden,突尼斯,瑞典,1.3349678344653493,1.3295886257639065,1.329638628644735,1.3295886257639065,0.9960079893439915,1.0,-0.004,0.0,1.0,1.0,0.0,0.0,0,0,,,1.0,1.0,False,False,0.0,0.0,0,0,,,predicted,predicted,4-2-3-1,3-4-1-2,1,False,,27.062712301290958,0.0,0.0,False,,,,False,-0.0475,0.3638765622286838,0.2722700595517522,0.3638533782195641,0.4962598905920133,0.5037401094079867,0.5466934220982592,0.2646059248183171,0.26459269919339024,8,0-2,0.06188451728916897
32,Group Stage,Group F,2026-06-14,Tunisia,Sweden,突尼斯,瑞典,1.3349678344653493,1.3295886257639065,1.329638628644735,1.3295886257639065,0.9960079893439915,1.0,-0.004,0.0,1.0,1.0,0.0,0.0,0,0,,,1.0,1.0,False,False,0.0,0.0,0,0,,,predicted,predicted,4-2-3-1,3-4-1-2,1,False,,27.062712301290958,0.0,0.0,False,,,,False,-0.0475,0.3638765622286838,0.2722700595517522,0.3638533782195641,0.4962598905920133,0.5037401094079867,0.5466934220982592,0.2646059248183171,0.26459269919339024,9,2-2,0.054704022178928044
32,Group Stage,Group F,2026-06-14,Tunisia,Sweden,突尼斯,瑞典,1.3349678344653493,1.3295886257639065,1.329638628644735,1.3295886257639065,0.9960079893439915,1.0,-0.004,0.0,1.0,1.0,0.0,0.0,0,0,,,1.0,1.0,False,False,0.0,0.0,0,0,,,predicted,predicted,4-2-3-1,3-4-1-2,1,False,,27.062712301290958,0.0,0.0,False,,,,False,-0.0475,0.3638765622286838,0.2722700595517522,0.3638533782195641,0.4962598905920133,0.5037401094079867,0.5466934220982592,0.2646059248183171,0.26459269919339024,10,3-1,0.03647071965062413
37,Group Stage,Group G,2026-06-15,Belgium,Egypt,比利时,埃及,2.097184959577296,0.963306795495571,2.097184959577296,0.963306795495571,1.0,1.0,0.0,0.0,1.0,1.0,0.0,0.0,0,0,,,1.0,1.0,True,False,0.0,0.0,0,0,,,,,,,1,False,,121.50666064566258,0.0,0.0,False,,,,False,-0.0475,0.6294806467975577,0.2108713680801795,0.15964798512226291,0.5896170678191557,0.4103829321808443,0.5468233299446218,0.38163182401692114,0.12298287980352106,1,2-0,0.10321259910696197
37,Group Stage,Group G,2026-06-15,Belgium,Egypt,比利时,埃及,2.097184959577296,0.963306795495571,2.097184959577296,0.963306795495571,1.0,1.0,0.0,0.0,1.0,1.0,0.0,0.0,0,0,,,1.0,1.0,True,False,0.0,0.0,0,0,,,,,,,1,False,,121.50666064566258,0.0,0.0,False,,,,False,-0.0475,0.6294806467975577,0.2108713680801795,0.15964798512226291,0.5896170678191557,0.4103829321808443,0.5468233299446218,0.38163182401692114,0.12298287980352106,2,2-1,0.09942539810049658
37,Group Stage,Group G,2026-06-15,Belgium,Egypt,比利时,埃及,2.097184959577296,0.963306795495571,2.097184959577296,0.963306795495571,1.0,1.0,0.0,0.0,1.0,1.0,0.0,0.0,0,0,,,1.0,1.0,True,False,0.0,0.0,0,0,,,,,,,1,False,,121.50666064566258,0.0,0.0,False,,,,False,-0.0475,0.6294806467975577,0.2108713680801795,0.15964798512226291,0.5896170678191557,0.4103829321808443,0.5468233299446218,0.38163182401692114,0.12298287980352106,3,1-1,0.09932181139737149
37,Group Stage,Group G,2026-06-15,Belgium,Egypt,比利时,埃及,2.097184959577296,0.963306795495571,2.097184959577296,0.963306795495571,1.0,1.0,0.0,0.0,1.0,1.0,0.0,0.0,0,0,,,1.0,1.0,True,False,0.0,0.0,0,0,,,,,,,1,False,,121.50666064566258,0.0,0.0,False,,,,False,-0.0475,0.6294806467975577,0.2108713680801795,0.15964798512226291,0.5896170678191557,0.4103829321808443,0.5468233299446218,0.38163182401692114,0.12298287980352106,4,1-0,0.09392580491998169
37,Group Stage,Group G,2026-06-15,Belgium,Egypt,比利时,埃及,2.097184959577296,0.963306795495571,2.097184959577296,0.963306795495571,1.0,1.0,0.0,0.0,1.0,1.0,0.0,0.0,0,0,,,1.0,1.0,True,False,0.0,0.0,0,0,,,,,,,1,False,,121.50666064566258,0.0,0.0,False,,,,False,-0.0475,0.6294806467975577,0.2108713680801795,0.15964798512226291,0.5896170678191557,0.4103829321808443,0.5468233299446218,0.38163182401692114,0.12298287980352106,5,3-0,0.07215197016200056
37,Group Stage,Group G,2026-06-15,Belgium,Egypt,比利时,埃及,2.097184959577296,0.963306795495571,2.097184959577296,0.963306795495571,1.0,1.0,0.0,0.0,1.0,1.0,0.0,0.0,0,0,,,1.0,1.0,True,False,0.0,0.0,0,0,,,,,,,1,False,,121.50666064566258,0.0,0.0,False,,,,False,-0.0475,0.6294806467975577,0.2108713680801795,0.15964798512226291,0.5896170678191557,0.4103829321808443,0.5468233299446218,0.38163182401692114,0.12298287980352106,6,3-1,0.06950448316544881
37,Group Stage,Group G,2026-06-15,Belgium,Egypt,比利时,埃及,2.097184959577296,0.963306795495571,2.097184959577296,0.963306795495571,1.0,1.0,0.0,0.0,1.0,1.0,0.0,0.0,0,0,,,1.0,1.0,True,False,0.0,0.0,0,0,,,,,,,1,False,,121.50666064566258,0.0,0.0,False,,,,False,-0.0475,0.6294806467975577,0.2108713680801795,0.15964798512226291,0.5896170678191557,0.4103829321808443,0.5468233299446218,0.38163182401692114,0.12298287980352106,7,0-0,0.05143803376506402
37,Group Stage,Group G,2026-06-15,Belgium,Egypt,比利时,埃及,2.097184959577296,0.963306795495571,2.097184959577296,0.963306795495571,1.0,1.0,0.0,0.0,1.0,1.0,0.0,0.0,0,0,,,1.0,1.0,True,False,0.0,0.0,0,0,,,,,,,1,False,,121.50666064566258,0.0,0.0,False,,,,False,-0.0475,0.6294806467975577,0.2108713680801795,0.15964798512226291,0.5896170678191557,0.4103829321808443,0.5468233299446218,0.38163182401692114,0.12298287980352106,8,2-2,0.04788858081753039
37,Group Stage,Group G,2026-06-15,Belgium,Egypt,比利时,埃及,2.097184959577296,0.963306795495571,2.097184959577296,0.963306795495571,1.0,1.0,0.0,0.0,1.0,1.0,0.0,0.0,0,0,,,1.0,1.0,True,False,0.0,0.0,0,0,,,,,,,1,False,,121.50666064566258,0.0,0.0,False,,,,False,-0.0475,0.6294806467975577,0.2108713680801795,0.15964798512226291,0.5896170678191557,0.4103829321808443,0.5468233299446218,0.38163182401692114,0.12298287980352106,9,1-2,0.045669391818624054
37,Group Stage,Group G,2026-06-15,Belgium,Egypt,比利时,埃及,2.097184959577296,0.963306795495571,2.097184959577296,0.963306795495571,1.0,1.0,0.0,0.0,1.0,1.0,0.0,0.0,0,0,,,1.0,1.0,True,False,0.0,0.0,0,0,,,,,,,1,False,,121.50666064566258,0.0,0.0,False,,,,False,-0.0475,0.6294806467975577,0.2108713680801795,0.15964798512226291,0.5896170678191557,0.4103829321808443,0.5468233299446218,0.38163182401692114,0.12298287980352106,10,0-1,0.04070816222725501
38,Group Stage,Group G,2026-06-15,Iran,New Zealand,伊朗,新西兰,2.124854524422061,0.9792271461036988,2.2226570307985627,0.9792271461036988,1.0,1.0,0.0,0.0,1.0,1.0,0.0,0.0,0,0,,,1.0,1.0,True,False,0.0,0.0,0,0,,,,,,,1,True,Iran,192.595364725918,0.045,0.0,False,,,,False,-0.0475,0.6504583628085748,0.19963775924222912,0.14990387794919607,0.6196854741606209,0.3803145258393791,0.5608327650617824,0.375604586072214,0.10854940124401184,1,2-0,0.10071014706539728
38,Group Stage,Group G,2026-06-15,Iran,New Zealand,伊朗,新西兰,2.124854524422061,0.9792271461036988,2.2226570307985627,0.9792271461036988,1.0,1.0,0.0,0.0,1.0,1.0,0.0,0.0,0,0,,,1.0,1.0,True,False,0.0,0.0,0,0,,,,,,,1,True,Iran,192.595364725918,0.045,0.0,False,,,,False,-0.0475,0.6504583628085748,0.19963775924222912,0.14990387794919607,0.6196854741606209,0.3803145258393791,0.5608327650617824,0.375604586072214,0.10854940124401184,2,2-1,0.09861810989453278
38,Group Stage,Group G,2026-06-15,Iran,New Zealand,伊朗,新西兰,2.124854524422061,0.9792271461036988,2.2226570307985627,0.9792271461036988,1.0,1.0,0.0,0.0,1.0,1.0,0.0,0.0,0,0,,,1.0,1.0,True,False,0.0,0.0,0,0,,,,,,,1,True,Iran,192.595364725918,0.045,0.0,False,,,,False,-0.0475,0.6504583628085748,0.19963775924222912,0.14990387794919607,0.6196854741606209,0.3803145258393791,0.5608327650617824,0.375604586072214,0.10854940124401184,3,1-1,0.09295403535777023
38,Group Stage,Group G,2026-06-15,Iran,New Zealand,伊朗,新西兰,2.124854524422061,0.9792271461036988,2.2226570307985627,0.9792271461036988,1.0,1.0,0.0,0.0,1.0,1.0,0.0,0.0,0,0,,,1.0,1.0,True,False,0.0,0.0,0,0,,,,,,,1,True,Iran,192.595364725918,0.045,0.0,False,,,,False,-0.0475,0.6504583628085748,0.19963775924222912,0.14990387794919607,0.6196854741606209,0.3803145258393791,0.5608327650617824,0.375604586072214,0.10854940124401184,4,1-0,0.08640630157042858
38,Group Stage,Group G,2026-06-15,Iran,New Zealand,伊朗,新西兰,2.124854524422061,0.9792271461036988,2.2226570307985627,0.9792271461036988,1.0,1.0,0.0,0.0,1.0,1.0,0.0,0.0,0,0,,,1.0,1.0,True,False,0.0,0.0,0,0,,,,,,,1,True,Iran,192.595364725918,0.045,0.0,False,,,,False,-0.0475,0.6504583628085748,0.19963775924222912,0.14990387794919607,0.6196854741606209,0.3803145258393791,0.5608327650617824,0.375604586072214,0.10854940124401184,5,3-0,0.07461470548255418
38,Group Stage,Group G,2026-06-15,Iran,New Zealand,伊朗,新西兰,2.124854524422061,0.9792271461036988,2.2226570307985627,0.9792271461036988,1.0,1.0,0.0,0.0,1.0,1.0,0.0,0.0,0,0,,,1.0,1.0,True,False,0.0,0.0,0,0,,,,,,,1,True,Iran,192.595364725918,0.045,0.0,False,,,,False,-0.0475,0.6504583628085748,0.19963775924222912,0.14990387794919607,0.6196854741606209,0.3803145258393791,0.5608327650617824,0.375604586072214,0.10854940124401184,6,3-1,0.07306474510704955
38,Group Stage,Group G,2026-06-15,Iran,New Zealand,伊朗,新西兰,2.124854524422061,0.9792271461036988,2.2226570307985627,0.9792271461036988,1.0,1.0,0.0,0.0,1.0,1.0,0.0,0.0,0,0,,,1.0,1.0,True,False,0.0,0.0,0,0,,,,,,,1,True,Iran,192.595364725918,0.045,0.0,False,,,,False,-0.0475,0.6504583628085748,0.19963775924222912,0.14990387794919607,0.6196854741606209,0.3803145258393791,0.5608327650617824,0.375604586072214,0.10854940124401184,7,2-2,0.048284765153082145
38,Group Stage,Group G,2026-06-15,Iran,New Zealand,伊朗,新西兰,2.124854524422061,0.9792271461036988,2.2226570307985627,0.9792271461036988,1.0,1.0,0.0,0.0,1.0,1.0,0.0,0.0,0,0,,,1.0,1.0,True,False,0.0,0.0,0,0,,,,,,,1,True,Iran,192.595364725918,0.045,0.0,False,,,,False,-0.0475,0.6504583628085748,0.19963775924222912,0.14990387794919607,0.6196854741606209,0.3803145258393791,0.5608327650617824,0.375604586072214,0.10854940124401184,8,0-0,0.04498675237800801
38,Group Stage,Group G,2026-06-15,Iran,New Zealand,伊朗,新西兰,2.124854524422061,0.9792271461036988,2.2226570307985627,0.9792271461036988,1.0,1.0,0.0,0.0,1.0,1.0,0.0,0.0,0,0,,,1.0,1.0,True,False,0.0,0.0,0,0,,,,,,,1,True,Iran,192.595364725918,0.045,0.0,False,,,,False,-0.0475,0.6504583628085748,0.19963775924222912,0.14990387794919607,0.6196854741606209,0.3803145258393791,0.5608327650617824,0.375604586072214,0.10854940124401184,9,1-2,0.043447787475996015
38,Group Stage,Group G,2026-06-15,Iran,New Zealand,伊朗,新西兰,2.124854524422061,0.9792271461036988,2.2226570307985627,0.9792271461036988,1.0,1.0,0.0,0.0,1.0,1.0,0.0,0.0,0,0,,,1.0,1.0,True,False,0.0,0.0,0,0,,,,,,,1,True,Iran,192.595364725918,0.045,0.0,False,,,,False,-0.0475,0.6504583628085748,0.19963775924222912,0.14990387794919607,0.6196854741606209,0.3803145258393791,0.5608327650617824,0.375604586072214,0.10854940124401184,10,4-0,0.04146072493544078
43,Group Stage,Group H,2026-06-15,Spain,Cape Verde,西班牙,佛得角,3.2953797813490566,0.5791273434347002,3.2953797813490566,0.5791273434347002,1.0,1.0,0.0,0.0,1.0,1.0,0.0,0.0,0,0,,,1.0,1.0,False,False,0.0,0.0,0,0,,,,,,,1,False,,376.6684379613034,0.0,0.0,False,,,,False,-0.0475,0.8765617701371172,0.08934432099943536,0.034093908863447264,0.7377777632623271,0.26222223673767286,0.42491712743918625,0.5603872840795061,0.03779603332768791,1,3-0,0.12632801242486802
43,Group Stage,Group H,2026-06-15,Spain,Cape Verde,西班牙,佛得角,3.2953797813490566,0.5791273434347002,3.2953797813490566,0.5791273434347002,1.0,1.0,0.0,0.0,1.0,1.0,0.0,0.0,0,0,,,1.0,1.0,False,False,0.0,0.0,0,0,,,,,,,1,False,,376.6684379613034,0.0,0.0,False,,,,False,-0.0475,0.8765617701371172,0.08934432099943536,0.034093908863447264,0.7377777632623271,0.26222223673767286,0.42491712743918625,0.5603872840795061,0.03779603332768791,2,2-0,0.11500466180546152
43,Group Stage,Group H,2026-06-15,Spain,Cape Verde,西班牙,佛得角,3.2953797813490566,0.5791273434347002,3.2953797813490566,0.5791273434347002,1.0,1.0,0.0,0.0,1.0,1.0,0.0,0.0,0,0,,,1.0,1.0,False,False,0.0,0.0,0,0,,,,,,,1,False,,376.6684379613034,0.0,0.0,False,,,,False,-0.0475,0.8765617701371172,0.08934432099943536,0.034093908863447264,0.7377777632623271,0.26222223673767286,0.42491712743918625,0.5603872840795061,0.03779603332768791,3,4-0,0.1040746944907306
43,Group Stage,Group H,2026-06-15,Spain,Cape Verde,西班牙,佛得角,3.2953797813490566,0.5791273434347002,3.2953797813490566,0.5791273434347002,1.0,1.0,0.0,0.0,1.0,1.0,0.0,0.0,0,0,,,1.0,1.0,False,False,0.0,0.0,0,0,,,,,,,1,False,,376.6684379613034,0.0,0.0,False,,,,False,-0.0475,0.8765617701371172,0.08934432099943536,0.034093908863447264,0.7377777632623271,0.26222223673767286,0.42491712743918625,0.5603872840795061,0.03779603332768791,4,3-1,0.0731600062369996
43,Group Stage,Group H,2026-06-15,Spain,Cape Verde,西班牙,佛得角,3.2953797813490566,0.5791273434347002,3.2953797813490566,0.5791273434347002,1.0,1.0,0.0,0.0,1.0,1.0,0.0,0.0,0,0,,,1.0,1.0,False,False,0.0,0.0,0,0,,,,,,,1,False,,376.6684379613034,0.0,0.0,False,,,,False,-0.0475,0.8765617701371172,0.08934432099943536,0.034093908863447264,0.7377777632623271,0.26222223673767286,0.42491712743918625,0.5603872840795061,0.03779603332768791,5,5-0,0.06859312879496673
43,Group Stage,Group H,2026-06-15,Spain,Cape Verde,西班牙,佛得角,3.2953797813490566,0.5791273434347002,3.2953797813490566,0.5791273434347002,1.0,1.0,0.0,0.0,1.0,1.0,0.0,0.0,0,0,,,1.0,1.0,False,False,0.0,0.0,0,0,,,,,,,1,False,,376.6684379613034,0.0,0.0,False,,,,False,-0.0475,0.8765617701371172,0.08934432099943536,0.034093908863447264,0.7377777632623271,0.26222223673767286,0.42491712743918625,0.5603872840795061,0.03779603332768791,6,1-0,0.06787748780000166
43,Group Stage,Group H,2026-06-15,Spain,Cape Verde,西班牙,佛得角,3.2953797813490566,0.5791273434347002,3.2953797813490566,0.5791273434347002,1.0,1.0,0.0,0.0,1.0,1.0,0.0,0.0,0,0,,,1.0,1.0,False,False,0.0,0.0,0,0,,,,,,,1,False,,376.6684379613034,0.0,0.0,False,,,,False,-0.0475,0.8765617701371172,0.08934432099943536,0.034093908863447264,0.7377777632623271,0.26222223673767286,0.42491712743918625,0.5603872840795061,0.03779603332768791,7,2-1,0.06660234427400305
43,Group Stage,Group H,2026-06-15,Spain,Cape Verde,西班牙,佛得角,3.2953797813490566,0.5791273434347002,3.2953797813490566,0.5791273434347002,1.0,1.0,0.0,0.0,1.0,1.0,0.0,0.0,0,0,,,1.0,1.0,False,False,0.0,0.0,0,0,,,,,,,1,False,,376.6684379613034,0.0,0.0,False,,,,False,-0.0475,0.8765617701371172,0.08934432099943536,0.034093908863447264,0.7377777632623271,0.26222223673767286,0.42491712743918625,0.5603872840795061,0.03779603332768791,8,4-1,0.06027250133919483
43,Group Stage,Group H,2026-06-15,Spain,Cape Verde,西班牙,佛得角,3.2953797813490566,0.5791273434347002,3.2953797813490566,0.5791273434347002,1.0,1.0,0.0,0.0,1.0,1.0,0.0,0.0,0,0,,,1.0,1.0,False,False,0.0,0.0,0,0,,,,,,,1,False,,376.6684379613034,0.0,0.0,False,,,,False,-0.0475,0.8765617701371172,0.08934432099943536,0.034093908863447264,0.7377777632623271,0.26222223673767286,0.42491712743918625,0.5603872840795061,0.03779603332768791,9,1-1,0.04234167850508419
43,Group Stage,Group H,2026-06-15,Spain,Cape Verde,西班牙,佛得角,3.2953797813490566,0.5791273434347002,3.2953797813490566,0.5791273434347002,1.0,1.0,0.0,0.0,1.0,1.0,0.0,0.0,0,0,,,1.0,1.0,False,False,0.0,0.0,0,0,,,,,,,1,False,,376.6684379613034,0.0,0.0,False,,,,False,-0.0475,0.8765617701371172,0.08934432099943536,0.034093908863447264,0.7377777632623271,0.26222223673767286,0.42491712743918625,0.5603872840795061,0.03779603332768791,10,5-1,0.039724156456903324
44,Group Stage,Group H,2026-06-15,Saudi Arabia,Uruguay,沙特阿拉伯,乌拉圭,0.7578872368302405,2.070656246770662,0.7578872368302405,2.1659641224161317,1.0,1.0,0.0,0.0,1.0,1.0,0.0,0.0,0,0,,,1.0,1.0,False,True,0.0,0.0,0,0,,,,,,,1,True,Uruguay,200.92090461926068,0.0,0.045,False,,,,False,-0.0475,0.11343377964788236,0.19416883537981325,0.6923973849723043,0.5587409845642465,0.4412590154357535,0.4745180061099203,0.11484581636879555,0.4686561868793385,1,0-2,0.1262531014169166
44,Group Stage,Group H,2026-06-15,Saudi Arabia,Uruguay,沙特阿拉伯,乌拉圭,0.7578872368302405,2.070656246770662,0.7578872368302405,2.1659641224161317,1.0,1.0,0.0,0.0,1.0,1.0,0.0,0.0,0,0,,,1.0,1.0,False,True,0.0,0.0,0,0,,,,,,,1,True,Uruguay,200.92090461926068,0.0,0.045,False,,,,False,-0.0475,0.11343377964788236,0.19416883537981325,0.6923973849723043,0.5587409845642465,0.4412590154357535,0.4745180061099203,0.11484581636879555,0.4686561868793385,2,0-1,0.11238231832564324
44,Group Stage,Group H,2026-06-15,Saudi Arabia,Uruguay,沙特阿拉伯,乌拉圭,0.7578872368302405,2.070656246770662,0.7578872368302405,2.1659641224161317,1.0,1.0,0.0,0.0,1.0,1.0,0.0,0.0,0,0,,,1.0,1.0,False,True,0.0,0.0,0,0,,,,,,,1,True,Uruguay,200.92090461926068,0.0,0.045,False,,,,False,-0.0475,0.11343377964788236,0.19416883537981325,0.6923973849723043,0.5587409845642465,0.4412590154357535,0.4745180061099203,0.11484581636879555,0.4686561868793385,3,1-2,0.09568561417411503
44,Group Stage,Group H,2026-06-15,Saudi Arabia,Uruguay,沙特阿拉伯,乌拉圭,0.7578872368302405,2.070656246770662,0.7578872368302405,2.1659641224161317,1.0,1.0,0.0,0.0,1.0,1.0,0.0,0.0,0,0,,,1.0,1.0,False,True,0.0,0.0,0,0,,,,,,,1,True,Uruguay,200.92090461926068,0.0,0.045,False,,,,False,-0.0475,0.11343377964788236,0.19416883537981325,0.6923973849723043,0.5587409845642465,0.4412590154357535,0.4745180061099203,0.11484581636879555,0.4686561868793385,4,1-1,0.0925506381292948
44,Group Stage,Group H,2026-06-15,Saudi Arabia,Uruguay,沙特阿拉伯,乌拉圭,0.7578872368302405,2.070656246770662,0.7578872368302405,2.1659641224161317,1.0,1.0,0.0,0.0,1.0,1.0,0.0,0.0,0,0,,,1.0,1.0,False,True,0.0,0.0,0,0,,,,,,,1,True,Uruguay,200.92090461926068,0.0,0.045,False,,,,False,-0.0475,0.11343377964788236,0.19416883537981325,0.6923973849723043,0.5587409845642465,0.4412590154357535,0.4745180061099203,0.11484581636879555,0.4686561868793385,5,0-3,0.0911532293376022
44,Group Stage,Group H,2026-06-15,Saudi Arabia,Uruguay,沙特阿拉伯,乌拉圭,0.7578872368302405,2.070656246770662,0.7578872368302405,2.1659641224161317,1.0,1.0,0.0,0.0,1.0,1.0,0.0,0.0,0,0,,,1.0,1.0,False,True,0.0,0.0,0,0,,,,,,,1,True,Uruguay,200.92090461926068,0.0,0.045,False,,,,False,-0.0475,0.11343377964788236,0.19416883537981325,0.6923973849723043,0.5587409845642465,0.4412590154357535,0.4745180061099203,0.11484581636879555,0.4686561868793385,6,1-3,0.06908386911082855
44,Group Stage,Group H,2026-06-15,Saudi Arabia,Uruguay,沙特阿拉伯,乌拉圭,0.7578872368302405,2.070656246770662,0.7578872368302405,2.1659641224161317,1.0,1.0,0.0,0.0,1.0,1.0,0.0,0.0,0,0,,,1.0,1.0,False,True,0.0,0.0,0,0,,,,,,,1,True,Uruguay,200.92090461926068,0.0,0.045,False,,,,False,-0.0475,0.11343377964788236,0.19416883537981325,0.6923973849723043,0.5587409845642465,0.4412590154357535,0.4745180061099203,0.11484581636879555,0.4686561868793385,7,0-0,0.05802000935805447
44,Group Stage,Group H,2026-06-15,Saudi Arabia,Uruguay,沙特阿拉伯,乌拉圭,0.7578872368302405,2.070656246770662,0.7578872368302405,2.1659641224161317,1.0,1.0,0.0,0.0,1.0,1.0,0.0,0.0,0,0,,,1.0,1.0,False,True,0.0,0.0,0,0,,,,,,,1,True,Uruguay,200.92090461926068,0.0,0.045,False,,,,False,-0.0475,0.11343377964788236,0.19416883537981325,0.6923973849723043,0.5587409845642465,0.4412590154357535,0.4745180061099203,0.11484581636879555,0.4686561868793385,8,0-4,0.049358656096903986
44,Group Stage,Group H,2026-06-15,Saudi Arabia,Uruguay,沙特阿拉伯,乌拉圭,0.7578872368302405,2.070656246770662,0.7578872368302405,2.1659641224161317,1.0,1.0,0.0,0.0,1.0,1.0,0.0,0.0,0,0,,,1.0,1.0,False,True,0.0,0.0,0,0,,,,,,,1,True,Uruguay,200.92090461926068,0.0,0.045,False,,,,False,-0.0475,0.11343377964788236,0.19416883537981325,0.6923973849723043,0.5587409845642465,0.4412590154357535,0.4745180061099203,0.11484581636879555,0.4686561868793385,9,1-4,0.037408295482936664
44,Group Stage,Group H,2026-06-15,Saudi Arabia,Uruguay,沙特阿拉伯,乌拉圭,0.7578872368302405,2.070656246770662,0.7578872368302405,2.1659641224161317,1.0,1.0,0.0,0.0,1.0,1.0,0.0,0.0,0,0,,,1.0,1.0,False,True,0.0,0.0,0,0,,,,,,,1,True,Uruguay,200.92090461926068,0.0,0.045,False,,,,False,-0.0475,0.11343377964788236,0.19416883537981325,0.6923973849723043,0.5587409845642465,0.4412590154357535,0.4745180061099203,0.11484581636879555,0.4686561868793385,10,1-0,0.036595111148344066
49,Group Stage,Group I,2026-06-16,France,Senegal,法国,塞内加尔,1.9276740879078522,0.9239550038119214,1.9276740879078522,0.9239550038119214,1.0,1.0,0.0,0.0,1.0,1.0,0.0,0.0,0,0,,,1.0,1.0,False,False,0.0,0.0,0,0,,,,,,,1,False,,135.7907131047939,0.0,0.0,True,0.6654804661328764,0.21327446264017483,0.12124507122694872,True,-0.0475,0.6147802657051661,0.22660247049102017,0.15861726380381383,0.5281884784571259,0.4718115215428741,0.5060424327442359,0.41418016641320166,0.14649859476448365,1,1-0,0.1159261945439218
49,Group Stage,Group I,2026-06-16,France,Senegal,法国,塞内加尔,1.9276740879078522,0.9239550038119214,1.9276740879078522,0.9239550038119214,1.0,1.0,0.0,0.0,1.0,1.0,0.0,0.0,0,0,,,1.0,1.0,False,False,0.0,0.0,0,0,,,,,,,1,False,,135.7907131047939,0.0,0.0,True,0.6654804661328764,0.21327446264017483,0.12124507122694872,True,-0.0475,0.6147802657051661,0.22660247049102017,0.15861726380381383,0.5281884784571259,0.4718115215428741,0.5060424327442359,0.41418016641320166,0.14649859476448365,2,2-0,0.11111085813285597
49,Group Stage,Group I,2026-06-16,France,Senegal,法国,塞内加尔,1.9276740879078522,0.9239550038119214,1.9276740879078522,0.9239550038119214,1.0,1.0,0.0,0.0,1.0,1.0,0.0,0.0,0,0,,,1.0,1.0,False,False,0.0,0.0,0,0,,,,,,,1,False,,135.7907131047939,0.0,0.0,True,0.6654804661328764,0.21327446264017483,0.12124507122694872,True,-0.0475,0.6147802657051661,0.22660247049102017,0.15861726380381383,0.5281884784571259,0.4718115215428741,0.5060424327442359,0.41418016641320166,0.14649859476448365,3,1-1,0.10718207424462758
49,Group Stage,Group I,2026-06-16,France,Senegal,法国,塞内加尔,1.9276740879078522,0.9239550038119214,1.9276740879078522,0.9239550038119214,1.0,1.0,0.0,0.0,1.0,1.0,0.0,0.0,0,0,,,1.0,1.0,False,False,0.0,0.0,0,0,,,,,,,1,False,,135.7907131047939,0.0,0.0,True,0.6654804661328764,0.21327446264017483,0.12124507122694872,True,-0.0475,0.6147802657051661,0.22660247049102017,0.15861726380381383,0.5281884784571259,0.4718115215428741,0.5060424327442359,0.41418016641320166,0.14649859476448365,4,2-1,0.10140399492892072
49,Group Stage,Group I,2026-06-16,France,Senegal,法国,塞内加尔,1.9276740879078522,0.9239550038119214,1.9276740879078522,0.9239550038119214,1.0,1.0,0.0,0.0,1.0,1.0,0.0,0.0,0,0,,,1.0,1.0,False,False,0.0,0.0,0,0,,,,,,,1,False,,135.7907131047939,0.0,0.0,True,0.6654804661328764,0.21327446264017483,0.12124507122694872,True,-0.0475,0.6147802657051661,0.22660247049102017,0.15861726380381383,0.5281884784571259,0.4718115215428741,0.5060424327442359,0.41418016641320166,0.14649859476448365,5,3-0,0.07052069730248826
49,Group Stage,Group I,2026-06-16,France,Senegal,法国,塞内加尔,1.9276740879078522,0.9239550038119214,1.9276740879078522,0.9239550038119214,1.0,1.0,0.0,0.0,1.0,1.0,0.0,0.0,0,0,,,1.0,1.0,False,False,0.0,0.0,0,0,,,,,,,1,False,,135.7907131047939,0.0,0.0,True,0.6654804661328764,0.21327446264017483,0.12124507122694872,True,-0.0475,0.6147802657051661,0.22660247049102017,0.15861726380381383,0.5281884784571259,0.4718115215428741,0.5060424327442359,0.41418016641320166,0.14649859476448365,6,0-0,0.06672119392192127
49,Group Stage,Group I,2026-06-16,France,Senegal,法国,塞内加尔,1.9276740879078522,0.9239550038119214,1.9276740879078522,0.9239550038119214,1.0,1.0,0.0,0.0,1.0,1.0,0.0,0.0,0,0,,,1.0,1.0,False,False,0.0,0.0,0,0,,,,,,,1,False,,135.7907131047939,0.0,0.0,True,0.6654804661328764,0.21327446264017483,0.12124507122694872,True,-0.0475,0.6147802657051661,0.22660247049102017,0.15861726380381383,0.5281884784571259,0.4718115215428741,0.5060424327442359,0.41418016641320166,0.14649859476448365,7,3-1,0.06218068930056031
49,Group Stage,Group I,2026-06-16,France,Senegal,法国,塞内加尔,1.9276740879078522,0.9239550038119214,1.9276740879078522,0.9239550038119214,1.0,1.0,0.0,0.0,1.0,1.0,0.0,0.0,0,0,,,1.0,1.0,False,False,0.0,0.0,0,0,,,,,,,1,False,,135.7907131047939,0.0,0.0,True,0.6654804661328764,0.21327446264017483,0.12124507122694872,True,-0.0475,0.6147802657051661,0.22660247049102017,0.15861726380381383,0.5281884784571259,0.4718115215428741,0.5060424327442359,0.41418016641320166,0.14649859476448365,8,0-1,0.04777259697726178
49,Group Stage,Group I,2026-06-16,France,Senegal,法国,塞内加尔,1.9276740879078522,0.9239550038119214,1.9276740879078522,0.9239550038119214,1.0,1.0,0.0,0.0,1.0,1.0,0.0,0.0,0,0,,,1.0,1.0,False,False,0.0,0.0,0,0,,,,,,,1,False,,135.7907131047939,0.0,0.0,True,0.6654804661328764,0.21327446264017483,0.12124507122694872,True,-0.0475,0.6147802657051661,0.22660247049102017,0.15861726380381383,0.5281884784571259,0.4718115215428741,0.5060424327442359,0.41418016641320166,0.14649859476448365,9,1-2,0.04398120044924099
49,Group Stage,Group I,2026-06-16,France,Senegal,法国,塞内加尔,1.9276740879078522,0.9239550038119214,1.9276740879078522,0.9239550038119214,1.0,1.0,0.0,0.0,1.0,1.0,0.0,0.0,0,0,,,1.0,1.0,False,False,0.0,0.0,0,0,,,,,,,1,False,,135.7907131047939,0.0,0.0,True,0.6654804661328764,0.21327446264017483,0.12124507122694872,True,-0.0475,0.6147802657051661,0.22660247049102017,0.15861726380381383,0.5281884784571259,0.4718115215428741,0.5060424327442359,0.41418016641320166,0.14649859476448365,10,2-2,0.04294656363873894
50,Group Stage,Group I,2026-06-16,Norway,Iraq,挪威,伊拉克,1.7289739735229501,1.0157614934113874,1.7289739735229501,1.0157614934113874,1.0,1.0,0.0,0.0,1.0,1.0,0.0,0.0,0,0,,,1.0,1.0,False,False,0.0,0.0,0,0,,,,,,,1,False,,68.30025097323346,0.0,0.0,False,,,,True,-0.0475,0.5470534457264427,0.2356135099858052,0.21733304428775244,0.5569564016534105,0.44304359834658946,0.5576854954098841,0.34112470304780995,0.16115754895439777,1,1-1,0.11022179526832201
50,Group Stage,Group I,2026-06-16,Norway,Iraq,挪威,伊拉克,1.7289739735229501,1.0157614934113874,1.7289739735229501,1.0157614934113874,1.0,1.0,0.0,0.0,1.0,1.0,0.0,0.0,0,0,,,1.0,1.0,False,False,0.0,0.0,0,0,,,,,,,1,False,,68.30025097323346,0.0,0.0,False,,,,True,-0.0475,0.5470534457264427,0.2356135099858052,0.21733304428775244,0.5569564016534105,0.44304359834658946,0.5576854954098841,0.34112470304780995,0.16115754895439777,2,2-1,0.09909031970957863
50,Group Stage,Group I,2026-06-16,Norway,Iraq,挪威,伊拉克,1.7289739735229501,1.0157614934113874,1.7289739735229501,1.0157614934113874,1.0,1.0,0.0,0.0,1.0,1.0,0.0,0.0,0,0,,,1.0,1.0,False,False,0.0,0.0,0,0,,,,,,,1,False,,68.30025097323346,0.0,0.0,False,,,,True,-0.0475,0.5470534457264427,0.2356135099858052,0.21733304428775244,0.5569564016534105,0.44304359834658946,0.5576854954098841,0.34112470304780995,0.16115754895439777,3,1-0,0.09727670013852613
50,Group Stage,Group I,2026-06-16,Norway,Iraq,挪威,伊拉克,1.7289739735229501,1.0157614934113874,1.7289739735229501,1.0157614934113874,1.0,1.0,0.0,0.0,1.0,1.0,0.0,0.0,0,0,,,1.0,1.0,False,False,0.0,0.0,0,0,,,,,,,1,False,,68.30025097323346,0.0,0.0,False,,,,True,-0.0475,0.5470534457264427,0.2356135099858052,0.21733304428775244,0.5569564016534105,0.44304359834658946,0.5576854954098841,0.34112470304780995,0.16115754895439777,4,2-0,0.08955300509305011
50,Group Stage,Group I,2026-06-16,Norway,Iraq,挪威,伊拉克,1.7289739735229501,1.0157614934113874,1.7289739735229501,1.0157614934113874,1.0,1.0,0.0,0.0,1.0,1.0,0.0,0.0,0,0,,,1.0,1.0,False,False,0.0,0.0,0,0,,,,,,,1,False,,68.30025097323346,0.0,0.0,False,,,,True,-0.0475,0.5470534457264427,0.2356135099858052,0.21733304428775244,0.5569564016534105,0.44304359834658946,0.5576854954098841,0.34112470304780995,0.16115754895439777,5,0-0,0.05996774741209149
50,Group Stage,Group I,2026-06-16,Norway,Iraq,挪威,伊拉克,1.7289739735229501,1.0157614934113874,1.7289739735229501,1.0157614934113874,1.0,1.0,0.0,0.0,1.0,1.0,0.0,0.0,0,0,,,1.0,1.0,False,False,0.0,0.0,0,0,,,,,,,1,False,,68.30025097323346,0.0,0.0,False,,,,True,-0.0475,0.5470534457264427,0.2356135099858052,0.21733304428775244,0.5569564016534105,0.44304359834658946,0.5576854954098841,0.34112470304780995,0.16115754895439777,6,3-1,0.05854086743655265
50,Group Stage,Group I,2026-06-16,Norway,Iraq,挪威,伊拉克,1.7289739735229501,1.0157614934113874,1.7289739735229501,1.0157614934113874,1.0,1.0,0.0,0.0,1.0,1.0,0.0,0.0,0,0,,,1.0,1.0,False,False,0.0,0.0,0,0,,,,,,,1,False,,68.30025097323346,0.0,0.0,False,,,,True,-0.0475,0.5470534457264427,0.2356135099858052,0.21733304428775244,0.5569564016534105,0.44304359834658946,0.5576854954098841,0.34112470304780995,0.16115754895439777,7,1-2,0.05821494867602029
50,Group Stage,Group I,2026-06-16,Norway,Iraq,挪威,伊拉克,1.7289739735229501,1.0157614934113874,1.7289739735229501,1.0157614934113874,1.0,1.0,0.0,0.0,1.0,1.0,0.0,0.0,0,0,,,1.0,1.0,False,False,0.0,0.0,0,0,,,,,,,1,False,,68.30025097323346,0.0,0.0,False,,,,True,-0.0475,0.5470534457264427,0.2356135099858052,0.21733304428775244,0.5569564016534105,0.44304359834658946,0.5576854954098841,0.34112470304780995,0.16115754895439777,8,3-0,0.05622205111377215
50,Group Stage,Group I,2026-06-16,Norway,Iraq,挪威,伊拉克,1.7289739735229501,1.0157614934113874,1.7289739735229501,1.0157614934113874,1.0,1.0,0.0,0.0,1.0,1.0,0.0,0.0,0,0,,,1.0,1.0,False,False,0.0,0.0,0,0,,,,,,,1,False,,68.30025097323346,0.0,0.0,False,,,,True,-0.0475,0.5470534457264427,0.2356135099858052,0.21733304428775244,0.5569564016534105,0.44304359834658946,0.5576854954098841,0.34112470304780995,0.16115754895439777,9,0-1,0.055115223191237114
50,Group Stage,Group I,2026-06-16,Norway,Iraq,挪威,伊拉克,1.7289739735229501,1.0157614934113874,1.7289739735229501,1.0157614934113874,1.0,1.0,0.0,0.0,1.0,1.0,0.0,0.0,0,0,,,1.0,1.0,False,False,0.0,0.0,0,0,,,,,,,1,False,,68.30025097323346,0.0,0.0,False,,,,True,-0.0475,0.5470534457264427,0.2356135099858052,0.21733304428775244,0.5569564016534105,0.44304359834658946,0.5576854954098841,0.34112470304780995,0.16115754895439777,10,2-2,0.0515885951815007
55,Group Stage,Group J,2026-06-16,Argentina,Algeria,阿根廷,阿尔及利亚,2.285747496422271,0.6685694009610472,2.390955561974296,0.6685694009610472,1.0,1.0,0.0,0.0,1.0,1.0,0.0,0.0,0,0,,,1.0,1.0,False,False,0.0,0.0,0,0,,,,,,,1,True,Argentina,210.09949635257544,0.045,0.0,True,0.7025826159400167,0.20119411274645932,0.09622327131352404,True,-0.0475,0.7326668350957156,0.1800286207285113,0.0873045441757732,0.5621921321424224,0.43780786785757764,0.4354442672762853,0.5188448409049002,0.1057718394754938,1,2-0,0.13396312956961484
55,Group Stage,Group J,2026-06-16,Argentina,Algeria,阿根廷,阿尔及利亚,2.285747496422271,0.6685694009610472,2.390955561974296,0.6685694009610472,1.0,1.0,0.0,0.0,1.0,1.0,0.0,0.0,0,0,,,1.0,1.0,False,False,0.0,0.0,0,0,,,,,,,1,True,Argentina,210.09949635257544,0.045,0.0,True,0.7025826159400167,0.20119411274645932,0.09622327131352404,True,-0.0475,0.7326668350957156,0.1800286207285113,0.0873045441757732,0.5621921321424224,0.43780786785757764,0.4354442672762853,0.5188448409049002,0.1057718394754938,2,1-0,0.11684226558444616
55,Group Stage,Group J,2026-06-16,Argentina,Algeria,阿根廷,阿尔及利亚,2.285747496422271,0.6685694009610472,2.390955561974296,0.6685694009610472,1.0,1.0,0.0,0.0,1.0,1.0,0.0,0.0,0,0,,,1.0,1.0,False,False,0.0,0.0,0,0,,,,,,,1,True,Argentina,210.09949635257544,0.045,0.0,True,0.7025826159400167,0.20119411274645932,0.09622327131352404,True,-0.0475,0.7326668350957156,0.1800286207285113,0.0873045441757732,0.5621921321424224,0.43780786785757764,0.4354442672762853,0.5188448409049002,0.1057718394754938,3,3-0,0.10525486161975182
55,Group Stage,Group J,2026-06-16,Argentina,Algeria,阿根廷,阿尔及利亚,2.285747496422271,0.6685694009610472,2.390955561974296,0.6685694009610472,1.0,1.0,0.0,0.0,1.0,1.0,0.0,0.0,0,0,,,1.0,1.0,False,False,0.0,0.0,0,0,,,,,,,1,True,Argentina,210.09949635257544,0.045,0.0,True,0.7025826159400167,0.20119411274645932,0.09622327131352404,True,-0.0475,0.7326668350957156,0.1800286207285113,0.0873045441757732,0.5621921321424224,0.43780786785757764,0.4354442672762853,0.5188448409049002,0.1057718394754938,4,2-1,0.08829546759528428
55,Group Stage,Group J,2026-06-16,Argentina,Algeria,阿根廷,阿尔及利亚,2.285747496422271,0.6685694009610472,2.390955561974296,0.6685694009610472,1.0,1.0,0.0,0.0,1.0,1.0,0.0,0.0,0,0,,,1.0,1.0,False,False,0.0,0.0,0,0,,,,,,,1,True,Argentina,210.09949635257544,0.045,0.0,True,0.7025826159400167,0.20119411274645932,0.09622327131352404,True,-0.0475,0.7326668350957156,0.1800286207285113,0.0873045441757732,0.5621921321424224,0.43780786785757764,0.4354442672762853,0.5188448409049002,0.1057718394754938,5,1-1,0.08411429169198789
55,Group Stage,Group J,2026-06-16,Argentina,Algeria,阿根廷,阿尔及利亚,2.285747496422271,0.6685694009610472,2.390955561974296,0.6685694009610472,1.0,1.0,0.0,0.0,1.0,1.0,0.0,0.0,0,0,,,1.0,1.0,False,False,0.0,0.0,0,0,,,,,,,1,True,Argentina,210.09949635257544,0.045,0.0,True,0.7025826159400167,0.20119411274645932,0.09622327131352404,True,-0.0475,0.7326668350957156,0.1800286207285113,0.0873045441757732,0.5621921321424224,0.43780786785757764,0.4354442672762853,0.5188448409049002,0.1057718394754938,6,3-1,0.06667801237902898
55,Group Stage,Group J,2026-06-16,Argentina,Algeria,阿根廷,阿尔及利亚,2.285747496422271,0.6685694009610472,2.390955561974296,0.6685694009610472,1.0,1.0,0.0,0.0,1.0,1.0,0.0,0.0,0,0,,,1.0,1.0,False,False,0.0,0.0,0,0,,,,,,,1,True,Argentina,210.09949635257544,0.045,0.0,True,0.7025826159400167,0.20119411274645932,0.09622327131352404,True,-0.0475,0.7326668350957156,0.1800286207285113,0.0873045441757732,0.5621921321424224,0.43780786785757764,0.4354442672762853,0.5188448409049002,0.1057718394754938,7,0-0,0.06006094765667922
55,Group Stage,Group J,2026-06-16,Argentina,Algeria,阿根廷,阿尔及利亚,2.285747496422271,0.6685694009610472,2.390955561974296,0.6685694009610472,1.0,1.0,0.0,0.0,1.0,1.0,0.0,0.0,0,0,,,1.0,1.0,False,False,0.0,0.0,0,0,,,,,,,1,True,Argentina,210.09949635257544,0.045,0.0,True,0.7025826159400167,0.20119411274645932,0.09622327131352404,True,-0.0475,0.7326668350957156,0.1800286207285113,0.0873045441757732,0.5621921321424224,0.43780786785757764,0.4354442672762853,0.5188448409049002,0.1057718394754938,8,4-0,0.05961391754164309
55,Group Stage,Group J,2026-06-16,Argentina,Algeria,阿根廷,阿尔及利亚,2.285747496422271,0.6685694009610472,2.390955561974296,0.6685694009610472,1.0,1.0,0.0,0.0,1.0,1.0,0.0,0.0,0,0,,,1.0,1.0,False,False,0.0,0.0,0,0,,,,,,,1,True,Argentina,210.09949635257544,0.045,0.0,True,0.7025826159400167,0.20119411274645932,0.09622327131352404,True,-0.0475,0.7326668350957156,0.1800286207285113,0.0873045441757732,0.5621921321424224,0.43780786785757764,0.4354442672762853,0.5188448409049002,0.1057718394754938,9,4-1,0.038940179523339585
55,Group Stage,Group J,2026-06-16,Argentina,Algeria,阿根廷,阿尔及利亚,2.285747496422271,0.6685694009610472,2.390955561974296,0.6685694009610472,1.0,1.0,0.0,0.0,1.0,1.0,0.0,0.0,0,0,,,1.0,1.0,False,False,0.0,0.0,0,0,,,,,,,1,True,Argentina,210.09949635257544,0.045,0.0,True,0.7025826159400167,0.20119411274645932,0.09622327131352404,True,-0.0475,0.7326668350957156,0.1800286207285113,0.0873045441757732,0.5621921321424224,0.43780786785757764,0.4354442672762853,0.5188448409049002,0.1057718394754938,10,0-1,0.03171947568038755
56,Group Stage,Group J,2026-06-17,Austria,Jordan,奥地利,约旦,1.9863131343621352,0.9133322262641596,1.9863131343621352,0.9133322262641596,1.0,1.0,0.0,0.0,1.0,1.0,0.0,0.0,0,0,,,1.0,1.0,False,False,0.0,0.0,0,0,,,,,,,1,False,,120.49876514392895,0.0,0.0,True,0.7318109153814668,0.17194004031292714,0.09624904430560598,True,-0.0475,0.6488623769533023,0.20628153824550527,0.14485608480119247,0.5677282484938958,0.4322717515061042,0.5212963316669046,0.41008340656188175,0.12531746121560733,1,2-0,0.11061994034498446
56,Group Stage,Group J,2026-06-17,Austria,Jordan,奥地利,约旦,1.9863131343621352,0.9133322262641596,1.9863131343621352,0.9133322262641596,1.0,1.0,0.0,0.0,1.0,1.0,0.0,0.0,0,0,,,1.0,1.0,False,False,0.0,0.0,0,0,,,,,,,1,False,,120.49876514392895,0.0,0.0,True,0.7318109153814668,0.17194004031292714,0.09624904430560598,True,-0.0475,0.6488623769533023,0.20628153824550527,0.14485608480119247,0.5677282484938958,0.4322717515061042,0.5212963316669046,0.41008340656188175,0.12531746121560733,2,1-0,0.10807469281703735
56,Group Stage,Group J,2026-06-17,Austria,Jordan,奥地利,约旦,1.9863131343621352,0.9133322262641596,1.9863131343621352,0.9133322262641596,1.0,1.0,0.0,0.0,1.0,1.0,0.0,0.0,0,0,,,1.0,1.0,False,False,0.0,0.0,0,0,,,,,,,1,False,,120.49876514392895,0.0,0.0,True,0.7318109153814668,0.17194004031292714,0.09624904430560598,True,-0.0475,0.6488623769533023,0.20628153824550527,0.14485608480119247,0.5677282484938958,0.4322717515061042,0.5212963316669046,0.41008340656188175,0.12531746121560733,3,2-1,0.1040292982700706
56,Group Stage,Group J,2026-06-17,Austria,Jordan,奥地利,约旦,1.9863131343621352,0.9133322262641596,1.9863131343621352,0.9133322262641596,1.0,1.0,0.0,0.0,1.0,1.0,0.0,0.0,0,0,,,1.0,1.0,False,False,0.0,0.0,0,0,,,,,,,1,False,,120.49876514392895,0.0,0.0,True,0.7318109153814668,0.17194004031292714,0.09624904430560598,True,-0.0475,0.6488623769533023,0.20628153824550527,0.14485608480119247,0.5677282484938958,0.4322717515061042,0.5212963316669046,0.41008340656188175,0.12531746121560733,4,1-1,0.09631833052395943
56,Group Stage,Group J,2026-06-17,Austria,Jordan,奥地利,约旦,1.9863131343621352,0.9133322262641596,1.9863131343621352,0.9133322262641596,1.0,1.0,0.0,0.0,1.0,1.0,0.0,0.0,0,0,,,1.0,1.0,False,False,0.0,0.0,0,0,,,,,,,1,False,,120.49876514392895,0.0,0.0,True,0.7318109153814668,0.17194004031292714,0.09624904430560598,True,-0.0475,0.6488623769533023,0.20628153824550527,0.14485608480119247,0.5677282484938958,0.4322717515061042,0.5212963316669046,0.41008340656188175,0.12531746121560733,5,3-0,0.07541423794841301
56,Group Stage,Group J,2026-06-17,Austria,Jordan,奥地利,约旦,1.9863131343621352,0.9133322262641596,1.9863131343621352,0.9133322262641596,1.0,1.0,0.0,0.0,1.0,1.0,0.0,0.0,0,0,,,1.0,1.0,False,False,0.0,0.0,0,0,,,,,,,1,False,,120.49876514392895,0.0,0.0,True,0.7318109153814668,0.17194004031292714,0.09624904430560598,True,-0.0475,0.6488623769533023,0.20628153824550527,0.14485608480119247,0.5677282484938958,0.4322717515061042,0.5212963316669046,0.41008340656188175,0.12531746121560733,6,3-1,0.06895189042340333
56,Group Stage,Group J,2026-06-17,Austria,Jordan,奥地利,约旦,1.9863131343621352,0.9133322262641596,1.9863131343621352,0.9133322262641596,1.0,1.0,0.0,0.0,1.0,1.0,0.0,0.0,0,0,,,1.0,1.0,False,False,0.0,0.0,0,0,,,,,,,1,False,,120.49876514392895,0.0,0.0,True,0.7318109153814668,0.17194004031292714,0.09624904430560598,True,-0.0475,0.6488623769533023,0.20628153824550527,0.14485608480119247,0.5677282484938958,0.4322717515061042,0.5212963316669046,0.41008340656188175,0.12531746121560733,7,0-0,0.056697199444393664
56,Group Stage,Group J,2026-06-17,Austria,Jordan,奥地利,约旦,1.9863131343621352,0.9133322262641596,1.9863131343621352,0.9133322262641596,1.0,1.0,0.0,0.0,1.0,1.0,0.0,0.0,0,0,,,1.0,1.0,False,False,0.0,0.0,0,0,,,,,,,1,False,,120.49876514392895,0.0,0.0,True,0.7318109153814668,0.17194004031292714,0.09624904430560598,True,-0.0475,0.6488623769533023,0.20628153824550527,0.14485608480119247,0.5677282484938958,0.4322717515061042,0.5212963316669046,0.41008340656188175,0.12531746121560733,8,2-2,0.04298618819927821
56,Group Stage,Group J,2026-06-17,Austria,Jordan,奥地利,约旦,1.9863131343621352,0.9133322262641596,1.9863131343621352,0.9133322262641596,1.0,1.0,0.0,0.0,1.0,1.0,0.0,0.0,0,0,,,1.0,1.0,False,False,0.0,0.0,0,0,,,,,,,1,False,,120.49876514392895,0.0,0.0,True,0.7318109153814668,0.17194004031292714,0.09624904430560598,True,-0.0475,0.6488623769533023,0.20628153824550527,0.14485608480119247,0.5677282484938958,0.4322717515061042,0.5212963316669046,0.41008340656188175,0.12531746121560733,9,1-2,0.04112894557342246
56,Group Stage,Group J,2026-06-17,Austria,Jordan,奥地利,约旦,1.9863131343621352,0.9133322262641596,1.9863131343621352,0.9133322262641596,1.0,1.0,0.0,0.0,1.0,1.0,0.0,0.0,0,0,,,1.0,1.0,False,False,0.0,0.0,0,0,,,,,,,1,False,,120.49876514392895,0.0,0.0,True,0.7318109153814668,0.17194004031292714,0.09624904430560598,True,-0.0475,0.6488623769533023,0.20628153824550527,0.14485608480119247,0.5677282484938958,0.4322717515061042,0.5212963316669046,0.41008340656188175,0.12531746121560733,10,0-1,0.04045185123344796
61,Group Stage,Group K,2026-06-17,Portugal,DR Congo,葡萄牙,刚果民主共和国,2.2591219742057875,0.6974149204650979,2.3631045239512356,0.6974149204650979,1.0,1.0,0.0,0.0,1.0,1.0,0.0,0.0,0,0,,,1.0,1.0,False,False,0.0,0.0,0,0,,,,,,,1,True,Portugal,247.3068855195429,0.045,0.0,True,0.7833697077241778,0.1510593463700206,0.06557094590580155,True,-0.0475,0.7521814770977703,0.1648129833946147,0.08300553950761502,0.5937215222007272,0.40627847779927284,0.4562996613746588,0.5026127034801092,0.0917245622030023,1,2-0,0.12988847550658944
61,Group Stage,Group K,2026-06-17,Portugal,DR Congo,葡萄牙,刚果民主共和国,2.2591219742057875,0.6974149204650979,2.3631045239512356,0.6974149204650979,1.0,1.0,0.0,0.0,1.0,1.0,0.0,0.0,0,0,,,1.0,1.0,False,False,0.0,0.0,0,0,,,,,,,1,True,Portugal,247.3068855195429,0.045,0.0,True,0.7833697077241778,0.1510593463700206,0.06557094590580155,True,-0.0475,0.7521814770977703,0.1648129833946147,0.08300553950761502,0.5937215222007272,0.40627847779927284,0.4562996613746588,0.5026127034801092,0.0917245622030023,2,1-0,0.11070363253704957
61,Group Stage,Group K,2026-06-17,Portugal,DR Congo,葡萄牙,刚果民主共和国,2.2591219742057875,0.6974149204650979,2.3631045239512356,0.6974149204650979,1.0,1.0,0.0,0.0,1.0,1.0,0.0,0.0,0,0,,,1.0,1.0,False,False,0.0,0.0,0,0,,,,,,,1,True,Portugal,247.3068855195429,0.045,0.0,True,0.7833697077241778,0.1510593463700206,0.06557094590580155,True,-0.0475,0.7521814770977703,0.1648129833946147,0.08300553950761502,0.5937215222007272,0.40627847779927284,0.4562996613746588,0.5026127034801092,0.0917245622030023,3,3-0,0.10526750203986113
61,Group Stage,Group K,2026-06-17,Portugal,DR Congo,葡萄牙,刚果民主共和国,2.2591219742057875,0.6974149204650979,2.3631045239512356,0.6974149204650979,1.0,1.0,0.0,0.0,1.0,1.0,0.0,0.0,0,0,,,1.0,1.0,False,False,0.0,0.0,0,0,,,,,,,1,True,Portugal,247.3068855195429,0.045,0.0,True,0.7833697077241778,0.1510593463700206,0.06557094590580155,True,-0.0475,0.7521814770977703,0.1648129833946147,0.08300553950761502,0.5937215222007272,0.40627847779927284,0.4562996613746588,0.5026127034801092,0.0917245622030023,4,2-1,0.09320170879272231
61,Group Stage,Group K,2026-06-17,Portugal,DR Congo,葡萄牙,刚果民主共和国,2.2591219742057875,0.6974149204650979,2.3631045239512356,0.6974149204650979,1.0,1.0,0.0,0.0,1.0,1.0,0.0,0.0,0,0,,,1.0,1.0,False,False,0.0,0.0,0,0,,,,,,,1,True,Portugal,247.3068855195429,0.045,0.0,True,0.7833697077241778,0.1510593463700206,0.06557094590580155,True,-0.0475,0.7521814770977703,0.1648129833946147,0.08300553950761502,0.5937215222007272,0.40627847779927284,0.4562996613746588,0.5026127034801092,0.0917245622030023,5,1-1,0.07695373734894406
61,Group Stage,Group K,2026-06-17,Portugal,DR Congo,葡萄牙,刚果民主共和国,2.2591219742057875,0.6974149204650979,2.3631045239512356,0.6974149204650979,1.0,1.0,0.0,0.0,1.0,1.0,0.0,0.0,0,0,,,1.0,1.0,False,False,0.0,0.0,0,0,,,,,,,1,True,Portugal,247.3068855195429,0.045,0.0,True,0.7833697077241778,0.1510593463700206,0.06557094590580155,True,-0.0475,0.7521814770977703,0.1648129833946147,0.08300553950761502,0.5937215222007272,0.40627847779927284,0.4562996613746588,0.5026127034801092,0.0917245622030023,6,3-1,0.07247156064715814
61,Group Stage,Group K,2026-06-17,Portugal,DR Congo,葡萄牙,刚果民主共和国,2.2591219742057875,0.6974149204650979,2.3631045239512356,0.6974149204650979,1.0,1.0,0.0,0.0,1.0,1.0,0.0,0.0,0,0,,,1.0,1.0,False,False,0.0,0.0,0,0,,,,,,,1,True,Portugal,247.3068855195429,0.045,0.0,True,0.7833697077241778,0.1510593463700206,0.06557094590580155,True,-0.0475,0.7521814770977703,0.1648129833946147,0.08300553950761502,0.5937215222007272,0.40627847779927284,0.4562996613746588,0.5026127034801092,0.0917245622030023,7,4-0,0.06139023836373327
61,Group Stage,Group K,2026-06-17,Portugal,DR Congo,葡萄牙,刚果民主共和国,2.2591219742057875,0.6974149204650979,2.3631045239512356,0.6974149204650979,1.0,1.0,0.0,0.0,1.0,1.0,0.0,0.0,0,0,,,1.0,1.0,False,False,0.0,0.0,0,0,,,,,,,1,True,Portugal,247.3068855195429,0.045,0.0,True,0.7833697077241778,0.1510593463700206,0.06557094590580155,True,-0.0475,0.7521814770977703,0.1648129833946147,0.08300553950761502,0.5937215222007272,0.40627847779927284,0.4562996613746588,0.5026127034801092,0.0917245622030023,8,0-0,0.050636927057770335
61,Group Stage,Group K,2026-06-17,Portugal,DR Congo,葡萄牙,刚果民主共和国,2.2591219742057875,0.6974149204650979,2.3631045239512356,0.6974149204650979,1.0,1.0,0.0,0.0,1.0,1.0,0.0,0.0,0,0,,,1.0,1.0,False,False,0.0,0.0,0,0,,,,,,,1,True,Portugal,247.3068855195429,0.045,0.0,True,0.7833697077241778,0.1510593463700206,0.06557094590580155,True,-0.0475,0.7521814770977703,0.1648129833946147,0.08300553950761502,0.5937215222007272,0.40627847779927284,0.4562996613746588,0.5026127034801092,0.0917245622030023,9,4-1,0.04230844842038399
61,Group Stage,Group K,2026-06-17,Portugal,DR Congo,葡萄牙,刚果民主共和国,2.2591219742057875,0.6974149204650979,2.3631045239512356,0.6974149204650979,1.0,1.0,0.0,0.0,1.0,1.0,0.0,0.0,0,0,,,1.0,1.0,False,False,0.0,0.0,0,0,,,,,,,1,True,Portugal,247.3068855195429,0.045,0.0,True,0.7833697077241778,0.1510593463700206,0.06557094590580155,True,-0.0475,0.7521814770977703,0.1648129833946147,0.08300553950761502,0.5937215222007272,0.40627847779927284,0.4562996613746588,0.5026127034801092,0.0917245622030023,10,2-2,0.03074212914727113
62,Group Stage,Group K,2026-06-17,Uzbekistan,Colombia,乌兹别克斯坦,哥伦比亚,0.793952687506601,2.219040112703365,0.793952687506601,2.321177780142699,1.0,1.0,0.0,0.0,1.0,1.0,0.0,0.0,0,0,,,1.0,1.0,False,False,0.0,0.0,0,0,,,,,,,1,True,Colombia,177.95729960054223,0.0,0.045,True,0.09727626459143969,0.19455252918287938,0.708171206225681,True,-0.0475,0.10724033586898325,0.1920835627020061,0.7006761014290107,0.5652553313341573,0.4347446686658427,0.47576311092517565,0.11094482761110136,0.47070885715010774,1,0-2,0.12433260161886343
62,Group Stage,Group K,2026-06-17,Uzbekistan,Colombia,乌兹别克斯坦,哥伦比亚,0.793952687506601,2.219040112703365,0.793952687506601,2.321177780142699,1.0,1.0,0.0,0.0,1.0,1.0,0.0,0.0,0,0,,,1.0,1.0,False,False,0.0,0.0,0,0,,,,,,,1,True,Colombia,177.95729960054223,0.0,0.045,True,0.09727626459143969,0.19455252918287938,0.708171206225681,True,-0.0475,0.10724033586898325,0.1920835627020061,0.7006761014290107,0.5652553313341573,0.4347446686658427,0.47576311092517565,0.11094482761110136,0.47070885715010774,2,0-1,0.11295800188377203
62,Group Stage,Group K,2026-06-17,Uzbekistan,Colombia,乌兹别克斯坦,哥伦比亚,0.793952687506601,2.219040112703365,0.793952687506601,2.321177780142699,1.0,1.0,0.0,0.0,1.0,1.0,0.0,0.0,0,0,,,1.0,1.0,False,False,0.0,0.0,0,0,,,,,,,1,True,Colombia,177.95729960054223,0.0,0.045,True,0.09727626459143969,0.19455252918287938,0.708171206225681,True,-0.0475,0.10724033586898325,0.1920835627020061,0.7006761014290107,0.5652553313341573,0.4347446686658427,0.47576311092517565,0.11094482761110136,0.47070885715010774,3,1-2,0.09480435129604534
62,Group Stage,Group K,2026-06-17,Uzbekistan,Colombia,乌兹别克斯坦,哥伦比亚,0.793952687506601,2.219040112703365,0.793952687506601,2.321177780142699,1.0,1.0,0.0,0.0,1.0,1.0,0.0,0.0,0,0,,,1.0,1.0,False,False,0.0,0.0,0,0,,,,,,,1,True,Colombia,177.95729960054223,0.0,0.045,True,0.09727626459143969,0.19455252918287938,0.708171206225681,True,-0.0475,0.10724033586898325,0.1920835627020061,0.7006761014290107,0.5652553313341573,0.4347446686658427,0.47576311092517565,0.11094482761110136,0.47070885715010774,4,0-3,0.09238911300047022
62,Group Stage,Group K,2026-06-17,Uzbekistan,Colombia,乌兹别克斯坦,哥伦比亚,0.793952687506601,2.219040112703365,0.793952687506601,2.321177780142699,1.0,1.0,0.0,0.0,1.0,1.0,0.0,0.0,0,0,,,1.0,1.0,False,False,0.0,0.0,0,0,,,,,,,1,True,Colombia,177.95729960054223,0.0,0.045,True,0.09727626459143969,0.19455252918287938,0.708171206225681,True,-0.0475,0.10724033586898325,0.1920835627020061,0.7006761014290107,0.5652553313341573,0.4347446686658427,0.47576311092517565,0.11094482761110136,0.47070885715010774,5,1-1,0.09090725314284288
62,Group Stage,Group K,2026-06-17,Uzbekistan,Colombia,乌兹别克斯坦,哥伦比亚,0.793952687506601,2.219040112703365,0.793952687506601,2.321177780142699,1.0,1.0,0.0,0.0,1.0,1.0,0.0,0.0,0,0,,,1.0,1.0,False,False,0.0,0.0,0,0,,,,,,,1,True,Colombia,177.95729960054223,0.0,0.045,True,0.09727626459143969,0.19455252918287938,0.708171206225681,True,-0.0475,0.10724033586898325,0.1920835627020061,0.7006761014290107,0.5652553313341573,0.4347446686658427,0.47576311092517565,0.11094482761110136,0.47070885715010774,6,1-3,0.06838159493372795
62,Group Stage,Group K,2026-06-17,Uzbekistan,Colombia,乌兹别克斯坦,哥伦比亚,0.793952687506601,2.219040112703365,0.793952687506601,2.321177780142699,1.0,1.0,0.0,0.0,1.0,1.0,0.0,0.0,0,0,,,1.0,1.0,False,False,0.0,0.0,0,0,,,,,,,1,True,Colombia,177.95729960054223,0.0,0.045,True,0.09727626459143969,0.19455252918287938,0.708171206225681,True,-0.0475,0.10724033586898325,0.1920835627020061,0.7006761014290107,0.5652553313341573,0.4347446686658427,0.47576311092517565,0.11094482761110136,0.47070885715010774,7,0-0,0.057416795686384796
62,Group Stage,Group K,2026-06-17,Uzbekistan,Colombia,乌兹别克斯坦,哥伦比亚,0.793952687506601,2.219040112703365,0.793952687506601,2.321177780142699,1.0,1.0,0.0,0.0,1.0,1.0,0.0,0.0,0,0,,,1.0,1.0,False,False,0.0,0.0,0,0,,,,,,,1,True,Colombia,177.95729960054223,0.0,0.045,True,0.09727626459143969,0.19455252918287938,0.708171206225681,True,-0.0475,0.10724033586898325,0.1920835627020061,0.7006761014290107,0.5652553313341573,0.4347446686658427,0.47576311092517565,0.11094482761110136,0.47070885715010774,8,0-4,0.04997962763668087
62,Group Stage,Group K,2026-06-17,Uzbekistan,Colombia,乌兹别克斯坦,哥伦比亚,0.793952687506601,2.219040112703365,0.793952687506601,2.321177780142699,1.0,1.0,0.0,0.0,1.0,1.0,0.0,0.0,0,0,,,1.0,1.0,False,False,0.0,0.0,0,0,,,,,,,1,True,Colombia,177.95729960054223,0.0,0.045,True,0.09727626459143969,0.19455252918287938,0.708171206225681,True,-0.0475,0.10724033586898325,0.1920835627020061,0.7006761014290107,0.5652553313341573,0.4347446686658427,0.47576311092517565,0.11094482761110136,0.47070885715010774,9,1-4,0.03772813922112856
62,Group Stage,Group K,2026-06-17,Uzbekistan,Colombia,乌兹别克斯坦,哥伦比亚,0.793952687506601,2.219040112703365,0.793952687506601,2.321177780142699,1.0,1.0,0.0,0.0,1.0,1.0,0.0,0.0,0,0,,,1.0,1.0,False,False,0.0,0.0,0,0,,,,,,,1,True,Colombia,177.95729960054223,0.0,0.045,True,0.09727626459143969,0.19455252918287938,0.708171206225681,True,-0.0475,0.10724033586898325,0.1920835627020061,0.7006761014290107,0.5652553313341573,0.4347446686658427,0.47576311092517565,0.11094482761110136,0.47070885715010774,10,2-2,0.03579809959048939
67,Group Stage,Group L,2026-06-17,England,Croatia,英格兰,克罗地亚,1.66630737097484,1.1829874346693088,1.66630737097484,1.1829874346693088,1.0,1.0,0.0,0.0,1.0,1.0,0.0,0.0,0,0,,,1.0,1.0,False,False,0.0,0.0,0,0,,,,,,,1,False,,46.81573122320037,0.0,0.0,True,0.578512396694215,0.25289256198347104,0.16859504132231404,True,-0.0475,0.5006118489860486,0.25844708434155417,0.24094106667239748,0.5171264276331508,0.48287357236684925,0.5474047845237184,0.33328970939209224,0.18981970636726944,1,1-1,0.12236532339269274
67,Group Stage,Group L,2026-06-17,England,Croatia,英格兰,克罗地亚,1.66630737097484,1.1829874346693088,1.66630737097484,1.1829874346693088,1.0,1.0,0.0,0.0,1.0,1.0,0.0,0.0,0,0,,,1.0,1.0,False,False,0.0,0.0,0,0,,,,,,,1,False,,46.81573122320037,0.0,0.0,True,0.578512396694215,0.25289256198347104,0.16859504132231404,True,-0.0475,0.5006118489860486,0.25844708434155417,0.24094106667239748,0.5171264276331508,0.48287357236684925,0.5474047845237184,0.33328970939209224,0.18981970636726944,2,1-0,0.10372303371334433
67,Group Stage,Group L,2026-06-17,England,Croatia,英格兰,克罗地亚,1.66630737097484,1.1829874346693088,1.66630737097484,1.1829874346693088,1.0,1.0,0.0,0.0,1.0,1.0,0.0,0.0,0,0,,,1.0,1.0,False,False,0.0,0.0,0,0,,,,,,,1,False,,46.81573122320037,0.0,0.0,True,0.578512396694215,0.25289256198347104,0.16859504132231404,True,-0.0475,0.5006118489860486,0.25844708434155417,0.24094106667239748,0.5171264276331508,0.48287357236684925,0.5474047845237184,0.33328970939209224,0.18981970636726944,3,2-1,0.09876935137986417
67,Group Stage,Group L,2026-06-17,England,Croatia,英格兰,克罗地亚,1.66630737097484,1.1829874346693088,1.66630737097484,1.1829874346693088,1.0,1.0,0.0,0.0,1.0,1.0,0.0,0.0,0,0,,,1.0,1.0,False,False,0.0,0.0,0,0,,,,,,,1,False,,46.81573122320037,0.0,0.0,True,0.578512396694215,0.25289256198347104,0.16859504132231404,True,-0.0475,0.5006118489860486,0.25844708434155417,0.24094106667239748,0.5171264276331508,0.48287357236684925,0.5474047845237184,0.33328970939209224,0.18981970636726944,4,2-0,0.08645651015790876
67,Group Stage,Group L,2026-06-17,England,Croatia,英格兰,克罗地亚,1.66630737097484,1.1829874346693088,1.66630737097484,1.1829874346693088,1.0,1.0,0.0,0.0,1.0,1.0,0.0,0.0,0,0,,,1.0,1.0,False,False,0.0,0.0,0,0,,,,,,,1,False,,46.81573122320037,0.0,0.0,True,0.578512396694215,0.25289256198347104,0.16859504132231404,True,-0.0475,0.5006118489860486,0.25844708434155417,0.24094106667239748,0.5171264276331508,0.48287357236684925,0.5474047845237184,0.33328970939209224,0.18981970636726944,5,0-0,0.0705142002830801
67,Group Stage,Group L,2026-06-17,England,Croatia,英格兰,克罗地亚,1.66630737097484,1.1829874346693088,1.66630737097484,1.1829874346693088,1.0,1.0,0.0,0.0,1.0,1.0,0.0,0.0,0,0,,,1.0,1.0,False,False,0.0,0.0,0,0,,,,,,,1,False,,46.81573122320037,0.0,0.0,True,0.578512396694215,0.25289256198347104,0.16859504132231404,True,-0.0475,0.5006118489860486,0.25844708434155417,0.24094106667239748,0.5171264276331508,0.48287357236684925,0.5474047845237184,0.33328970939209224,0.18981970636726944,6,0-1,0.06213104429510808
67,Group Stage,Group L,2026-06-17,England,Croatia,英格兰,克罗地亚,1.66630737097484,1.1829874346693088,1.66630737097484,1.1829874346693088,1.0,1.0,0.0,0.0,1.0,1.0,0.0,0.0,0,0,,,1.0,1.0,False,False,0.0,0.0,0,0,,,,,,,1,False,,46.81573122320037,0.0,0.0,True,0.578512396694215,0.25289256198347104,0.16859504132231404,True,-0.0475,0.5006118489860486,0.25844708434155417,0.24094106667239748,0.5171264276331508,0.48287357236684925,0.5474047845237184,0.33328970939209224,0.18981970636726944,7,1-2,0.06063875306620383
67,Group Stage,Group L,2026-06-17,England,Croatia,英格兰,克罗地亚,1.66630737097484,1.1829874346693088,1.66630737097484,1.1829874346693088,1.0,1.0,0.0,0.0,1.0,1.0,0.0,0.0,0,0,,,1.0,1.0,False,False,0.0,0.0,0,0,,,,,,,1,False,,46.81573122320037,0.0,0.0,True,0.578512396694215,0.25289256198347104,0.16859504132231404,True,-0.0475,0.5006118489860486,0.25844708434155417,0.24094106667239748,0.5171264276331508,0.48287357236684925,0.5474047845237184,0.33328970939209224,0.18981970636726944,8,2-2,0.05239199505171853
67,Group Stage,Group L,2026-06-17,England,Croatia,英格兰,克罗地亚,1.66630737097484,1.1829874346693088,1.66630737097484,1.1829874346693088,1.0,1.0,0.0,0.0,1.0,1.0,0.0,0.0,0,0,,,1.0,1.0,False,False,0.0,0.0,0,0,,,,,,,1,False,,46.81573122320037,0.0,0.0,True,0.578512396694215,0.25289256198347104,0.16859504132231404,True,-0.0475,0.5006118489860486,0.25844708434155417,0.24094106667239748,0.5171264276331508,0.48287357236684925,0.5474047845237184,0.33328970939209224,0.18981970636726944,9,3-1,0.051700773833812025
67,Group Stage,Group L,2026-06-17,England,Croatia,英格兰,克罗地亚,1.66630737097484,1.1829874346693088,1.66630737097484,1.1829874346693088,1.0,1.0,0.0,0.0,1.0,1.0,0.0,0.0,0,0,,,1.0,1.0,False,False,0.0,0.0,0,0,,,,,,,1,False,,46.81573122320037,0.0,0.0,True,0.578512396694215,0.25289256198347104,0.16859504132231404,True,-0.0475,0.5006118489860486,0.25844708434155417,0.24094106667239748,0.5171264276331508,0.48287357236684925,0.5474047845237184,0.33328970939209224,0.18981970636726944,10,3-0,0.04637414661880389
68,Group Stage,Group L,2026-06-17,Ghana,Panama,加纳,巴拿马,1.3620958309493458,1.7325561722959026,1.3620958309493458,1.7325561722959026,1.0,1.0,0.0,0.0,1.0,1.0,0.0,0.0,0,0,,,1.0,1.0,False,False,0.0,0.0,0,0,,,,,,,1,False,,127.60178288556403,0.0,0.0,True,0.4518072289156627,0.29518072289156627,0.25301204819277107,True,-0.0475,0.3328562675486103,0.269500236018521,0.3976434964328686,0.5369908645996554,0.4630091354003446,0.5778413885285384,0.22622807958210395,0.2652524519394223,1,1-1,0.12431341838068809
68,Group Stage,Group L,2026-06-17,Ghana,Panama,加纳,巴拿马,1.3620958309493458,1.7325561722959026,1.3620958309493458,1.7325561722959026,1.0,1.0,0.0,0.0,1.0,1.0,0.0,0.0,0,0,,,1.0,1.0,False,False,0.0,0.0,0,0,,,,,,,1,False,,127.60178288556403,0.0,0.0,True,0.4518072289156627,0.29518072289156627,0.25301204819277107,True,-0.0475,0.3328562675486103,0.269500236018521,0.3976434964328686,0.5369908645996554,0.4630091354003446,0.5778413885285384,0.22622807958210395,0.2652524519394223,2,1-2,0.08083138369401677
68,Group Stage,Group L,2026-06-17,Ghana,Panama,加纳,巴拿马,1.3620958309493458,1.7325561722959026,1.3620958309493458,1.7325561722959026,1.0,1.0,0.0,0.0,1.0,1.0,0.0,0.0,0,0,,,1.0,1.0,False,False,0.0,0.0,0,0,,,,,,,1,False,,127.60178288556403,0.0,0.0,True,0.4518072289156627,0.29518072289156627,0.25301204819277107,True,-0.0475,0.3328562675486103,0.269500236018521,0.3976434964328686,0.5369908645996554,0.4630091354003446,0.5778413885285384,0.22622807958210395,0.2652524519394223,3,2-1,0.08078533616513925
68,Group Stage,Group L,2026-06-17,Ghana,Panama,加纳,巴拿马,1.3620958309493458,1.7325561722959026,1.3620958309493458,1.7325561722959026,1.0,1.0,0.0,0.0,1.0,1.0,0.0,0.0,0,0,,,1.0,1.0,False,False,0.0,0.0,0,0,,,,,,,1,False,,127.60178288556403,0.0,0.0,True,0.4518072289156627,0.29518072289156627,0.25301204819277107,True,-0.0475,0.3328562675486103,0.269500236018521,0.3976434964328686,0.5369908645996554,0.4630091354003446,0.5778413885285384,0.22622807958210395,0.2652524519394223,4,0-1,0.07851939255982959
68,Group Stage,Group L,2026-06-17,Ghana,Panama,加纳,巴拿马,1.3620958309493458,1.7325561722959026,1.3620958309493458,1.7325561722959026,1.0,1.0,0.0,0.0,1.0,1.0,0.0,0.0,0,0,,,1.0,1.0,False,False,0.0,0.0,0,0,,,,,,,1,False,,127.60178288556403,0.0,0.0,True,0.4518072289156627,0.29518072289156627,0.25301204819277107,True,-0.0475,0.3328562675486103,0.269500236018521,0.3976434964328686,0.5369908645996554,0.4630091354003446,0.5778413885285384,0.22622807958210395,0.2652524519394223,5,1-0,0.07699822944981487
68,Group Stage,Group L,2026-06-17,Ghana,Panama,加纳,巴拿马,1.3620958309493458,1.7325561722959026,1.3620958309493458,1.7325561722959026,1.0,1.0,0.0,0.0,1.0,1.0,0.0,0.0,0,0,,,1.0,1.0,False,False,0.0,0.0,0,0,,,,,,,1,False,,127.60178288556403,0.0,0.0,True,0.4518072289156627,0.29518072289156627,0.25301204819277107,True,-0.0475,0.3328562675486103,0.269500236018521,0.3976434964328686,0.5369908645996554,0.4630091354003446,0.5778413885285384,0.22622807958210395,0.2652524519394223,6,0-0,0.06932192005006478
68,Group Stage,Group L,2026-06-17,Ghana,Panama,加纳,巴拿马,1.3620958309493458,1.7325561722959026,1.3620958309493458,1.7325561722959026,1.0,1.0,0.0,0.0,1.0,1.0,0.0,0.0,0,0,,,1.0,1.0,False,False,0.0,0.0,0,0,,,,,,,1,False,,127.60178288556403,0.0,0.0,True,0.4518072289156627,0.29518072289156627,0.25301204819277107,True,-0.0475,0.3328562675486103,0.269500236018521,0.3976434964328686,0.5369908645996554,0.4630091354003446,0.5778413885285384,0.22622807958210395,0.2652524519394223,7,0-2,0.06375892741452882
68,Group Stage,Group L,2026-06-17,Ghana,Panama,加纳,巴拿马,1.3620958309493458,1.7325561722959026,1.3620958309493458,1.7325561722959026,1.0,1.0,0.0,0.0,1.0,1.0,0.0,0.0,0,0,,,1.0,1.0,False,False,0.0,0.0,0,0,,,,,,,1,False,,127.60178288556403,0.0,0.0,True,0.4518072289156627,0.29518072289156627,0.25301204819277107,True,-0.0475,0.3328562675486103,0.269500236018521,0.3976434964328686,0.5369908645996554,0.4630091354003446,0.5778413885285384,0.22622807958210395,0.2652524519394223,8,2-2,0.05879828191513303
68,Group Stage,Group L,2026-06-17,Ghana,Panama,加纳,巴拿马,1.3620958309493458,1.7325561722959026,1.3620958309493458,1.7325561722959026,1.0,1.0,0.0,0.0,1.0,1.0,0.0,0.0,0,0,,,1.0,1.0,False,False,0.0,0.0,0,0,,,,,,,1,False,,127.60178288556403,0.0,0.0,True,0.4518072289156627,0.29518072289156627,0.25301204819277107,True,-0.0475,0.3328562675486103,0.269500236018521,0.3976434964328686,0.5369908645996554,0.4630091354003446,0.5778413885285384,0.22622807958210395,0.2652524519394223,9,2-0,0.05009724754541828
68,Group Stage,Group L,2026-06-17,Ghana,Panama,加纳,巴拿马,1.3620958309493458,1.7325561722959026,1.3620958309493458,1.7325561722959026,1.0,1.0,0.0,0.0,1.0,1.0,0.0,0.0,0,0,,,1.0,1.0,False,False,0.0,0.0,0,0,,,,,,,1,False,,127.60178288556403,0.0,0.0,True,0.4518072289156627,0.29518072289156627,0.25301204819277107,True,-0.0475,0.3328562675486103,0.269500236018521,0.3976434964328686,0.5369908645996554,0.4630091354003446,0.5778413885285384,0.22622807958210395,0.2652524519394223,10,1-3,0.042119227576487214
3,Group Stage,Group A,2026-06-18,South Africa,Czech Republic,南非,捷克,1.0616032915024962,1.7033782820980699,1.0457980775810196,1.7187778808843392,1.0,1.0,0.0,0.0,0.9851119396030626,1.0090406217738679,-0.015,0.009000000000000001,2,0,兹瓦内、西索尔,,1.0,1.0,False,False,0.0,0.0,0,0,,,,,,,2,False,,94.01461817775271,0.0,0.0,True,0.2135870190647896,0.27699566534964903,0.5094173155855615,True,-0.0475,0.2220764646397056,0.2599752612482353,0.5179482741120591,0.5017432175745847,0.49825678242541527,0.5256384281948316,0.18891292896893985,0.3613167161507894,1,1-1,0.12347971193586123
3,Group Stage,Group A,2026-06-18,South Africa,Czech Republic,南非,捷克,1.0616032915024962,1.7033782820980699,1.0457980775810196,1.7187778808843392,1.0,1.0,0.0,0.0,0.9851119396030626,1.0090406217738679,-0.015,0.009000000000000001,2,0,兹瓦内、西索尔,,1.0,1.0,False,False,0.0,0.0,0,0,,,,,,,2,False,,94.01461817775271,0.0,0.0,True,0.2135870190647896,0.27699566534964903,0.5094173155855615,True,-0.0475,0.2220764646397056,0.2599752612482353,0.5179482741120591,0.5017432175745847,0.49825678242541527,0.5256384281948316,0.18891292896893985,0.3613167161507894,2,0-1,0.10782050199442461
3,Group Stage,Group A,2026-06-18,South Africa,Czech Republic,南非,捷克,1.0616032915024962,1.7033782820980699,1.0457980775810196,1.7187778808843392,1.0,1.0,0.0,0.0,0.9851119396030626,1.0090406217738679,-0.015,0.009000000000000001,2,0,兹瓦内、西索尔,,1.0,1.0,False,False,0.0,0.0,0,0,,,,,,,2,False,,94.01461817775271,0.0,0.0,True,0.2135870190647896,0.27699566534964903,0.5094173155855615,True,-0.0475,0.2220764646397056,0.2599752612482353,0.5179482741120591,0.5017432175745847,0.49825678242541527,0.5256384281948316,0.18891292896893985,0.3613167161507894,3,1-2,0.09638368060198253
3,Group Stage,Group A,2026-06-18,South Africa,Czech Republic,南非,捷克,1.0616032915024962,1.7033782820980699,1.0457980775810196,1.7187778808843392,1.0,1.0,0.0,0.0,0.9851119396030626,1.0090406217738679,-0.015,0.009000000000000001,2,0,兹瓦内、西索尔,,1.0,1.0,False,False,0.0,0.0,0,0,,,,,,,2,False,,94.01461817775271,0.0,0.0,True,0.2135870190647896,0.27699566534964903,0.5094173155855615,True,-0.0475,0.2220764646397056,0.2599752612482353,0.5179482741120591,0.5017432175745847,0.49825678242541527,0.5256384281948316,0.18891292896893985,0.3613167161507894,4,0-2,0.09352591251364976
3,Group Stage,Group A,2026-06-18,South Africa,Czech Republic,南非,捷克,1.0616032915024962,1.7033782820980699,1.0457980775810196,1.7187778808843392,1.0,1.0,0.0,0.0,0.9851119396030626,1.0090406217738679,-0.015,0.009000000000000001,2,0,兹瓦内、西索尔,,1.0,1.0,False,False,0.0,0.0,0,0,,,,,,,2,False,,94.01461817775271,0.0,0.0,True,0.2135870190647896,0.27699566534964903,0.5094173155855615,True,-0.0475,0.2220764646397056,0.2599752612482353,0.5179482741120591,0.5017432175745847,0.49825678242541527,0.5256384281948316,0.18891292896893985,0.3613167161507894,5,0-0,0.07586807331456084
3,Group Stage,Group A,2026-06-18,South Africa,Czech Republic,南非,捷克,1.0616032915024962,1.7033782820980699,1.0457980775810196,1.7187778808843392,1.0,1.0,0.0,0.0,0.9851119396030626,1.0090406217738679,-0.015,0.009000000000000001,2,0,兹瓦内、西索尔,,1.0,1.0,False,False,0.0,0.0,0,0,,,,,,,2,False,,94.01461817775271,0.0,0.0,True,0.2135870190647896,0.27699566534964903,0.5094173155855615,True,-0.0475,0.2220764646397056,0.2599752612482353,0.5179482741120591,0.5017432175745847,0.49825678242541527,0.5256384281948316,0.18891292896893985,0.3613167161507894,6,1-0,0.0630999919841382
3,Group Stage,Group A,2026-06-18,South Africa,Czech Republic,南非,捷克,1.0616032915024962,1.7033782820980699,1.0457980775810196,1.7187778808843392,1.0,1.0,0.0,0.0,0.9851119396030626,1.0090406217738679,-0.015,0.009000000000000001,2,0,兹瓦内、西索尔,,1.0,1.0,False,False,0.0,0.0,0,0,,,,,,,2,False,,94.01461817775271,0.0,0.0,True,0.2135870190647896,0.27699566534964903,0.5094173155855615,True,-0.0475,0.2220764646397056,0.2599752612482353,0.5179482741120591,0.5017432175745847,0.49825678242541527,0.5256384281948316,0.18891292896893985,0.3613167161507894,7,2-1,0.0583702282087121
3,Group Stage,Group A,2026-06-18,South Africa,Czech Republic,南非,捷克,1.0616032915024962,1.7033782820980699,1.0457980775810196,1.7187778808843392,1.0,1.0,0.0,0.0,0.9851119396030626,1.0090406217738679,-0.015,0.009000000000000001,2,0,兹瓦内、西索尔,,1.0,1.0,False,False,0.0,0.0,0,0,,,,,,,2,False,,94.01461817775271,0.0,0.0,True,0.2135870190647896,0.27699566534964903,0.5094173155855615,True,-0.0475,0.2220764646397056,0.2599752612482353,0.5179482741120591,0.5017432175745847,0.49825678242541527,0.5256384281948316,0.18891292896893985,0.3613167161507894,8,0-3,0.052802461535752965
3,Group Stage,Group A,2026-06-18,South Africa,Czech Republic,南非,捷克,1.0616032915024962,1.7033782820980699,1.0457980775810196,1.7187778808843392,1.0,1.0,0.0,0.0,0.9851119396030626,1.0090406217738679,-0.015,0.009000000000000001,2,0,兹瓦内、西索尔,,1.0,1.0,False,False,0.0,0.0,0,0,,,,,,,2,False,,94.01461817775271,0.0,0.0,True,0.2135870190647896,0.27699566534964903,0.5094173155855615,True,-0.0475,0.2220764646397056,0.2599752612482353,0.5179482741120591,0.5017432175745847,0.49825678242541527,0.5256384281948316,0.18891292896893985,0.3613167161507894,9,1-3,0.05216358508753938
3,Group Stage,Group A,2026-06-18,South Africa,Czech Republic,南非,捷克,1.0616032915024962,1.7033782820980699,1.0457980775810196,1.7187778808843392,1.0,1.0,0.0,0.0,0.9851119396030626,1.0090406217738679,-0.015,0.009000000000000001,2,0,兹瓦内、西索尔,,1.0,1.0,False,False,0.0,0.0,0,0,,,,,,,2,False,,94.01461817775271,0.0,0.0,True,0.2135870190647896,0.27699566534964903,0.5094173155855615,True,-0.0475,0.2220764646397056,0.2599752612482353,0.5179482741120591,0.5017432175745847,0.49825678242541527,0.5256384281948316,0.18891292896893985,0.3613167161507894,10,2-2,0.04931037633186318
4,Group Stage,Group A,2026-06-18,Mexico,South Korea,墨西哥,韩国,1.5312520219500179,1.0334853113667881,1.5266651496327974,1.0451776673042563,1.0,1.0,0.0,0.0,0.997004495503373,1.0113135192236113,-0.003,0.01125,1,0,蒙特斯,,1.0,1.0,False,False,0.0,0.0,0,0,,,,,,,2,False,,39.10302386759349,0.0,0.0,True,0.4760498929810318,0.2951509336482397,0.22879917337072844,True,-0.0475,0.4744232633049959,0.278984343884649,0.2465923928103552,0.4608934399709686,0.5391065600290315,0.5060658820702041,0.3605570464416312,0.22304464885187308,1,1-1,0.13185532377223722
4,Group Stage,Group A,2026-06-18,Mexico,South Korea,墨西哥,韩国,1.5312520219500179,1.0334853113667881,1.5266651496327974,1.0451776673042563,1.0,1.0,0.0,0.0,0.997004495503373,1.0113135192236113,-0.003,0.01125,1,0,蒙特斯,,1.0,1.0,False,False,0.0,0.0,0,0,,,,,,,2,False,,39.10302386759349,0.0,0.0,True,0.4760498929810318,0.2951509336482397,0.22879917337072844,True,-0.0475,0.4744232633049959,0.278984343884649,0.2465923928103552,0.4608934399709686,0.5391065600290315,0.5060658820702041,0.3605570464416312,0.22304464885187308,2,1-0,0.11318008179171149
4,Group Stage,Group A,2026-06-18,Mexico,South Korea,墨西哥,韩国,1.5312520219500179,1.0334853113667881,1.5266651496327974,1.0451776673042563,1.0,1.0,0.0,0.0,0.997004495503373,1.0113135192236113,-0.003,0.01125,1,0,蒙特斯,,1.0,1.0,False,False,0.0,0.0,0,0,,,,,,,2,False,,39.10302386759349,0.0,0.0,True,0.4760498929810318,0.2951509336482397,0.22879917337072844,True,-0.0475,0.4744232633049959,0.278984343884649,0.2465923928103552,0.4608934399709686,0.5391065600290315,0.5060658820702041,0.3605570464416312,0.22304464885187308,3,2-1,0.09267800098611256
4,Group Stage,Group A,2026-06-18,Mexico,South Korea,墨西哥,韩国,1.5312520219500179,1.0334853113667881,1.5266651496327974,1.0451776673042563,1.0,1.0,0.0,0.0,0.997004495503373,1.0113135192236113,-0.003,0.01125,1,0,蒙特斯,,1.0,1.0,False,False,0.0,0.0,0,0,,,,,,,2,False,,39.10302386759349,0.0,0.0,True,0.4760498929810318,0.2951509336482397,0.22879917337072844,True,-0.0475,0.4744232633049959,0.278984343884649,0.2465923928103552,0.4608934399709686,0.5391065600290315,0.5060658820702041,0.3605570464416312,0.22304464885187308,4,0-0,0.08966757736370828
4,Group Stage,Group A,2026-06-18,Mexico,South Korea,墨西哥,韩国,1.5312520219500179,1.0334853113667881,1.5266651496327974,1.0451776673042563,1.0,1.0,0.0,0.0,0.997004495503373,1.0113135192236113,-0.003,0.01125,1,0,蒙特斯,,1.0,1.0,False,False,0.0,0.0,0,0,,,,,,,2,False,,39.10302386759349,0.0,0.0,True,0.4760498929810318,0.2951509336482397,0.22879917337072844,True,-0.0475,0.4744232633049959,0.278984343884649,0.2465923928103552,0.4608934399709686,0.5391065600290315,0.5060658820702041,0.3605570464416312,0.22304464885187308,5,2-0,0.08957287861437999
4,Group Stage,Group A,2026-06-18,Mexico,South Korea,墨西哥,韩国,1.5312520219500179,1.0334853113667881,1.5266651496327974,1.0451776673042563,1.0,1.0,0.0,0.0,0.997004495503373,1.0113135192236113,-0.003,0.01125,1,0,蒙特斯,,1.0,1.0,False,False,0.0,0.0,0,0,,,,,,,2,False,,39.10302386759349,0.0,0.0,True,0.4760498929810318,0.2951509336482397,0.22879917337072844,True,-0.0475,0.4744232633049959,0.278984343884649,0.2465923928103552,0.4608934399709686,0.5391065600290315,0.5060658820702041,0.3605570464416312,0.22304464885187308,6,0-1,0.07383766247924187
4,Group Stage,Group A,2026-06-18,Mexico,South Korea,墨西哥,韩国,1.5312520219500179,1.0334853113667881,1.5266651496327974,1.0451776673042563,1.0,1.0,0.0,0.0,0.997004495503373,1.0113135192236113,-0.003,0.01125,1,0,蒙特斯,,1.0,1.0,False,False,0.0,0.0,0,0,,,,,,,2,False,,39.10302386759349,0.0,0.0,True,0.4760498929810318,0.2951509336482397,0.22879917337072844,True,-0.0475,0.4744232633049959,0.278984343884649,0.2465923928103552,0.4608934399709686,0.5391065600290315,0.5060658820702041,0.3605570464416312,0.22304464885187308,7,1-2,0.061953219575245806
4,Group Stage,Group A,2026-06-18,Mexico,South Korea,墨西哥,韩国,1.5312520219500179,1.0334853113667881,1.5266651496327974,1.0451776673042563,1.0,1.0,0.0,0.0,0.997004495503373,1.0113135192236113,-0.003,0.01125,1,0,蒙特斯,,1.0,1.0,False,False,0.0,0.0,0,0,,,,,,,2,False,,39.10302386759349,0.0,0.0,True,0.4760498929810318,0.2951509336482397,0.22879917337072844,True,-0.0475,0.4744232633049959,0.278984343884649,0.2465923928103552,0.4608934399709686,0.5391065600290315,0.5060658820702041,0.3605570464416312,0.22304464885187308,8,2-2,0.047609075263172144
4,Group Stage,Group A,2026-06-18,Mexico,South Korea,墨西哥,韩国,1.5312520219500179,1.0334853113667881,1.5266651496327974,1.0451776673042563,1.0,1.0,0.0,0.0,0.997004495503373,1.0113135192236113,-0.003,0.01125,1,0,蒙特斯,,1.0,1.0,False,False,0.0,0.0,0,0,,,,,,,2,False,,39.10302386759349,0.0,0.0,True,0.4760498929810318,0.2951509336482397,0.22879917337072844,True,-0.0475,0.4744232633049959,0.278984343884649,0.2465923928103552,0.4608934399709686,0.5391065600290315,0.5060658820702041,0.3605570464416312,0.22304464885187308,9,3-1,0.045171173807468504
4,Group Stage,Group A,2026-06-18,Mexico,South Korea,墨西哥,韩国,1.5312520219500179,1.0334853113667881,1.5266651496327974,1.0451776673042563,1.0,1.0,0.0,0.0,0.997004495503373,1.0113135192236113,-0.003,0.01125,1,0,蒙特斯,,1.0,1.0,False,False,0.0,0.0,0,0,,,,,,,2,False,,39.10302386759349,0.0,0.0,True,0.4760498929810318,0.2951509336482397,0.22879917337072844,True,-0.0475,0.4744232633049959,0.278984343884649,0.2465923928103552,0.4608934399709686,0.5391065600290315,0.5060658820702041,0.3605570464416312,0.22304464885187308,10,3-0,0.04512415406146896
9,Group Stage,Group B,2026-06-18,Switzerland,Bosnia and Herzegovina,瑞士,波黑,2.4109017031423625,0.8833997008120502,2.4109017031423625,0.8833997008120502,1.0,1.0,0.0,0.0,1.0,1.0,0.0,0.0,0,0,,,1.0,1.0,True,False,0.0,0.0,0,0,,,,,,,2,False,,199.5749775961781,0.0,0.0,True,0.6557719054242003,0.21592489568845621,0.12830319888734354,True,-0.0475,0.6800476807131113,0.1975445810468906,0.12240773823999819,0.5872077304839288,0.4127922695160712,0.5074486093689695,0.43500477435570273,0.11219917663279635,1,2-0,0.11146207212041885
9,Group Stage,Group B,2026-06-18,Switzerland,Bosnia and Herzegovina,瑞士,波黑,2.4109017031423625,0.8833997008120502,2.4109017031423625,0.8833997008120502,1.0,1.0,0.0,0.0,1.0,1.0,0.0,0.0,0,0,,,1.0,1.0,True,False,0.0,0.0,0,0,,,,,,,2,False,,199.5749775961781,0.0,0.0,True,0.6557719054242003,0.21592489568845621,0.12830319888734354,True,-0.0475,0.6800476807131113,0.1975445810468906,0.12240773823999819,0.5872077304839288,0.4127922695160712,0.5074486093689695,0.43500477435570273,0.11219917663279635,2,1-0,0.10280367478060061
9,Group Stage,Group B,2026-06-18,Switzerland,Bosnia and Herzegovina,瑞士,波黑,2.4109017031423625,0.8833997008120502,2.4109017031423625,0.8833997008120502,1.0,1.0,0.0,0.0,1.0,1.0,0.0,0.0,0,0,,,1.0,1.0,True,False,0.0,0.0,0,0,,,,,,,2,False,,199.5749775961781,0.0,0.0,True,0.6557719054242003,0.21592489568845621,0.12830319888734354,True,-0.0475,0.6800476807131113,0.1975445810468906,0.12240773823999819,0.5872077304839288,0.4127922695160712,0.5074486093689695,0.43500477435570273,0.11219917663279635,3,2-1,0.09459776869575252
9,Group Stage,Group B,2026-06-18,Switzerland,Bosnia and Herzegovina,瑞士,波黑,2.4109017031423625,0.8833997008120502,2.4109017031423625,0.8833997008120502,1.0,1.0,0.0,0.0,1.0,1.0,0.0,0.0,0,0,,,1.0,1.0,True,False,0.0,0.0,0,0,,,,,,,2,False,,199.5749775961781,0.0,0.0,True,0.6557719054242003,0.21592489568845621,0.12830319888734354,True,-0.0475,0.6800476807131113,0.1975445810468906,0.12240773823999819,0.5872077304839288,0.4127922695160712,0.5074486093689695,0.43500477435570273,0.11219917663279635,4,1-1,0.09181678390350723
9,Group Stage,Group B,2026-06-18,Switzerland,Bosnia and Herzegovina,瑞士,波黑,2.4109017031423625,0.8833997008120502,2.4109017031423625,0.8833997008120502,1.0,1.0,0.0,0.0,1.0,1.0,0.0,0.0,0,0,,,1.0,1.0,True,False,0.0,0.0,0,0,,,,,,,2,False,,199.5749775961781,0.0,0.0,True,0.6557719054242003,0.21592489568845621,0.12830319888734354,True,-0.0475,0.6800476807131113,0.1975445810468906,0.12240773823999819,0.5872077304839288,0.4127922695160712,0.5074486093689695,0.43500477435570273,0.11219917663279635,5,3-0,0.08605614629195642
9,Group Stage,Group B,2026-06-18,Switzerland,Bosnia and Herzegovina,瑞士,波黑,2.4109017031423625,0.8833997008120502,2.4109017031423625,0.8833997008120502,1.0,1.0,0.0,0.0,1.0,1.0,0.0,0.0,0,0,,,1.0,1.0,True,False,0.0,0.0,0,0,,,,,,,2,False,,199.5749775961781,0.0,0.0,True,0.6557719054242003,0.21592489568845621,0.12830319888734354,True,-0.0475,0.6800476807131113,0.1975445810468906,0.12240773823999819,0.5872077304839288,0.4127922695160712,0.5074486093689695,0.43500477435570273,0.11219917663279635,6,3-1,0.06920751754651297
9,Group Stage,Group B,2026-06-18,Switzerland,Bosnia and Herzegovina,瑞士,波黑,2.4109017031423625,0.8833997008120502,2.4109017031423625,0.8833997008120502,1.0,1.0,0.0,0.0,1.0,1.0,0.0,0.0,0,0,,,1.0,1.0,True,False,0.0,0.0,0,0,,,,,,,2,False,,199.5749775961781,0.0,0.0,True,0.6557719054242003,0.21592489568845621,0.12830319888734354,True,-0.0475,0.6800476807131113,0.1975445810468906,0.12240773823999819,0.5872077304839288,0.4127922695160712,0.5074486093689695,0.43500477435570273,0.11219917663279635,7,0-0,0.05465256035746844
9,Group Stage,Group B,2026-06-18,Switzerland,Bosnia and Herzegovina,瑞士,波黑,2.4109017031423625,0.8833997008120502,2.4109017031423625,0.8833997008120502,1.0,1.0,0.0,0.0,1.0,1.0,0.0,0.0,0,0,,,1.0,1.0,True,False,0.0,0.0,0,0,,,,,,,2,False,,199.5749775961781,0.0,0.0,True,0.6557719054242003,0.21592489568845621,0.12830319888734354,True,-0.0475,0.6800476807131113,0.1975445810468906,0.12240773823999819,0.5872077304839288,0.4127922695160712,0.5074486093689695,0.43500477435570273,0.11219917663279635,8,4-0,0.04721886417036555
9,Group Stage,Group B,2026-06-18,Switzerland,Bosnia and Herzegovina,瑞士,波黑,2.4109017031423625,0.8833997008120502,2.4109017031423625,0.8833997008120502,1.0,1.0,0.0,0.0,1.0,1.0,0.0,0.0,0,0,,,1.0,1.0,True,False,0.0,0.0,0,0,,,,,,,2,False,,199.5749775961781,0.0,0.0,True,0.6557719054242003,0.21592489568845621,0.12830319888734354,True,-0.0475,0.6800476807131113,0.1975445810468906,0.12240773823999819,0.5872077304839288,0.4127922695160712,0.5074486093689695,0.43500477435570273,0.11219917663279635,9,2-2,0.04081835207153562
9,Group Stage,Group B,2026-06-18,Switzerland,Bosnia and Herzegovina,瑞士,波黑,2.4109017031423625,0.8833997008120502,2.4109017031423625,0.8833997008120502,1.0,1.0,0.0,0.0,1.0,1.0,0.0,0.0,0,0,,,1.0,1.0,True,False,0.0,0.0,0,0,,,,,,,2,False,,199.5749775961781,0.0,0.0,True,0.6557719054242003,0.21592489568845621,0.12830319888734354,True,-0.0475,0.6800476807131113,0.1975445810468906,0.12240773823999819,0.5872077304839288,0.4127922695160712,0.5074486093689695,0.43500477435570273,0.11219917663279635,10,4-1,0.039249094701817804
10,Group Stage,Group B,2026-06-18,Canada,Qatar,加拿大,卡塔尔,2.1748443630661938,0.6543834821569577,2.1748443630661938,0.6543834821569577,1.0,1.0,0.0,0.0,1.0,1.0,0.0,0.0,0,0,,,1.0,1.0,True,False,0.0,0.0,0,0,,,,,,,2,False,,184.57795411668712,0.0,0.0,True,0.7142380014027587,0.18843725994455762,0.0973247386526836,True,-0.0475,0.7198866857766969,0.18535105268285898,0.09476226154044429,0.54131634585992,0.45868365414008005,0.4328146207166014,0.5166330224958389,0.11319313296959282,1,2-0,0.1384050006201268
10,Group Stage,Group B,2026-06-18,Canada,Qatar,加拿大,卡塔尔,2.1748443630661938,0.6543834821569577,2.1748443630661938,0.6543834821569577,1.0,1.0,0.0,0.0,1.0,1.0,0.0,0.0,0,0,,,1.0,1.0,True,False,0.0,0.0,0,0,,,,,,,2,False,,184.57795411668712,0.0,0.0,True,0.7142380014027587,0.18843725994455762,0.0973247386526836,True,-0.0475,0.7198866857766969,0.18535105268285898,0.09476226154044429,0.54131634585992,0.45868365414008005,0.4328146207166014,0.5166330224958389,0.11319313296959282,2,1-0,0.12279761324937966
10,Group Stage,Group B,2026-06-18,Canada,Qatar,加拿大,卡塔尔,2.1748443630661938,0.6543834821569577,2.1748443630661938,0.6543834821569577,1.0,1.0,0.0,0.0,1.0,1.0,0.0,0.0,0,0,,,1.0,1.0,True,False,0.0,0.0,0,0,,,,,,,2,False,,184.57795411668712,0.0,0.0,True,0.7142380014027587,0.18843725994455762,0.0973247386526836,True,-0.0475,0.7198866857766969,0.18535105268285898,0.09476226154044429,0.54131634585992,0.45868365414008005,0.4328146207166014,0.5166330224958389,0.11319313296959282,3,3-0,0.1025256385992705
10,Group Stage,Group B,2026-06-18,Canada,Qatar,加拿大,卡塔尔,2.1748443630661938,0.6543834821569577,2.1748443630661938,0.6543834821569577,1.0,1.0,0.0,0.0,1.0,1.0,0.0,0.0,0,0,,,1.0,1.0,True,False,0.0,0.0,0,0,,,,,,,2,False,,184.57795411668712,0.0,0.0,True,0.7142380014027587,0.18843725994455762,0.0973247386526836,True,-0.0475,0.7198866857766969,0.18535105268285898,0.09476226154044429,0.54131634585992,0.45868365414008005,0.4328146207166014,0.5166330224958389,0.11319313296959282,4,2-1,0.09254604909157964
10,Group Stage,Group B,2026-06-18,Canada,Qatar,加拿大,卡塔尔,2.1748443630661938,0.6543834821569577,2.1748443630661938,0.6543834821569577,1.0,1.0,0.0,0.0,1.0,1.0,0.0,0.0,0,0,,,1.0,1.0,True,False,0.0,0.0,0,0,,,,,,,2,False,,184.57795411668712,0.0,0.0,True,0.7142380014027587,0.18843725994455762,0.0973247386526836,True,-0.0475,0.7198866857766969,0.18535105268285898,0.09476226154044429,0.54131634585992,0.45868365414008005,0.4328146207166014,0.5166330224958389,0.11319313296959282,5,1-1,0.08762691246235192
10,Group Stage,Group B,2026-06-18,Canada,Qatar,加拿大,卡塔尔,2.1748443630661938,0.6543834821569577,2.1748443630661938,0.6543834821569577,1.0,1.0,0.0,0.0,1.0,1.0,0.0,0.0,0,0,,,1.0,1.0,True,False,0.0,0.0,0,0,,,,,,,2,False,,184.57795411668712,0.0,0.0,True,0.7142380014027587,0.18843725994455762,0.0973247386526836,True,-0.0475,0.7198866857766969,0.18535105268285898,0.09476226154044429,0.54131634585992,0.45868365414008005,0.4328146207166014,0.5166330224958389,0.11319313296959282,6,3-1,0.06539109342264188
10,Group Stage,Group B,2026-06-18,Canada,Qatar,加拿大,卡塔尔,2.1748443630661938,0.6543834821569577,2.1748443630661938,0.6543834821569577,1.0,1.0,0.0,0.0,1.0,1.0,0.0,0.0,0,0,,,1.0,1.0,True,False,0.0,0.0,0,0,,,,,,,2,False,,184.57795411668712,0.0,0.0,True,0.7142380014027587,0.18843725994455762,0.0973247386526836,True,-0.0475,0.7198866857766969,0.18535105268285898,0.09476226154044429,0.54131634585992,0.45868365414008005,0.4328146207166014,0.5166330224958389,0.11319313296959282,7,0-0,0.06264077618203297
10,Group Stage,Group B,2026-06-18,Canada,Qatar,加拿大,卡塔尔,2.1748443630661938,0.6543834821569577,2.1748443630661938,0.6543834821569577,1.0,1.0,0.0,0.0,1.0,1.0,0.0,0.0,0,0,,,1.0,1.0,True,False,0.0,0.0,0,0,,,,,,,2,False,,184.57795411668712,0.0,0.0,True,0.7142380014027587,0.18843725994455762,0.0973247386526836,True,-0.0475,0.7198866857766969,0.18535105268285898,0.09476226154044429,0.54131634585992,0.45868365414008005,0.4328146207166014,0.5166330224958389,0.11319313296959282,8,4-0,0.054331846234948335
10,Group Stage,Group B,2026-06-18,Canada,Qatar,加拿大,卡塔尔,2.1748443630661938,0.6543834821569577,2.1748443630661938,0.6543834821569577,1.0,1.0,0.0,0.0,1.0,1.0,0.0,0.0,0,0,,,1.0,1.0,True,False,0.0,0.0,0,0,,,,,,,2,False,,184.57795411668712,0.0,0.0,True,0.7142380014027587,0.18843725994455762,0.0973247386526836,True,-0.0475,0.7198866857766969,0.18535105268285898,0.09476226154044429,0.54131634585992,0.45868365414008005,0.4328146207166014,0.5166330224958389,0.11319313296959282,9,4-1,0.03593357299903166
10,Group Stage,Group B,2026-06-18,Canada,Qatar,加拿大,卡塔尔,2.1748443630661938,0.6543834821569577,2.1748443630661938,0.6543834821569577,1.0,1.0,0.0,0.0,1.0,1.0,0.0,0.0,0,0,,,1.0,1.0,True,False,0.0,0.0,0,0,,,,,,,2,False,,184.57795411668712,0.0,0.0,True,0.7142380014027587,0.18843725994455762,0.0973247386526836,True,-0.0475,0.7198866857766969,0.18535105268285898,0.09476226154044429,0.54131634585992,0.45868365414008005,0.4328146207166014,0.5166330224958389,0.11319313296959282,10,0-1,0.03455198068866827
15,Group Stage,Group C,2026-06-19,Scotland,Morocco,苏格兰,摩洛哥,0.9277625968869825,1.853808063995272,0.9277625968869825,1.853808063995272,1.0,1.0,0.0,0.0,1.0,1.0,0.0,0.0,0,0,,,1.0,1.0,False,True,0.0,0.0,0,0,,,,,,,2,False,,146.6244763185698,0.0,0.0,False,,,,False,-0.0475,0.1796364401852486,0.2343226142659442,0.5860409455488071,0.5258172158801682,0.47418278411983183,0.5148616002208705,0.15674585566477062,0.39543984482490435,1,1-1,0.11166887796471764
15,Group Stage,Group C,2026-06-19,Scotland,Morocco,苏格兰,摩洛哥,0.9277625968869825,1.853808063995272,0.9277625968869825,1.853808063995272,1.0,1.0,0.0,0.0,1.0,1.0,0.0,0.0,0,0,,,1.0,1.0,False,True,0.0,0.0,0,0,,,,,,,2,False,,146.6244763185698,0.0,0.0,False,,,,False,-0.0475,0.1796364401852486,0.2343226142659442,0.5860409455488071,0.5258172158801682,0.47418278411983183,0.5148616002208705,0.15674585566477062,0.39543984482490435,2,0-1,0.10984187363747733
15,Group Stage,Group C,2026-06-19,Scotland,Morocco,苏格兰,摩洛哥,0.9277625968869825,1.853808063995272,0.9277625968869825,1.853808063995272,1.0,1.0,0.0,0.0,1.0,1.0,0.0,0.0,0,0,,,1.0,1.0,False,True,0.0,0.0,0,0,,,,,,,2,False,,146.6244763185698,0.0,0.0,False,,,,False,-0.0475,0.1796364401852486,0.2343226142659442,0.5860409455488071,0.5258172158801682,0.47418278411983183,0.5148616002208705,0.15674585566477062,0.39543984482490435,3,0-2,0.10650648016641565
15,Group Stage,Group C,2026-06-19,Scotland,Morocco,苏格兰,摩洛哥,0.9277625968869825,1.853808063995272,0.9277625968869825,1.853808063995272,1.0,1.0,0.0,0.0,1.0,1.0,0.0,0.0,0,0,,,1.0,1.0,False,True,0.0,0.0,0,0,,,,,,,2,False,,146.6244763185698,0.0,0.0,False,,,,False,-0.0475,0.1796364401852486,0.2343226142659442,0.5860409455488071,0.5258172158801682,0.47418278411983183,0.5148616002208705,0.15674585566477062,0.39543984482490435,4,1-2,0.09881272862448566
15,Group Stage,Group C,2026-06-19,Scotland,Morocco,苏格兰,摩洛哥,0.9277625968869825,1.853808063995272,0.9277625968869825,1.853808063995272,1.0,1.0,0.0,0.0,1.0,1.0,0.0,0.0,0,0,,,1.0,1.0,False,True,0.0,0.0,0,0,,,,,,,2,False,,146.6244763185698,0.0,0.0,False,,,,False,-0.0475,0.1796364401852486,0.2343226142659442,0.5860409455488071,0.5258172158801682,0.47418278411983183,0.5148616002208705,0.15674585566477062,0.39543984482490435,5,0-0,0.06704730071054554
15,Group Stage,Group C,2026-06-19,Scotland,Morocco,苏格兰,摩洛哥,0.9277625968869825,1.853808063995272,0.9277625968869825,1.853808063995272,1.0,1.0,0.0,0.0,1.0,1.0,0.0,0.0,0,0,,,1.0,1.0,False,True,0.0,0.0,0,0,,,,,,,2,False,,146.6244763185698,0.0,0.0,False,,,,False,-0.0475,0.1796364401852486,0.2343226142659442,0.5860409455488071,0.5258172158801682,0.47418278411983183,0.5148616002208705,0.15674585566477062,0.39543984482490435,6,0-3,0.06581419060008462
15,Group Stage,Group C,2026-06-19,Scotland,Morocco,苏格兰,摩洛哥,0.9277625968869825,1.853808063995272,0.9277625968869825,1.853808063995272,1.0,1.0,0.0,0.0,1.0,1.0,0.0,0.0,0,0,,,1.0,1.0,False,True,0.0,0.0,0,0,,,,,,,2,False,,146.6244763185698,0.0,0.0,False,,,,False,-0.0475,0.1796364401852486,0.2343226142659442,0.5860409455488071,0.5258172158801682,0.47418278411983183,0.5148616002208705,0.15674585566477062,0.39543984482490435,7,1-3,0.06105994438314932
15,Group Stage,Group C,2026-06-19,Scotland,Morocco,苏格兰,摩洛哥,0.9277625968869825,1.853808063995272,0.9277625968869825,1.853808063995272,1.0,1.0,0.0,0.0,1.0,1.0,0.0,0.0,0,0,,,1.0,1.0,False,True,0.0,0.0,0,0,,,,,,,2,False,,146.6244763185698,0.0,0.0,False,,,,False,-0.0475,0.1796364401852486,0.2343226142659442,0.5860409455488071,0.5258172158801682,0.47418278411983183,0.5148616002208705,0.15674585566477062,0.39543984482490435,8,1-0,0.052442281789598276
15,Group Stage,Group C,2026-06-19,Scotland,Morocco,苏格兰,摩洛哥,0.9277625968869825,1.853808063995272,0.9277625968869825,1.853808063995272,1.0,1.0,0.0,0.0,1.0,1.0,0.0,0.0,0,0,,,1.0,1.0,False,True,0.0,0.0,0,0,,,,,,,2,False,,146.6244763185698,0.0,0.0,False,,,,False,-0.0475,0.1796364401852486,0.2343226142659442,0.5860409455488071,0.5258172158801682,0.47418278411983183,0.5148616002208705,0.15674585566477062,0.39543984482490435,9,2-1,0.04945212802482194
15,Group Stage,Group C,2026-06-19,Scotland,Morocco,苏格兰,摩洛哥,0.9277625968869825,1.853808063995272,0.9277625968869825,1.853808063995272,1.0,1.0,0.0,0.0,1.0,1.0,0.0,0.0,0,0,,,1.0,1.0,False,True,0.0,0.0,0,0,,,,,,,2,False,,146.6244763185698,0.0,0.0,False,,,,False,-0.0475,0.1796364401852486,0.2343226142659442,0.5860409455488071,0.5258172158801682,0.47418278411983183,0.5148616002208705,0.15674585566477062,0.39543984482490435,10,2-2,0.04583737685707075
16,Group Stage,Group C,2026-06-19,Brazil,Haiti,巴西,海地,3.0788123224767303,0.66363825975516,3.0788123224767303,0.66363825975516,1.0,1.0,0.0,0.0,1.0,1.0,0.0,0.0,0,0,,,1.0,1.0,True,False,0.0,0.0,0,0,,,,,,,2,False,,325.9667362887294,0.0,0.0,False,,,,False,-0.0475,0.8419866980503948,0.10933396858788637,0.04867933336171871,0.7178153741056686,0.28218462589433135,0.46472925983038627,0.514974578694372,0.046652943729515166,1,3-0,0.1168592894008313
16,Group Stage,Group C,2026-06-19,Brazil,Haiti,巴西,海地,3.0788123224767303,0.66363825975516,3.0788123224767303,0.66363825975516,1.0,1.0,0.0,0.0,1.0,1.0,0.0,0.0,0,0,,,1.0,1.0,True,False,0.0,0.0,0,0,,,,,,,2,False,,325.9667362887294,0.0,0.0,False,,,,False,-0.0475,0.8419866980503948,0.10933396858788637,0.04867933336171871,0.7178153741056686,0.28218462589433135,0.46472925983038627,0.514974578694372,0.046652943729515166,2,2-0,0.11386789173315828
16,Group Stage,Group C,2026-06-19,Brazil,Haiti,巴西,海地,3.0788123224767303,0.66363825975516,3.0788123224767303,0.66363825975516,1.0,1.0,0.0,0.0,1.0,1.0,0.0,0.0,0,0,,,1.0,1.0,True,False,0.0,0.0,0,0,,,,,,,2,False,,325.9667362887294,0.0,0.0,False,,,,False,-0.0475,0.8419866980503948,0.10933396858788637,0.04867933336171871,0.7178153741056686,0.28218462589433135,0.46472925983038627,0.514974578694372,0.046652943729515166,3,4-0,0.08994695505078842
16,Group Stage,Group C,2026-06-19,Brazil,Haiti,巴西,海地,3.0788123224767303,0.66363825975516,3.0788123224767303,0.66363825975516,1.0,1.0,0.0,0.0,1.0,1.0,0.0,0.0,0,0,,,1.0,1.0,True,False,0.0,0.0,0,0,,,,,,,2,False,,325.9667362887294,0.0,0.0,False,,,,False,-0.0475,0.8419866980503948,0.10933396858788637,0.04867933336171871,0.7178153741056686,0.28218462589433135,0.46472925983038627,0.514974578694372,0.046652943729515166,4,3-1,0.0775522954541923
16,Group Stage,Group C,2026-06-19,Brazil,Haiti,巴西,海地,3.0788123224767303,0.66363825975516,3.0788123224767303,0.66363825975516,1.0,1.0,0.0,0.0,1.0,1.0,0.0,0.0,0,0,,,1.0,1.0,True,False,0.0,0.0,0,0,,,,,,,2,False,,325.9667362887294,0.0,0.0,False,,,,False,-0.0475,0.8419866980503948,0.10933396858788637,0.04867933336171871,0.7178153741056686,0.28218462589433135,0.46472925983038627,0.514974578694372,0.046652943729515166,5,2-1,0.07556708951178213
16,Group Stage,Group C,2026-06-19,Brazil,Haiti,巴西,海地,3.0788123224767303,0.66363825975516,3.0788123224767303,0.66363825975516,1.0,1.0,0.0,0.0,1.0,1.0,0.0,0.0,0,0,,,1.0,1.0,True,False,0.0,0.0,0,0,,,,,,,2,False,,325.9667362887294,0.0,0.0,False,,,,False,-0.0475,0.8419866980503948,0.10933396858788637,0.04867933336171871,0.7178153741056686,0.28218462589433135,0.46472925983038627,0.514974578694372,0.046652943729515166,6,1-0,0.07163701026935987
16,Group Stage,Group C,2026-06-19,Brazil,Haiti,巴西,海地,3.0788123224767303,0.66363825975516,3.0788123224767303,0.66363825975516,1.0,1.0,0.0,0.0,1.0,1.0,0.0,0.0,0,0,,,1.0,1.0,True,False,0.0,0.0,0,0,,,,,,,2,False,,325.9667362887294,0.0,0.0,False,,,,False,-0.0475,0.8419866980503948,0.10933396858788637,0.04867933336171871,0.7178153741056686,0.28218462589433135,0.46472925983038627,0.514974578694372,0.046652943729515166,7,4-1,0.05969224072018083
16,Group Stage,Group C,2026-06-19,Brazil,Haiti,巴西,海地,3.0788123224767303,0.66363825975516,3.0788123224767303,0.66363825975516,1.0,1.0,0.0,0.0,1.0,1.0,0.0,0.0,0,0,,,1.0,1.0,True,False,0.0,0.0,0,0,,,,,,,2,False,,325.9667362887294,0.0,0.0,False,,,,False,-0.0475,0.8419866980503948,0.10933396858788637,0.04867933336171871,0.7178153741056686,0.28218462589433135,0.46472925983038627,0.514974578694372,0.046652943729515166,8,5-0,0.055385958715925616
16,Group Stage,Group C,2026-06-19,Brazil,Haiti,巴西,海地,3.0788123224767303,0.66363825975516,3.0788123224767303,0.66363825975516,1.0,1.0,0.0,0.0,1.0,1.0,0.0,0.0,0,0,,,1.0,1.0,True,False,0.0,0.0,0,0,,,,,,,2,False,,325.9667362887294,0.0,0.0,False,,,,False,-0.0475,0.8419866980503948,0.10933396858788637,0.04867933336171871,0.7178153741056686,0.28218462589433135,0.46472925983038627,0.514974578694372,0.046652943729515166,9,1-1,0.05142016983998222
16,Group Stage,Group C,2026-06-19,Brazil,Haiti,巴西,海地,3.0788123224767303,0.66363825975516,3.0788123224767303,0.66363825975516,1.0,1.0,0.0,0.0,1.0,1.0,0.0,0.0,0,0,,,1.0,1.0,True,False,0.0,0.0,0,0,,,,,,,2,False,,325.9667362887294,0.0,0.0,False,,,,False,-0.0475,0.8419866980503948,0.10933396858788637,0.04867933336171871,0.7178153741056686,0.28218462589433135,0.46472925983038627,0.514974578694372,0.046652943729515166,10,5-1,0.036756241257108004
21,Group Stage,Group D,2026-06-19,United States,Australia,美国,澳大利亚,1.4041244469654905,1.432018404587288,1.4041244469654905,1.432018404587288,1.0,1.0,0.0,0.0,1.0,1.0,0.0,0.0,0,0,,,1.0,1.0,False,False,0.0,0.0,0,0,,,,,,,2,False,,22.509704064274274,0.0,0.0,False,,,,False,-0.0475,0.3626258781504108,0.2621817560936105,0.3751923657559786,0.5390097468986524,0.46099025310134756,0.579803488139604,0.23885604238092137,0.24560867831706928,1,1-1,0.1235629227050181
21,Group Stage,Group D,2026-06-19,United States,Australia,美国,澳大利亚,1.4041244469654905,1.432018404587288,1.4041244469654905,1.432018404587288,1.0,1.0,0.0,0.0,1.0,1.0,0.0,0.0,0,0,,,1.0,1.0,False,False,0.0,0.0,0,0,,,,,,,2,False,,22.509704064274274,0.0,0.0,False,,,,False,-0.0475,0.3626258781504108,0.2621817560936105,0.3751923657559786,0.5390097468986524,0.46099025310134756,0.579803488139604,0.23885604238092137,0.24560867831706928,2,1-2,0.0844603243141682
21,Group Stage,Group D,2026-06-19,United States,Australia,美国,澳大利亚,1.4041244469654905,1.432018404587288,1.4041244469654905,1.432018404587288,1.0,1.0,0.0,0.0,1.0,1.0,0.0,0.0,0,0,,,1.0,1.0,False,False,0.0,0.0,0,0,,,,,,,2,False,,22.509704064274274,0.0,0.0,False,,,,False,-0.0475,0.3626258781504108,0.2621817560936105,0.3751923657559786,0.5390097468986524,0.46099025310134756,0.579803488139604,0.23885604238092137,0.24560867831706928,3,2-1,0.0828151410542354
21,Group Stage,Group D,2026-06-19,United States,Australia,美国,澳大利亚,1.4041244469654905,1.432018404587288,1.4041244469654905,1.432018404587288,1.0,1.0,0.0,0.0,1.0,1.0,0.0,0.0,0,0,,,1.0,1.0,False,False,0.0,0.0,0,0,,,,,,,2,False,,22.509704064274274,0.0,0.0,False,,,,False,-0.0475,0.3626258781504108,0.2621817560936105,0.3751923657559786,0.5390097468986524,0.46099025310134756,0.579803488139604,0.23885604238092137,0.24560867831706928,4,0-1,0.07840643511507833
21,Group Stage,Group D,2026-06-19,United States,Australia,美国,澳大利亚,1.4041244469654905,1.432018404587288,1.4041244469654905,1.432018404587288,1.0,1.0,0.0,0.0,1.0,1.0,0.0,0.0,0,0,,,1.0,1.0,False,False,0.0,0.0,0,0,,,,,,,2,False,,22.509704064274274,0.0,0.0,False,,,,False,-0.0475,0.3626258781504108,0.2621817560936105,0.3751923657559786,0.5390097468986524,0.46099025310134756,0.579803488139604,0.23885604238092137,0.24560867831706928,5,1-0,0.07677003283102725
21,Group Stage,Group D,2026-06-19,United States,Australia,美国,澳大利亚,1.4041244469654905,1.432018404587288,1.4041244469654905,1.432018404587288,1.0,1.0,0.0,0.0,1.0,1.0,0.0,0.0,0,0,,,1.0,1.0,False,False,0.0,0.0,0,0,,,,,,,2,False,,22.509704064274274,0.0,0.0,False,,,,False,-0.0475,0.3626258781504108,0.2621817560936105,0.3751923657559786,0.5390097468986524,0.46099025310134756,0.579803488139604,0.23885604238092137,0.24560867831706928,6,0-0,0.06426820883759474
21,Group Stage,Group D,2026-06-19,United States,Australia,美国,澳大利亚,1.4041244469654905,1.432018404587288,1.4041244469654905,1.432018404587288,1.0,1.0,0.0,0.0,1.0,1.0,0.0,0.0,0,0,,,1.0,1.0,False,False,0.0,0.0,0,0,,,,,,,2,False,,22.509704064274274,0.0,0.0,False,,,,False,-0.0475,0.3626258781504108,0.2621817560936105,0.3751923657559786,0.5390097468986524,0.46099025310134756,0.579803488139604,0.23885604238092137,0.24560867831706928,7,0-2,0.06015159446635858
21,Group Stage,Group D,2026-06-19,United States,Australia,美国,澳大利亚,1.4041244469654905,1.432018404587288,1.4041244469654905,1.432018404587288,1.0,1.0,0.0,0.0,1.0,1.0,0.0,0.0,0,0,,,1.0,1.0,False,False,0.0,0.0,0,0,,,,,,,2,False,,22.509704064274274,0.0,0.0,False,,,,False,-0.0475,0.3626258781504108,0.2621817560936105,0.3751923657559786,0.5390097468986524,0.46099025310134756,0.579803488139604,0.23885604238092137,0.24560867831706928,8,2-2,0.05929640308407869
21,Group Stage,Group D,2026-06-19,United States,Australia,美国,澳大利亚,1.4041244469654905,1.432018404587288,1.4041244469654905,1.432018404587288,1.0,1.0,0.0,0.0,1.0,1.0,0.0,0.0,0,0,,,1.0,1.0,False,False,0.0,0.0,0,0,,,,,,,2,False,,22.509704064274274,0.0,0.0,False,,,,False,-0.0475,0.3626258781504108,0.2621817560936105,0.3751923657559786,0.5390097468986524,0.46099025310134756,0.579803488139604,0.23885604238092137,0.24560867831706928,9,2-0,0.05783105914627053
21,Group Stage,Group D,2026-06-19,United States,Australia,美国,澳大利亚,1.4041244469654905,1.432018404587288,1.4041244469654905,1.432018404587288,1.0,1.0,0.0,0.0,1.0,1.0,0.0,0.0,0,0,,,1.0,1.0,False,False,0.0,0.0,0,0,,,,,,,2,False,,22.509704064274274,0.0,0.0,False,,,,False,-0.0475,0.3626258781504108,0.2621817560936105,0.3751923657559786,0.5390097468986524,0.46099025310134756,0.579803488139604,0.23885604238092137,0.24560867831706928,10,1-3,0.04031624629176669
22,Group Stage,Group D,2026-06-19,Paraguay,Turkey,巴拉圭,土耳其,1.305645853462526,1.179371621717442,1.305645853462526,1.179371621717442,1.0,1.0,0.0,0.0,1.0,1.0,0.0,0.0,0,0,,,1.0,1.0,False,False,0.0,0.0,0,0,,,,,,,2,False,,46.49336362094505,0.0,0.0,False,,,,False,-0.0475,0.38885875598921427,0.28255612689823356,0.3285851171125521,0.4522836978952282,0.5477163021047717,0.5109301183943761,0.30748196463524213,0.27101539867689284,1,1-1,0.13441375499992275
22,Group Stage,Group D,2026-06-19,Paraguay,Turkey,巴拉圭,土耳其,1.305645853462526,1.179371621717442,1.305645853462526,1.179371621717442,1.0,1.0,0.0,0.0,1.0,1.0,0.0,0.0,0,0,,,1.0,1.0,False,False,0.0,0.0,0,0,,,,,,,2,False,,46.49336362094505,0.0,0.0,False,,,,False,-0.0475,0.38885875598921427,0.28255612689823356,0.3285851171125521,0.4522836978952282,0.5477163021047717,0.5109301183943761,0.30748196463524213,0.27101539867689284,2,1-0,0.10270739914726772
22,Group Stage,Group D,2026-06-19,Paraguay,Turkey,巴拉圭,土耳其,1.305645853462526,1.179371621717442,1.305645853462526,1.179371621717442,1.0,1.0,0.0,0.0,1.0,1.0,0.0,0.0,0,0,,,1.0,1.0,False,False,0.0,0.0,0,0,,,,,,,2,False,,46.49336362094505,0.0,0.0,False,,,,False,-0.0475,0.38885875598921427,0.28255612689823356,0.3285851171125521,0.4522836978952282,0.5477163021047717,0.5109301183943761,0.30748196463524213,0.27101539867689284,3,0-1,0.09218467102108609
22,Group Stage,Group D,2026-06-19,Paraguay,Turkey,巴拉圭,土耳其,1.305645853462526,1.179371621717442,1.305645853462526,1.179371621717442,1.0,1.0,0.0,0.0,1.0,1.0,0.0,0.0,0,0,,,1.0,1.0,False,False,0.0,0.0,0,0,,,,,,,2,False,,46.49336362094505,0.0,0.0,False,,,,False,-0.0475,0.38885875598921427,0.28255612689823356,0.3285851171125521,0.4522836978952282,0.5477163021047717,0.5109301183943761,0.30748196463524213,0.27101539867689284,4,0-0,0.08942748170651127
22,Group Stage,Group D,2026-06-19,Paraguay,Turkey,巴拉圭,土耳其,1.305645853462526,1.179371621717442,1.305645853462526,1.179371621717442,1.0,1.0,0.0,0.0,1.0,1.0,0.0,0.0,0,0,,,1.0,1.0,False,False,0.0,0.0,0,0,,,,,,,2,False,,46.49336362094505,0.0,0.0,False,,,,False,-0.0475,0.38885875598921427,0.28255612689823356,0.3285851171125521,0.4522836978952282,0.5477163021047717,0.5109301183943761,0.30748196463524213,0.27101539867689284,5,2-1,0.0837693374052396
22,Group Stage,Group D,2026-06-19,Paraguay,Turkey,巴拉圭,土耳其,1.305645853462526,1.179371621717442,1.305645853462526,1.179371621717442,1.0,1.0,0.0,0.0,1.0,1.0,0.0,0.0,0,0,,,1.0,1.0,False,False,0.0,0.0,0,0,,,,,,,2,False,,46.49336362094505,0.0,0.0,False,,,,False,-0.0475,0.38885875598921427,0.28255612689823356,0.3285851171125521,0.4522836978952282,0.5477163021047717,0.5109301183943761,0.30748196463524213,0.27101539867689284,6,1-2,0.07566766979254881
22,Group Stage,Group D,2026-06-19,Paraguay,Turkey,巴拉圭,土耳其,1.305645853462526,1.179371621717442,1.305645853462526,1.179371621717442,1.0,1.0,0.0,0.0,1.0,1.0,0.0,0.0,0,0,,,1.0,1.0,False,False,0.0,0.0,0,0,,,,,,,2,False,,46.49336362094505,0.0,0.0,False,,,,False,-0.0475,0.38885875598921427,0.28255612689823356,0.3285851171125521,0.4522836978952282,0.5477163021047717,0.5109301183943761,0.30748196463524213,0.27101539867689284,7,2-0,0.07102878843502422
22,Group Stage,Group D,2026-06-19,Paraguay,Turkey,巴拉圭,土耳其,1.305645853462526,1.179371621717442,1.305645853462526,1.179371621717442,1.0,1.0,0.0,0.0,1.0,1.0,0.0,0.0,0,0,,,1.0,1.0,False,False,0.0,0.0,0,0,,,,,,,2,False,,46.49336362094505,0.0,0.0,False,,,,False,-0.0475,0.38885875598921427,0.28255612689823356,0.3285851171125521,0.4522836978952282,0.5477163021047717,0.5109301183943761,0.30748196463524213,0.27101539867689284,8,0-2,0.057954206794959655
22,Group Stage,Group D,2026-06-19,Paraguay,Turkey,巴拉圭,土耳其,1.305645853462526,1.179371621717442,1.305645853462526,1.179371621717442,1.0,1.0,0.0,0.0,1.0,1.0,0.0,0.0,0,0,,,1.0,1.0,False,False,0.0,0.0,0,0,,,,,,,2,False,,46.49336362094505,0.0,0.0,False,,,,False,-0.0475,0.38885875598921427,0.28255612689823356,0.3285851171125521,0.4522836978952282,0.5477163021047717,0.5109301183943761,0.30748196463524213,0.27101539867689284,9,2-2,0.0493975896529065
22,Group Stage,Group D,2026-06-19,Paraguay,Turkey,巴拉圭,土耳其,1.305645853462526,1.179371621717442,1.305645853462526,1.179371621717442,1.0,1.0,0.0,0.0,1.0,1.0,0.0,0.0,0,0,,,1.0,1.0,False,False,0.0,0.0,0,0,,,,,,,2,False,,46.49336362094505,0.0,0.0,False,,,,False,-0.0475,0.38885875598921427,0.28255612689823356,0.3285851171125521,0.4522836978952282,0.5477163021047717,0.5109301183943761,0.30748196463524213,0.27101539867689284,10,3-1,0.036457696010151454
27,Group Stage,Group E,2026-06-20,Germany,Ivory Coast,德国,科特迪瓦,1.9817245035909183,0.9608190199382467,1.9817245035909183,0.9608190199382467,1.0,1.0,0.0,0.0,1.0,1.0,0.0,0.0,0,0,,,1.0,1.0,False,False,0.0,0.0,0,0,,,,,,,2,False,,143.11042635639228,0.0,0.0,False,,,,False,-0.0475,0.606050020492415,0.2221126720582669,0.17183730744931797,0.5633593925072737,0.43664060749272626,0.5370041443661314,0.382582365240367,0.13797418956186183,1,1-1,0.10528383651335615
27,Group Stage,Group E,2026-06-20,Germany,Ivory Coast,德国,科特迪瓦,1.9817245035909183,0.9608190199382467,1.9817245035909183,0.9608190199382467,1.0,1.0,0.0,0.0,1.0,1.0,0.0,0.0,0,0,,,1.0,1.0,False,False,0.0,0.0,0,0,,,,,,,2,False,,143.11042635639228,0.0,0.0,False,,,,False,-0.0475,0.606050020492415,0.2221126720582669,0.17183730744931797,0.5633593925072737,0.43664060749272626,0.5370041443661314,0.382582365240367,0.13797418956186183,2,2-0,0.1036524000669528
27,Group Stage,Group E,2026-06-20,Germany,Ivory Coast,德国,科特迪瓦,1.9817245035909183,0.9608190199382467,1.9817245035909183,0.9608190199382467,1.0,1.0,0.0,0.0,1.0,1.0,0.0,0.0,0,0,,,1.0,1.0,False,False,0.0,0.0,0,0,,,,,,,2,False,,143.11042635639228,0.0,0.0,False,,,,False,-0.0475,0.606050020492415,0.2221126720582669,0.17183730744931797,0.5633593925072737,0.43664060749272626,0.5370041443661314,0.382582365240367,0.13797418956186183,3,1-0,0.09983407684467988
27,Group Stage,Group E,2026-06-20,Germany,Ivory Coast,德国,科特迪瓦,1.9817245035909183,0.9608190199382467,1.9817245035909183,0.9608190199382467,1.0,1.0,0.0,0.0,1.0,1.0,0.0,0.0,0,0,,,1.0,1.0,False,False,0.0,0.0,0,0,,,,,,,2,False,,143.11042635639228,0.0,0.0,False,,,,False,-0.0475,0.606050020492415,0.2221126720582669,0.17183730744931797,0.5633593925072737,0.43664060749272626,0.5370041443661314,0.382582365240367,0.13797418956186183,4,2-1,0.09959119744657666
27,Group Stage,Group E,2026-06-20,Germany,Ivory Coast,德国,科特迪瓦,1.9817245035909183,0.9608190199382467,1.9817245035909183,0.9608190199382467,1.0,1.0,0.0,0.0,1.0,1.0,0.0,0.0,0,0,,,1.0,1.0,False,False,0.0,0.0,0,0,,,,,,,2,False,,143.11042635639228,0.0,0.0,False,,,,False,-0.0475,0.606050020492415,0.2221126720582669,0.17183730744931797,0.5633593925072737,0.43664060749272626,0.5370041443661314,0.382582365240367,0.13797418956186183,5,3-0,0.06847016702289643
27,Group Stage,Group E,2026-06-20,Germany,Ivory Coast,德国,科特迪瓦,1.9817245035909183,0.9608190199382467,1.9817245035909183,0.9608190199382467,1.0,1.0,0.0,0.0,1.0,1.0,0.0,0.0,0,0,,,1.0,1.0,False,False,0.0,0.0,0,0,,,,,,,2,False,,143.11042635639228,0.0,0.0,False,,,,False,-0.0475,0.606050020492415,0.2221126720582669,0.17183730744931797,0.5633593925072737,0.43664060749272626,0.5370041443661314,0.382582365240367,0.13797418956186183,6,3-1,0.06578743877394741
27,Group Stage,Group E,2026-06-20,Germany,Ivory Coast,德国,科特迪瓦,1.9817245035909183,0.9608190199382467,1.9817245035909183,0.9608190199382467,1.0,1.0,0.0,0.0,1.0,1.0,0.0,0.0,0,0,,,1.0,1.0,False,False,0.0,0.0,0,0,,,,,,,2,False,,143.11042635639228,0.0,0.0,False,,,,False,-0.0475,0.606050020492415,0.2221126720582669,0.17183730744931797,0.5633593925072737,0.43664060749272626,0.5370041443661314,0.382582365240367,0.13797418956186183,7,0-0,0.0575606991683604
27,Group Stage,Group E,2026-06-20,Germany,Ivory Coast,德国,科特迪瓦,1.9817245035909183,0.9608190199382467,1.9817245035909183,0.9608190199382467,1.0,1.0,0.0,0.0,1.0,1.0,0.0,0.0,0,0,,,1.0,1.0,False,False,0.0,0.0,0,0,,,,,,,2,False,,143.11042635639228,0.0,0.0,False,,,,False,-0.0475,0.606050020492415,0.2221126720582669,0.17183730744931797,0.5633593925072737,0.43664060749272626,0.5370041443661314,0.382582365240367,0.13797418956186183,8,1-2,0.04828578167737538
27,Group Stage,Group E,2026-06-20,Germany,Ivory Coast,德国,科特迪瓦,1.9817245035909183,0.9608190199382467,1.9817245035909183,0.9608190199382467,1.0,1.0,0.0,0.0,1.0,1.0,0.0,0.0,0,0,,,1.0,1.0,False,False,0.0,0.0,0,0,,,,,,,2,False,,143.11042635639228,0.0,0.0,False,,,,False,-0.0475,0.606050020492415,0.2221126720582669,0.17183730744931797,0.5633593925072737,0.43664060749272626,0.5370041443661314,0.382582365240367,0.13797418956186183,9,2-2,0.04784455836254809
27,Group Stage,Group E,2026-06-20,Germany,Ivory Coast,德国,科特迪瓦,1.9817245035909183,0.9608190199382467,1.9817245035909183,0.9608190199382467,1.0,1.0,0.0,0.0,1.0,1.0,0.0,0.0,0,0,,,1.0,1.0,False,False,0.0,0.0,0,0,,,,,,,2,False,,143.11042635639228,0.0,0.0,False,,,,False,-0.0475,0.606050020492415,0.2221126720582669,0.17183730744931797,0.5633593925072737,0.43664060749272626,0.5370041443661314,0.382582365240367,0.13797418956186183,10,0-1,0.04594405791889309
28,Group Stage,Group E,2026-06-20,Ecuador,Curaçao,厄瓜多尔,库拉索,3.2344971862693455,0.524940679692644,3.2344971862693455,0.524940679692644,1.0,1.0,0.0,0.0,1.0,1.0,0.0,0.0,0,0,,,1.0,1.0,True,False,0.0,0.0,0,0,,,,,,,2,False,,334.241632275626,0.0,0.0,False,,,,False,-0.0475,0.8803994293208612,0.08850553513424289,0.031095035544895594,0.7194933980778849,0.2805066019221151,0.39394770153096054,0.5915905097837724,0.04009400549749506,1,3-0,0.13377338812217135
28,Group Stage,Group E,2026-06-20,Ecuador,Curaçao,厄瓜多尔,库拉索,3.2344971862693455,0.524940679692644,3.2344971862693455,0.524940679692644,1.0,1.0,0.0,0.0,1.0,1.0,0.0,0.0,0,0,,,1.0,1.0,True,False,0.0,0.0,0,0,,,,,,,2,False,,334.241632275626,0.0,0.0,False,,,,False,-0.0475,0.8803994293208612,0.08850553513424289,0.031095035544895594,0.7194933980778849,0.2805066019221151,0.39394770153096054,0.5915905097837724,0.04009400549749506,2,2-0,0.12407497711549874
28,Group Stage,Group E,2026-06-20,Ecuador,Curaçao,厄瓜多尔,库拉索,3.2344971862693455,0.524940679692644,3.2344971862693455,0.524940679692644,1.0,1.0,0.0,0.0,1.0,1.0,0.0,0.0,0,0,,,1.0,1.0,True,False,0.0,0.0,0,0,,,,,,,2,False,,334.241632275626,0.0,0.0,False,,,,False,-0.0475,0.8803994293208612,0.08850553513424289,0.031095035544895594,0.7194933980778849,0.2805066019221151,0.39394770153096054,0.5915905097837724,0.04009400549749506,3,4-0,0.1081724118697201
28,Group Stage,Group E,2026-06-20,Ecuador,Curaçao,厄瓜多尔,库拉索,3.2344971862693455,0.524940679692644,3.2344971862693455,0.524940679692644,1.0,1.0,0.0,0.0,1.0,1.0,0.0,0.0,0,0,,,1.0,1.0,True,False,0.0,0.0,0,0,,,,,,,2,False,,334.241632275626,0.0,0.0,False,,,,False,-0.0475,0.8803994293208612,0.08850553513424289,0.031095035544895594,0.7194933980778849,0.2805066019221151,0.39394770153096054,0.5915905097837724,0.04009400549749506,4,1-0,0.07480680922841959
28,Group Stage,Group E,2026-06-20,Ecuador,Curaçao,厄瓜多尔,库拉索,3.2344971862693455,0.524940679692644,3.2344971862693455,0.524940679692644,1.0,1.0,0.0,0.0,1.0,1.0,0.0,0.0,0,0,,,1.0,1.0,True,False,0.0,0.0,0,0,,,,,,,2,False,,334.241632275626,0.0,0.0,False,,,,False,-0.0475,0.8803994293208612,0.08850553513424289,0.031095035544895594,0.7194933980778849,0.2805066019221151,0.39394770153096054,0.5915905097837724,0.04009400549749506,5,3-1,0.0702230932856405
28,Group Stage,Group E,2026-06-20,Ecuador,Curaçao,厄瓜多尔,库拉索,3.2344971862693455,0.524940679692644,3.2344971862693455,0.524940679692644,1.0,1.0,0.0,0.0,1.0,1.0,0.0,0.0,0,0,,,1.0,1.0,True,False,0.0,0.0,0,0,,,,,,,2,False,,334.241632275626,0.0,0.0,False,,,,False,-0.0475,0.8803994293208612,0.08850553513424289,0.031095035544895594,0.7194933980778849,0.2805066019221151,0.39394770153096054,0.5915905097837724,0.04009400549749506,6,5-0,0.06997667236491567
28,Group Stage,Group E,2026-06-20,Ecuador,Curaçao,厄瓜多尔,库拉索,3.2344971862693455,0.524940679692644,3.2344971862693455,0.524940679692644,1.0,1.0,0.0,0.0,1.0,1.0,0.0,0.0,0,0,,,1.0,1.0,True,False,0.0,0.0,0,0,,,,,,,2,False,,334.241632275626,0.0,0.0,False,,,,False,-0.0475,0.8803994293208612,0.08850553513424289,0.031095035544895594,0.7194933980778849,0.2805066019221151,0.39394770153096054,0.5915905097837724,0.04009400549749506,7,2-1,0.06513200281985916
28,Group Stage,Group E,2026-06-20,Ecuador,Curaçao,厄瓜多尔,库拉索,3.2344971862693455,0.524940679692644,3.2344971862693455,0.524940679692644,1.0,1.0,0.0,0.0,1.0,1.0,0.0,0.0,0,0,,,1.0,1.0,True,False,0.0,0.0,0,0,,,,,,,2,False,,334.241632275626,0.0,0.0,False,,,,False,-0.0475,0.8803994293208612,0.08850553513424289,0.031095035544895594,0.7194933980778849,0.2805066019221151,0.39394770153096054,0.5915905097837724,0.04009400549749506,8,4-1,0.0567840994108835
28,Group Stage,Group E,2026-06-20,Ecuador,Curaçao,厄瓜多尔,库拉索,3.2344971862693455,0.524940679692644,3.2344971862693455,0.524940679692644,1.0,1.0,0.0,0.0,1.0,1.0,0.0,0.0,0,0,,,1.0,1.0,True,False,0.0,0.0,0,0,,,,,,,2,False,,334.241632275626,0.0,0.0,False,,,,False,-0.0475,0.8803994293208612,0.08850553513424289,0.031095035544895594,0.7194933980778849,0.2805066019221151,0.39394770153096054,0.5915905097837724,0.04009400549749506,9,1-1,0.042186323885780704
28,Group Stage,Group E,2026-06-20,Ecuador,Curaçao,厄瓜多尔,库拉索,3.2344971862693455,0.524940679692644,3.2344971862693455,0.524940679692644,1.0,1.0,0.0,0.0,1.0,1.0,0.0,0.0,0,0,,,1.0,1.0,True,False,0.0,0.0,0,0,,,,,,,2,False,,334.241632275626,0.0,0.0,False,,,,False,-0.0475,0.8803994293208612,0.08850553513424289,0.031095035544895594,0.7194933980778849,0.2805066019221151,0.39394770153096054,0.5915905097837724,0.04009400549749506,10,6-0,0.03772322497813527
33,Group Stage,Group F,2026-06-20,Netherlands,Sweden,荷兰,瑞典,2.3787252408076314,0.9686159474620738,2.3787252408076314,0.9686159474620738,1.0,1.0,0.0,0.0,1.0,1.0,0.0,0.0,0,0,,,1.0,1.0,True,False,0.0,0.0,0,0,,,,,,,2,False,,150.7617209964228,0.0,0.0,False,,,,False,-0.0475,0.6816433350172744,0.18504747450513861,0.13330919047758713,0.6488775669481456,0.3511224330518544,0.5665778548692179,0.379611171150967,0.09296300279451249,1,2-0,0.09984071761675348
33,Group Stage,Group F,2026-06-20,Netherlands,Sweden,荷兰,瑞典,2.3787252408076314,0.9686159474620738,2.3787252408076314,0.9686159474620738,1.0,1.0,0.0,0.0,1.0,1.0,0.0,0.0,0,0,,,1.0,1.0,True,False,0.0,0.0,0,0,,,,,,,2,False,,150.7617209964228,0.0,0.0,False,,,,False,-0.0475,0.6816433350172744,0.18504747450513861,0.13330919047758713,0.6488775669481456,0.3511224330518544,0.5665778548692179,0.379611171150967,0.09296300279451249,2,2-1,0.09670731128964503
33,Group Stage,Group F,2026-06-20,Netherlands,Sweden,荷兰,瑞典,2.3787252408076314,0.9686159474620738,2.3787252408076314,0.9686159474620738,1.0,1.0,0.0,0.0,1.0,1.0,0.0,0.0,0,0,,,1.0,1.0,True,False,0.0,0.0,0,0,,,,,,,2,False,,150.7617209964228,0.0,0.0,False,,,,False,-0.0475,0.6816433350172744,0.18504747450513861,0.13330919047758713,0.6488775669481456,0.3511224330518544,0.5665778548692179,0.379611171150967,0.09296300279451249,3,1-1,0.08517243340093304
33,Group Stage,Group F,2026-06-20,Netherlands,Sweden,荷兰,瑞典,2.3787252408076314,0.9686159474620738,2.3787252408076314,0.9686159474620738,1.0,1.0,0.0,0.0,1.0,1.0,0.0,0.0,0,0,,,1.0,1.0,True,False,0.0,0.0,0,0,,,,,,,2,False,,150.7617209964228,0.0,0.0,False,,,,False,-0.0475,0.6816433350172744,0.18504747450513861,0.13330919047758713,0.6488775669481456,0.3511224330518544,0.5665778548692179,0.379611171150967,0.09296300279451249,4,1-0,0.08008249014766984
33,Group Stage,Group F,2026-06-20,Netherlands,Sweden,荷兰,瑞典,2.3787252408076314,0.9686159474620738,2.3787252408076314,0.9686159474620738,1.0,1.0,0.0,0.0,1.0,1.0,0.0,0.0,0,0,,,1.0,1.0,True,False,0.0,0.0,0,0,,,,,,,2,False,,150.7617209964228,0.0,0.0,False,,,,False,-0.0475,0.6816433350172744,0.18504747450513861,0.13330919047758713,0.6488775669481456,0.3511224330518544,0.5665778548692179,0.379611171150967,0.09296300279451249,5,3-0,0.07916454501843956
33,Group Stage,Group F,2026-06-20,Netherlands,Sweden,荷兰,瑞典,2.3787252408076314,0.9686159474620738,2.3787252408076314,0.9686159474620738,1.0,1.0,0.0,0.0,1.0,1.0,0.0,0.0,0,0,,,1.0,1.0,True,False,0.0,0.0,0,0,,,,,,,2,False,,150.7617209964228,0.0,0.0,False,,,,False,-0.0475,0.6816433350172744,0.18504747450513861,0.13330919047758713,0.6488775669481456,0.3511224330518544,0.5665778548692179,0.379611171150967,0.09296300279451249,6,3-1,0.07668004077843983
33,Group Stage,Group F,2026-06-20,Netherlands,Sweden,荷兰,瑞典,2.3787252408076314,0.9686159474620738,2.3787252408076314,0.9686159474620738,1.0,1.0,0.0,0.0,1.0,1.0,0.0,0.0,0,0,,,1.0,1.0,True,False,0.0,0.0,0,0,,,,,,,2,False,,150.7617209964228,0.0,0.0,False,,,,False,-0.0475,0.6816433350172744,0.18504747450513861,0.13330919047758713,0.6488775669481456,0.3511224330518544,0.5665778548692179,0.379611171150967,0.09296300279451249,7,4-0,0.04707767535310356
33,Group Stage,Group F,2026-06-20,Netherlands,Sweden,荷兰,瑞典,2.3787252408076314,0.9686159474620738,2.3787252408076314,0.9686159474620738,1.0,1.0,0.0,0.0,1.0,1.0,0.0,0.0,0,0,,,1.0,1.0,True,False,0.0,0.0,0,0,,,,,,,2,False,,150.7617209964228,0.0,0.0,False,,,,False,-0.0475,0.6816433350172744,0.18504747450513861,0.13330919047758713,0.6488775669481456,0.3511224330518544,0.5665778548692179,0.379611171150967,0.09296300279451249,8,2-2,0.04683612197566461
33,Group Stage,Group F,2026-06-20,Netherlands,Sweden,荷兰,瑞典,2.3787252408076314,0.9686159474620738,2.3787252408076314,0.9686159474620738,1.0,1.0,0.0,0.0,1.0,1.0,0.0,0.0,0,0,,,1.0,1.0,True,False,0.0,0.0,0,0,,,,,,,2,False,,150.7617209964228,0.0,0.0,False,,,,False,-0.0475,0.6816433350172744,0.18504747450513861,0.13330919047758713,0.6488775669481456,0.3511224330518544,0.5665778548692179,0.379611171150967,0.09296300279451249,9,4-1,0.04560018711645833
33,Group Stage,Group F,2026-06-20,Netherlands,Sweden,荷兰,瑞典,2.3787252408076314,0.9686159474620738,2.3787252408076314,0.9686159474620738,1.0,1.0,0.0,0.0,1.0,1.0,0.0,0.0,0,0,,,1.0,1.0,True,False,0.0,0.0,0,0,,,,,,,2,False,,150.7617209964228,0.0,0.0,False,,,,False,-0.0475,0.6816433350172744,0.18504747450513861,0.13330919047758713,0.6488775669481456,0.3511224330518544,0.5665778548692179,0.379611171150967,0.09296300279451249,10,1-2,0.039379177697515574
34,Group Stage,Group F,2026-06-21,Tunisia,Japan,突尼斯,日本,0.7168913060683267,1.7503828154478076,0.7168913060683267,1.7503828154478076,1.0,1.0,0.0,0.0,1.0,1.0,0.0,0.0,0,0,,,1.0,1.0,False,True,0.0,0.0,0,0,,,,,,,2,False,,171.01208756701317,0.0,0.0,False,,,,False,-0.0475,0.14374001270547823,0.23989605754339954,0.6163639297511224,0.4475056266910977,0.5524943733089023,0.4278562595754533,0.17378890351851298,0.4882682220397043,1,0-1,0.14347199596127194
34,Group Stage,Group F,2026-06-21,Tunisia,Japan,突尼斯,日本,0.7168913060683267,1.7503828154478076,0.7168913060683267,1.7503828154478076,1.0,1.0,0.0,0.0,1.0,1.0,0.0,0.0,0,0,,,1.0,1.0,False,True,0.0,0.0,0,0,,,,,,,2,False,,171.01208756701317,0.0,0.0,False,,,,False,-0.0475,0.14374001270547823,0.23989605754339954,0.6163639297511224,0.4475056266910977,0.5524943733089023,0.4278562595754533,0.17378890351851298,0.4882682220397043,2,0-2,0.12999198914079824
34,Group Stage,Group F,2026-06-21,Tunisia,Japan,突尼斯,日本,0.7168913060683267,1.7503828154478076,0.7168913060683267,1.7503828154478076,1.0,1.0,0.0,0.0,1.0,1.0,0.0,0.0,0,0,,,1.0,1.0,False,True,0.0,0.0,0,0,,,,,,,2,False,,171.01208756701317,0.0,0.0,False,,,,False,-0.0475,0.14374001270547823,0.23989605754339954,0.6163639297511224,0.4475056266910977,0.5524943733089023,0.4278562595754533,0.17378890351851298,0.4882682220397043,3,1-1,0.11153749572785579
34,Group Stage,Group F,2026-06-21,Tunisia,Japan,突尼斯,日本,0.7168913060683267,1.7503828154478076,0.7168913060683267,1.7503828154478076,1.0,1.0,0.0,0.0,1.0,1.0,0.0,0.0,0,0,,,1.0,1.0,False,True,0.0,0.0,0,0,,,,,,,2,False,,171.01208756701317,0.0,0.0,False,,,,False,-0.0475,0.14374001270547823,0.23989605754339954,0.6163639297511224,0.4475056266910977,0.5524943733089023,0.4278562595754533,0.17378890351851298,0.4882682220397043,4,1-2,0.09319012687356659
34,Group Stage,Group F,2026-06-21,Tunisia,Japan,突尼斯,日本,0.7168913060683267,1.7503828154478076,0.7168913060683267,1.7503828154478076,1.0,1.0,0.0,0.0,1.0,1.0,0.0,0.0,0,0,,,1.0,1.0,False,True,0.0,0.0,0,0,,,,,,,2,False,,171.01208756701317,0.0,0.0,False,,,,False,-0.0475,0.14374001270547823,0.23989605754339954,0.6163639297511224,0.4475056266910977,0.5524943733089023,0.4278562595754533,0.17378890351851298,0.4882682220397043,5,0-0,0.08991338513367052
34,Group Stage,Group F,2026-06-21,Tunisia,Japan,突尼斯,日本,0.7168913060683267,1.7503828154478076,0.7168913060683267,1.7503828154478076,1.0,1.0,0.0,0.0,1.0,1.0,0.0,0.0,0,0,,,1.0,1.0,False,True,0.0,0.0,0,0,,,,,,,2,False,,171.01208756701317,0.0,0.0,False,,,,False,-0.0475,0.14374001270547823,0.23989605754339954,0.6163639297511224,0.4475056266910977,0.5524943733089023,0.4278562595754533,0.17378890351851298,0.4882682220397043,6,0-3,0.07584524797931043
34,Group Stage,Group F,2026-06-21,Tunisia,Japan,突尼斯,日本,0.7168913060683267,1.7503828154478076,0.7168913060683267,1.7503828154478076,1.0,1.0,0.0,0.0,1.0,1.0,0.0,0.0,0,0,,,1.0,1.0,False,True,0.0,0.0,0,0,,,,,,,2,False,,171.01208756701317,0.0,0.0,False,,,,False,-0.0475,0.14374001270547823,0.23989605754339954,0.6163639297511224,0.4475056266910977,0.5524943733089023,0.4278562595754533,0.17378890351851298,0.4882682220397043,7,1-0,0.05577445494255168
34,Group Stage,Group F,2026-06-21,Tunisia,Japan,突尼斯,日本,0.7168913060683267,1.7503828154478076,0.7168913060683267,1.7503828154478076,1.0,1.0,0.0,0.0,1.0,1.0,0.0,0.0,0,0,,,1.0,1.0,False,True,0.0,0.0,0,0,,,,,,,2,False,,171.01208756701317,0.0,0.0,False,,,,False,-0.0475,0.14374001270547823,0.23989605754339954,0.6163639297511224,0.4475056266910977,0.5524943733089023,0.4278562595754533,0.17378890351851298,0.4882682220397043,8,1-3,0.054372798882963966
34,Group Stage,Group F,2026-06-21,Tunisia,Japan,突尼斯,日本,0.7168913060683267,1.7503828154478076,0.7168913060683267,1.7503828154478076,1.0,1.0,0.0,0.0,1.0,1.0,0.0,0.0,0,0,,,1.0,1.0,False,True,0.0,0.0,0,0,,,,,,,2,False,,171.01208756701317,0.0,0.0,False,,,,False,-0.0475,0.14374001270547823,0.23989605754339954,0.6163639297511224,0.4475056266910977,0.5524943733089023,0.4278562595754533,0.17378890351851298,0.4882682220397043,9,2-1,0.038167189015719784
34,Group Stage,Group F,2026-06-21,Tunisia,Japan,突尼斯,日本,0.7168913060683267,1.7503828154478076,0.7168913060683267,1.7503828154478076,1.0,1.0,0.0,0.0,1.0,1.0,0.0,0.0,0,0,,,1.0,1.0,False,True,0.0,0.0,0,0,,,,,,,2,False,,171.01208756701317,0.0,0.0,False,,,,False,-0.0475,0.14374001270547823,0.23989605754339954,0.6163639297511224,0.4475056266910977,0.5524943733089023,0.4278562595754533,0.17378890351851298,0.4882682220397043,10,2-2,0.03340359588353211
39,Group Stage,Group G,2026-06-21,Belgium,Iran,比利时,伊朗,1.6396108367789604,1.2712709204786052,1.6396108367789604,1.2712709204786052,1.0,1.0,0.0,0.0,1.0,1.0,0.0,0.0,0,0,,,1.0,1.0,False,False,0.0,0.0,0,0,,,,,,,2,False,,44.40336314369438,0.0,0.0,False,,,,False,-0.0475,0.45481585496429117,0.25349613898087014,0.29168800605483874,0.5563901042009235,0.4436098957990765,0.5852327935117171,0.2804903944212545,0.19411494210292263,1,1-1,0.11888029783368051
39,Group Stage,Group G,2026-06-21,Belgium,Iran,比利时,伊朗,1.6396108367789604,1.2712709204786052,1.6396108367789604,1.2712709204786052,1.0,1.0,0.0,0.0,1.0,1.0,0.0,0.0,0,0,,,1.0,1.0,False,False,0.0,0.0,0,0,,,,,,,2,False,,44.40336314369438,0.0,0.0,False,,,,False,-0.0475,0.45481585496429117,0.25349613898087014,0.29168800605483874,0.5563901042009235,0.4436098957990765,0.5852327935117171,0.2804903944212545,0.19411494210292263,2,2-1,0.09303934348812073
39,Group Stage,Group G,2026-06-21,Belgium,Iran,比利时,伊朗,1.6396108367789604,1.2712709204786052,1.6396108367789604,1.2712709204786052,1.0,1.0,0.0,0.0,1.0,1.0,0.0,0.0,0,0,,,1.0,1.0,False,False,0.0,0.0,0,0,,,,,,,2,False,,44.40336314369438,0.0,0.0,False,,,,False,-0.0475,0.45481585496429117,0.25349613898087014,0.29168800605483874,0.5563901042009235,0.4436098957990765,0.5852327935117171,0.2804903944212545,0.19411494210292263,3,1-0,0.08388175546568281
39,Group Stage,Group G,2026-06-21,Belgium,Iran,比利时,伊朗,1.6396108367789604,1.2712709204786052,1.6396108367789604,1.2712709204786052,1.0,1.0,0.0,0.0,1.0,1.0,0.0,0.0,0,0,,,1.0,1.0,False,False,0.0,0.0,0,0,,,,,,,2,False,,44.40336314369438,0.0,0.0,False,,,,False,-0.0475,0.45481585496429117,0.25349613898087014,0.29168800605483874,0.5563901042009235,0.4436098957990765,0.5852327935117171,0.2804903944212545,0.19411494210292263,4,2-0,0.0731860864504739
39,Group Stage,Group G,2026-06-21,Belgium,Iran,比利时,伊朗,1.6396108367789604,1.2712709204786052,1.6396108367789604,1.2712709204786052,1.0,1.0,0.0,0.0,1.0,1.0,0.0,0.0,0,0,,,1.0,1.0,False,False,0.0,0.0,0,0,,,,,,,2,False,,44.40336314369438,0.0,0.0,False,,,,False,-0.0475,0.45481585496429117,0.25349613898087014,0.29168800605483874,0.5563901042009235,0.4436098957990765,0.5852327935117171,0.2804903944212545,0.19411494210292263,5,1-2,0.07213797883235978
39,Group Stage,Group G,2026-06-21,Belgium,Iran,比利时,伊朗,1.6396108367789604,1.2712709204786052,1.6396108367789604,1.2712709204786052,1.0,1.0,0.0,0.0,1.0,1.0,0.0,0.0,0,0,,,1.0,1.0,False,False,0.0,0.0,0,0,,,,,,,2,False,,44.40336314369438,0.0,0.0,False,,,,False,-0.0475,0.45481585496429117,0.25349613898087014,0.29168800605483874,0.5563901042009235,0.4436098957990765,0.5852327935117171,0.2804903944212545,0.19411494210292263,6,0-1,0.06382661329898906
39,Group Stage,Group G,2026-06-21,Belgium,Iran,比利时,伊朗,1.6396108367789604,1.2712709204786052,1.6396108367789604,1.2712709204786052,1.0,1.0,0.0,0.0,1.0,1.0,0.0,0.0,0,0,,,1.0,1.0,False,False,0.0,0.0,0,0,,,,,,,2,False,,44.40336314369438,0.0,0.0,False,,,,False,-0.0475,0.45481585496429117,0.25349613898087014,0.29168800605483874,0.5563901042009235,0.4436098957990765,0.5852327935117171,0.2804903944212545,0.19411494210292263,7,0-0,0.059838130035894214
39,Group Stage,Group G,2026-06-21,Belgium,Iran,比利时,伊朗,1.6396108367789604,1.2712709204786052,1.6396108367789604,1.2712709204786052,1.0,1.0,0.0,0.0,1.0,1.0,0.0,0.0,0,0,,,1.0,1.0,False,False,0.0,0.0,0,0,,,,,,,2,False,,44.40336314369438,0.0,0.0,False,,,,False,-0.0475,0.45481585496429117,0.25349613898087014,0.29168800605483874,0.5563901042009235,0.4436098957990765,0.5852327935117171,0.2804903944212545,0.19411494210292263,8,2-2,0.05913910591843419
39,Group Stage,Group G,2026-06-21,Belgium,Iran,比利时,伊朗,1.6396108367789604,1.2712709204786052,1.6396108367789604,1.2712709204786052,1.0,1.0,0.0,0.0,1.0,1.0,0.0,0.0,0,0,,,1.0,1.0,False,False,0.0,0.0,0,0,,,,,,,2,False,,44.40336314369438,0.0,0.0,False,,,,False,-0.0475,0.45481585496429117,0.25349613898087014,0.29168800605483874,0.5563901042009235,0.4436098957990765,0.5852327935117171,0.2804903944212545,0.19411494210292263,9,3-1,0.05084943860997424
39,Group Stage,Group G,2026-06-21,Belgium,Iran,比利时,伊朗,1.6396108367789604,1.2712709204786052,1.6396108367789604,1.2712709204786052,1.0,1.0,0.0,0.0,1.0,1.0,0.0,0.0,0,0,,,1.0,1.0,False,False,0.0,0.0,0,0,,,,,,,2,False,,44.40336314369438,0.0,0.0,False,,,,False,-0.0475,0.45481585496429117,0.25349613898087014,0.29168800605483874,0.5563901042009235,0.4436098957990765,0.5852327935117171,0.2804903944212545,0.19411494210292263,10,0-2,0.043997012714356
40,Group Stage,Group G,2026-06-21,New Zealand,Egypt,新西兰,埃及,1.086537829385643,2.401835024035154,1.086537829385643,2.401835024035154,1.0,1.0,0.0,0.0,1.0,1.0,0.0,0.0,0,0,,,1.0,1.0,False,True,0.0,0.0,0,0,,,,,,,2,False,,115.49206722394979,0.0,0.0,False,,,,False,-0.0475,0.1522849738433054,0.18832196536713203,0.6593930607895627,0.6759039857480207,0.3240960142519793,0.6062086468314938,0.09085634966075533,0.33738877567126496,1,1-2,0.09606985103688737
40,Group Stage,Group G,2026-06-21,New Zealand,Egypt,新西兰,埃及,1.086537829385643,2.401835024035154,1.086537829385643,2.401835024035154,1.0,1.0,0.0,0.0,1.0,1.0,0.0,0.0,0,0,,,1.0,1.0,False,True,0.0,0.0,0,0,,,,,,,2,False,,115.49206722394979,0.0,0.0,False,,,,False,-0.0475,0.1522849738433054,0.18832196536713203,0.6593930607895627,0.6759039857480207,0.3240960142519793,0.6062086468314938,0.09085634966075533,0.33738877567126496,2,0-2,0.08841832142301735
40,Group Stage,Group G,2026-06-21,New Zealand,Egypt,新西兰,埃及,1.086537829385643,2.401835024035154,1.086537829385643,2.401835024035154,1.0,1.0,0.0,0.0,1.0,1.0,0.0,0.0,0,0,,,1.0,1.0,False,True,0.0,0.0,0,0,,,,,,,2,False,,115.49206722394979,0.0,0.0,False,,,,False,-0.0475,0.1522849738433054,0.18832196536713203,0.6593930607895627,0.6759039857480207,0.3240960142519793,0.6062086468314938,0.09085634966075533,0.33738877567126496,3,1-1,0.08379690357922487
40,Group Stage,Group G,2026-06-21,New Zealand,Egypt,新西兰,埃及,1.086537829385643,2.401835024035154,1.086537829385643,2.401835024035154,1.0,1.0,0.0,0.0,1.0,1.0,0.0,0.0,0,0,,,1.0,1.0,False,True,0.0,0.0,0,0,,,,,,,2,False,,115.49206722394979,0.0,0.0,False,,,,False,-0.0475,0.1522849738433054,0.18832196536713203,0.6593930607895627,0.6759039857480207,0.3240960142519793,0.6062086468314938,0.09085634966075533,0.33738877567126496,4,1-3,0.07691464432474536
40,Group Stage,Group G,2026-06-21,New Zealand,Egypt,新西兰,埃及,1.086537829385643,2.401835024035154,1.086537829385643,2.401835024035154,1.0,1.0,0.0,0.0,1.0,1.0,0.0,0.0,0,0,,,1.0,1.0,False,True,0.0,0.0,0,0,,,,,,,2,False,,115.49206722394979,0.0,0.0,False,,,,False,-0.0475,0.1522849738433054,0.18832196536713203,0.6593930607895627,0.6759039857480207,0.3240960142519793,0.6062086468314938,0.09085634966075533,0.33738877567126496,5,0-3,0.07078874038673362
40,Group Stage,Group G,2026-06-21,New Zealand,Egypt,新西兰,埃及,1.086537829385643,2.401835024035154,1.086537829385643,2.401835024035154,1.0,1.0,0.0,0.0,1.0,1.0,0.0,0.0,0,0,,,1.0,1.0,False,True,0.0,0.0,0,0,,,,,,,2,False,,115.49206722394979,0.0,0.0,False,,,,False,-0.0475,0.1522849738433054,0.18832196536713203,0.6593930607895627,0.6759039857480207,0.3240960142519793,0.6062086468314938,0.09085634966075533,0.33738877567126496,6,0-1,0.06982578125443963
40,Group Stage,Group G,2026-06-21,New Zealand,Egypt,新西兰,埃及,1.086537829385643,2.401835024035154,1.086537829385643,2.401835024035154,1.0,1.0,0.0,0.0,1.0,1.0,0.0,0.0,0,0,,,1.0,1.0,False,True,0.0,0.0,0,0,,,,,,,2,False,,115.49206722394979,0.0,0.0,False,,,,False,-0.0475,0.1522849738433054,0.18832196536713203,0.6593930607895627,0.6759039857480207,0.3240960142519793,0.6062086468314938,0.09085634966075533,0.33738877567126496,7,2-2,0.05219176370751083
40,Group Stage,Group G,2026-06-21,New Zealand,Egypt,新西兰,埃及,1.086537829385643,2.401835024035154,1.086537829385643,2.401835024035154,1.0,1.0,0.0,0.0,1.0,1.0,0.0,0.0,0,0,,,1.0,1.0,False,True,0.0,0.0,0,0,,,,,,,2,False,,115.49206722394979,0.0,0.0,False,,,,False,-0.0475,0.1522849738433054,0.18832196536713203,0.6593930607895627,0.6759039857480207,0.3240960142519793,0.6062086468314938,0.09085634966075533,0.33738877567126496,8,1-4,0.04618407165009501
40,Group Stage,Group G,2026-06-21,New Zealand,Egypt,新西兰,埃及,1.086537829385643,2.401835024035154,1.086537829385643,2.401835024035154,1.0,1.0,0.0,0.0,1.0,1.0,0.0,0.0,0,0,,,1.0,1.0,False,True,0.0,0.0,0,0,,,,,,,2,False,,115.49206722394979,0.0,0.0,False,,,,False,-0.0475,0.1522849738433054,0.18832196536713203,0.6593930607895627,0.6759039857480207,0.3240960142519793,0.6062086468314938,0.09085634966075533,0.33738877567126496,9,2-1,0.043459907266925536
40,Group Stage,Group G,2026-06-21,New Zealand,Egypt,新西兰,埃及,1.086537829385643,2.401835024035154,1.086537829385643,2.401835024035154,1.0,1.0,0.0,0.0,1.0,1.0,0.0,0.0,0,0,,,1.0,1.0,False,True,0.0,0.0,0,0,,,,,,,2,False,,115.49206722394979,0.0,0.0,False,,,,False,-0.0475,0.1522849738433054,0.18832196536713203,0.6593930607895627,0.6759039857480207,0.3240960142519793,0.6062086468314938,0.09085634966075533,0.33738877567126496,10,0-4,0.04250571899204716
45,Group Stage,Group H,2026-06-21,Spain,Saudi Arabia,西班牙,沙特阿拉伯,2.856379339055218,0.634237725864737,2.856379339055218,0.634237725864737,1.0,1.0,0.0,0.0,1.0,1.0,0.0,0.0,0,0,,,1.0,1.0,False,False,0.0,0.0,0,0,,,,,,,2,False,,346.4858798692426,0.0,0.0,False,,,,False,-0.0475,0.8232886850430681,0.12272376283952825,0.05398755211740373,0.6744551623484476,0.3255448376515524,0.44506531322160736,0.5303397948160498,0.05800362737520358,1,2-0,0.12549058405672933
45,Group Stage,Group H,2026-06-21,Spain,Saudi Arabia,西班牙,沙特阿拉伯,2.856379339055218,0.634237725864737,2.856379339055218,0.634237725864737,1.0,1.0,0.0,0.0,1.0,1.0,0.0,0.0,0,0,,,1.0,1.0,False,False,0.0,0.0,0,0,,,,,,,2,False,,346.4858798692426,0.0,0.0,False,,,,False,-0.0475,0.8232886850430681,0.12272376283952825,0.05398755211740373,0.6744551623484476,0.3255448376515524,0.44506531322160736,0.5303397948160498,0.05800362737520358,2,3-0,0.11948290384853796
45,Group Stage,Group H,2026-06-21,Spain,Saudi Arabia,西班牙,沙特阿拉伯,2.856379339055218,0.634237725864737,2.856379339055218,0.634237725864737,1.0,1.0,0.0,0.0,1.0,1.0,0.0,0.0,0,0,,,1.0,1.0,False,False,0.0,0.0,0,0,,,,,,,2,False,,346.4858798692426,0.0,0.0,False,,,,False,-0.0475,0.8232886850430681,0.12272376283952825,0.05398755211740373,0.6744551623484476,0.3255448376515524,0.44506531322160736,0.5303397948160498,0.05800362737520358,3,4-0,0.08532212448082124
45,Group Stage,Group H,2026-06-21,Spain,Saudi Arabia,西班牙,沙特阿拉伯,2.856379339055218,0.634237725864737,2.856379339055218,0.634237725864737,1.0,1.0,0.0,0.0,1.0,1.0,0.0,0.0,0,0,,,1.0,1.0,False,False,0.0,0.0,0,0,,,,,,,2,False,,346.4858798692426,0.0,0.0,False,,,,False,-0.0475,0.8232886850430681,0.12272376283952825,0.05398755211740373,0.6744551623484476,0.3255448376515524,0.44506531322160736,0.5303397948160498,0.05800362737520358,4,1-0,0.08521978605343888
45,Group Stage,Group H,2026-06-21,Spain,Saudi Arabia,西班牙,沙特阿拉伯,2.856379339055218,0.634237725864737,2.856379339055218,0.634237725864737,1.0,1.0,0.0,0.0,1.0,1.0,0.0,0.0,0,0,,,1.0,1.0,False,False,0.0,0.0,0,0,,,,,,,2,False,,346.4858798692426,0.0,0.0,False,,,,False,-0.0475,0.8232886850430681,0.12272376283952825,0.05398755211740373,0.6744551623484476,0.3255448376515524,0.44506531322160736,0.5303397948160498,0.05800362737520358,5,2-1,0.07959086264957764
45,Group Stage,Group H,2026-06-21,Spain,Saudi Arabia,西班牙,沙特阿拉伯,2.856379339055218,0.634237725864737,2.856379339055218,0.634237725864737,1.0,1.0,0.0,0.0,1.0,1.0,0.0,0.0,0,0,,,1.0,1.0,False,False,0.0,0.0,0,0,,,,,,,2,False,,346.4858798692426,0.0,0.0,False,,,,False,-0.0475,0.8232886850430681,0.12272376283952825,0.05398755211740373,0.6744551623484476,0.3255448376515524,0.44506531322160736,0.5303397948160498,0.05800362737520358,6,3-1,0.07578056521661175
45,Group Stage,Group H,2026-06-21,Spain,Saudi Arabia,西班牙,沙特阿拉伯,2.856379339055218,0.634237725864737,2.856379339055218,0.634237725864737,1.0,1.0,0.0,0.0,1.0,1.0,0.0,0.0,0,0,,,1.0,1.0,False,False,0.0,0.0,0,0,,,,,,,2,False,,346.4858798692426,0.0,0.0,False,,,,False,-0.0475,0.8232886850430681,0.12272376283952825,0.05398755211740373,0.6744551623484476,0.3255448376515524,0.44506531322160736,0.5303397948160498,0.05800362737520358,7,1-1,0.05837559982702347
45,Group Stage,Group H,2026-06-21,Spain,Saudi Arabia,西班牙,沙特阿拉伯,2.856379339055218,0.634237725864737,2.856379339055218,0.634237725864737,1.0,1.0,0.0,0.0,1.0,1.0,0.0,0.0,0,0,,,1.0,1.0,False,False,0.0,0.0,0,0,,,,,,,2,False,,346.4858798692426,0.0,0.0,False,,,,False,-0.0475,0.8232886850430681,0.12272376283952825,0.05398755211740373,0.6744551623484476,0.3255448376515524,0.44506531322160736,0.5303397948160498,0.05800362737520358,8,4-1,0.05411451019666407
45,Group Stage,Group H,2026-06-21,Spain,Saudi Arabia,西班牙,沙特阿拉伯,2.856379339055218,0.634237725864737,2.856379339055218,0.634237725864737,1.0,1.0,0.0,0.0,1.0,1.0,0.0,0.0,0,0,,,1.0,1.0,False,False,0.0,0.0,0,0,,,,,,,2,False,,346.4858798692426,0.0,0.0,False,,,,False,-0.0475,0.8232886850430681,0.12272376283952825,0.05398755211740373,0.6744551623484476,0.3255448376515524,0.44506531322160736,0.5303397948160498,0.05800362737520358,9,5-0,0.04874247070626306
45,Group Stage,Group H,2026-06-21,Spain,Saudi Arabia,西班牙,沙特阿拉伯,2.856379339055218,0.634237725864737,2.856379339055218,0.634237725864737,1.0,1.0,0.0,0.0,1.0,1.0,0.0,0.0,0,0,,,1.0,1.0,False,False,0.0,0.0,0,0,,,,,,,2,False,,346.4858798692426,0.0,0.0,False,,,,False,-0.0475,0.8232886850430681,0.12272376283952825,0.05398755211740373,0.6744551623484476,0.3255448376515524,0.44506531322160736,0.5303397948160498,0.05800362737520358,10,0-0,0.03340873541286053
46,Group Stage,Group H,2026-06-21,Uruguay,Cape Verde,乌拉圭,佛得角,2.3652473981847986,0.645474050352682,2.3652473981847986,0.645474050352682,1.0,1.0,0.0,0.0,1.0,1.0,0.0,0.0,0,0,,,1.0,1.0,True,False,0.0,0.0,0,0,,,,,,,2,False,,231.10346271132153,0.0,0.0,False,,,,False,-0.0475,0.7537425697216159,0.16617339975849366,0.08008403051989017,0.5779154402582688,0.4220845597417312,0.4343617757667869,0.5244141058585319,0.09421446324380325,1,2-0,0.13820224387240154
46,Group Stage,Group H,2026-06-21,Uruguay,Cape Verde,乌拉圭,佛得角,2.3652473981847986,0.645474050352682,2.3652473981847986,0.645474050352682,1.0,1.0,0.0,0.0,1.0,1.0,0.0,0.0,0,0,,,1.0,1.0,True,False,0.0,0.0,0,0,,,,,,,2,False,,231.10346271132153,0.0,0.0,False,,,,False,-0.0475,0.7537425697216159,0.16617339975849366,0.08008403051989017,0.5779154402582688,0.4220845597417312,0.4343617757667869,0.5244141058585319,0.09421446324380325,2,1-0,0.11327775756101074
46,Group Stage,Group H,2026-06-21,Uruguay,Cape Verde,乌拉圭,佛得角,2.3652473981847986,0.645474050352682,2.3652473981847986,0.645474050352682,1.0,1.0,0.0,0.0,1.0,1.0,0.0,0.0,0,0,,,1.0,1.0,True,False,0.0,0.0,0,0,,,,,,,2,False,,231.10346271132153,0.0,0.0,False,,,,False,-0.0475,0.7537425697216159,0.16617339975849366,0.08008403051989017,0.5779154402582688,0.4220845597417312,0.4343617757667869,0.5244141058585319,0.09421446324380325,3,3-0,0.10896083258083293
46,Group Stage,Group H,2026-06-21,Uruguay,Cape Verde,乌拉圭,佛得角,2.3652473981847986,0.645474050352682,2.3652473981847986,0.645474050352682,1.0,1.0,0.0,0.0,1.0,1.0,0.0,0.0,0,0,,,1.0,1.0,True,False,0.0,0.0,0,0,,,,,,,2,False,,231.10346271132153,0.0,0.0,False,,,,False,-0.0475,0.7537425697216159,0.16617339975849366,0.08008403051989017,0.5779154402582688,0.4220845597417312,0.4343617757667869,0.5244141058585319,0.09421446324380325,4,2-1,0.08920596212014816
46,Group Stage,Group H,2026-06-21,Uruguay,Cape Verde,乌拉圭,佛得角,2.3652473981847986,0.645474050352682,2.3652473981847986,0.645474050352682,1.0,1.0,0.0,0.0,1.0,1.0,0.0,0.0,0,0,,,1.0,1.0,True,False,0.0,0.0,0,0,,,,,,,2,False,,231.10346271132153,0.0,0.0,False,,,,False,-0.0475,0.7537425697216159,0.16617339975849366,0.08008403051989017,0.5779154402582688,0.4220845597417312,0.4343617757667869,0.5244141058585319,0.09421446324380325,5,1-1,0.07901350648779314
46,Group Stage,Group H,2026-06-21,Uruguay,Cape Verde,乌拉圭,佛得角,2.3652473981847986,0.645474050352682,2.3652473981847986,0.645474050352682,1.0,1.0,0.0,0.0,1.0,1.0,0.0,0.0,0,0,,,1.0,1.0,True,False,0.0,0.0,0,0,,,,,,,2,False,,231.10346271132153,0.0,0.0,False,,,,False,-0.0475,0.7537425697216159,0.16617339975849366,0.08008403051989017,0.5779154402582688,0.4220845597417312,0.4343617757667869,0.5244141058585319,0.09421446324380325,6,3-1,0.07033138993575071
46,Group Stage,Group H,2026-06-21,Uruguay,Cape Verde,乌拉圭,佛得角,2.3652473981847986,0.645474050352682,2.3652473981847986,0.645474050352682,1.0,1.0,0.0,0.0,1.0,1.0,0.0,0.0,0,0,,,1.0,1.0,True,False,0.0,0.0,0,0,,,,,,,2,False,,231.10346271132153,0.0,0.0,False,,,,False,-0.0475,0.7537425697216159,0.16617339975849366,0.08008403051989017,0.5779154402582688,0.4220845597417312,0.4343617757667869,0.5244141058585319,0.09421446324380325,7,4-0,0.06442983144146613
46,Group Stage,Group H,2026-06-21,Uruguay,Cape Verde,乌拉圭,佛得角,2.3652473981847986,0.645474050352682,2.3652473981847986,0.645474050352682,1.0,1.0,0.0,0.0,1.0,1.0,0.0,0.0,0,0,,,1.0,1.0,True,False,0.0,0.0,0,0,,,,,,,2,False,,231.10346271132153,0.0,0.0,False,,,,False,-0.0475,0.7537425697216159,0.16617339975849366,0.08008403051989017,0.5779154402582688,0.4220845597417312,0.4343617757667869,0.5244141058585319,0.09421446324380325,8,0-0,0.05299034486912215
46,Group Stage,Group H,2026-06-21,Uruguay,Cape Verde,乌拉圭,佛得角,2.3652473981847986,0.645474050352682,2.3652473981847986,0.645474050352682,1.0,1.0,0.0,0.0,1.0,1.0,0.0,0.0,0,0,,,1.0,1.0,True,False,0.0,0.0,0,0,,,,,,,2,False,,231.10346271132153,0.0,0.0,False,,,,False,-0.0475,0.7537425697216159,0.16617339975849366,0.08008403051989017,0.5779154402582688,0.4220845597417312,0.4343617757667869,0.5244141058585319,0.09421446324380325,9,4-1,0.041587784264063725
46,Group Stage,Group H,2026-06-21,Uruguay,Cape Verde,乌拉圭,佛得角,2.3652473981847986,0.645474050352682,2.3652473981847986,0.645474050352682,1.0,1.0,0.0,0.0,1.0,1.0,0.0,0.0,0,0,,,1.0,1.0,True,False,0.0,0.0,0,0,,,,,,,2,False,,231.10346271132153,0.0,0.0,False,,,,False,-0.0475,0.7537425697216159,0.16617339975849366,0.08008403051989017,0.5779154402582688,0.4220845597417312,0.4343617757667869,0.5244141058585319,0.09421446324380325,10,5-0,0.03047849823648258
51,Group Stage,Group I,2026-06-22,France,Iraq,法国,伊拉克,2.118228763541944,0.6719778746669772,2.118228763541944,0.6719778746669772,1.0,1.0,0.0,0.0,1.0,1.0,0.0,0.0,0,0,,,1.0,1.0,False,False,0.0,0.0,0,0,,,,,,,2,False,,244.6457143062164,0.0,0.0,False,,,,False,-0.0475,0.7046908003813283,0.19391304702837475,0.10139615259029679,0.5274675907786076,0.4725324092213924,0.4345324445462516,0.5106977730442445,0.12043320196176507,1,2-0,0.13798310819962187
51,Group Stage,Group I,2026-06-22,France,Iraq,法国,伊拉克,2.118228763541944,0.6719778746669772,2.118228763541944,0.6719778746669772,1.0,1.0,0.0,0.0,1.0,1.0,0.0,0.0,0,0,,,1.0,1.0,False,False,0.0,0.0,0,0,,,,,,,2,False,,244.6457143062164,0.0,0.0,False,,,,False,-0.0475,0.7046908003813283,0.19391304702837475,0.10139615259029679,0.5274675907786076,0.4725324092213924,0.4345324445462516,0.5106977730442445,0.12043320196176507,2,1-0,0.12612314089846918
51,Group Stage,Group I,2026-06-22,France,Iraq,法国,伊拉克,2.118228763541944,0.6719778746669772,2.118228763541944,0.6719778746669772,1.0,1.0,0.0,0.0,1.0,1.0,0.0,0.0,0,0,,,1.0,1.0,False,False,0.0,0.0,0,0,,,,,,,2,False,,244.6457143062164,0.0,0.0,False,,,,False,-0.0475,0.7046908003813283,0.19391304702837475,0.10139615259029679,0.5274675907786076,0.4725324092213924,0.4345324445462516,0.5106977730442445,0.12043320196176507,3,3-0,0.09742659622378644
51,Group Stage,Group I,2026-06-22,France,Iraq,法国,伊拉克,2.118228763541944,0.6719778746669772,2.118228763541944,0.6719778746669772,1.0,1.0,0.0,0.0,1.0,1.0,0.0,0.0,0,0,,,1.0,1.0,False,False,0.0,0.0,0,0,,,,,,,2,False,,244.6457143062164,0.0,0.0,False,,,,False,-0.0475,0.7046908003813283,0.19391304702837475,0.10139615259029679,0.5274675907786076,0.4725324092213924,0.4345324445462516,0.5106977730442445,0.12043320196176507,4,2-1,0.09272159578792546
51,Group Stage,Group I,2026-06-22,France,Iraq,法国,伊拉克,2.118228763541944,0.6719778746669772,2.118228763541944,0.6719778746669772,1.0,1.0,0.0,0.0,1.0,1.0,0.0,0.0,0,0,,,1.0,1.0,False,False,0.0,0.0,0,0,,,,,,,2,False,,244.6457143062164,0.0,0.0,False,,,,False,-0.0475,0.7046908003813283,0.19391304702837475,0.10139615259029679,0.5274675907786076,0.4725324092213924,0.4345324445462516,0.5106977730442445,0.12043320196176507,5,1-1,0.09170479908453825
51,Group Stage,Group I,2026-06-22,France,Iraq,法国,伊拉克,2.118228763541944,0.6719778746669772,2.118228763541944,0.6719778746669772,1.0,1.0,0.0,0.0,1.0,1.0,0.0,0.0,0,0,,,1.0,1.0,False,False,0.0,0.0,0,0,,,,,,,2,False,,244.6457143062164,0.0,0.0,False,,,,False,-0.0475,0.7046908003813283,0.19391304702837475,0.10139615259029679,0.5274675907786076,0.4725324092213924,0.4345324445462516,0.5106977730442445,0.12043320196176507,6,0-0,0.06566341955226122
51,Group Stage,Group I,2026-06-22,France,Iraq,法国,伊拉克,2.118228763541944,0.6719778746669772,2.118228763541944,0.6719778746669772,1.0,1.0,0.0,0.0,1.0,1.0,0.0,0.0,0,0,,,1.0,1.0,False,False,0.0,0.0,0,0,,,,,,,2,False,,244.6457143062164,0.0,0.0,False,,,,False,-0.0475,0.7046908003813283,0.19391304702837475,0.10139615259029679,0.5274675907786076,0.4725324092213924,0.4345324445462516,0.5106977730442445,0.12043320196176507,7,3-1,0.06546851706649777
51,Group Stage,Group I,2026-06-22,France,Iraq,法国,伊拉克,2.118228763541944,0.6719778746669772,2.118228763541944,0.6719778746669772,1.0,1.0,0.0,0.0,1.0,1.0,0.0,0.0,0,0,,,1.0,1.0,False,False,0.0,0.0,0,0,,,,,,,2,False,,244.6457143062164,0.0,0.0,False,,,,False,-0.0475,0.7046908003813283,0.19391304702837475,0.10139615259029679,0.5274675907786076,0.4725324092213924,0.4345324445462516,0.5106977730442445,0.12043320196176507,8,4-0,0.05159295461380286
51,Group Stage,Group I,2026-06-22,France,Iraq,法国,伊拉克,2.118228763541944,0.6719778746669772,2.118228763541944,0.6719778746669772,1.0,1.0,0.0,0.0,1.0,1.0,0.0,0.0,0,0,,,1.0,1.0,False,False,0.0,0.0,0,0,,,,,,,2,False,,244.6457143062164,0.0,0.0,False,,,,False,-0.0475,0.7046908003813283,0.19391304702837475,0.10139615259029679,0.5274675907786076,0.4725324092213924,0.4345324445462516,0.5106977730442445,0.12043320196176507,9,0-1,0.037171526196833345
51,Group Stage,Group I,2026-06-22,France,Iraq,法国,伊拉克,2.118228763541944,0.6719778746669772,2.118228763541944,0.6719778746669772,1.0,1.0,0.0,0.0,1.0,1.0,0.0,0.0,0,0,,,1.0,1.0,False,False,0.0,0.0,0,0,,,,,,,2,False,,244.6457143062164,0.0,0.0,False,,,,False,-0.0475,0.7046908003813283,0.19391304702837475,0.10139615259029679,0.5274675907786076,0.4725324092213924,0.4345324445462516,0.5106977730442445,0.12043320196176507,10,4-1,0.034669323989173065
52,Group Stage,Group I,2026-06-22,Norway,Senegal,挪威,塞内加尔,1.480669310687434,1.434872793867339,1.480669310687434,1.434872793867339,1.0,1.0,0.0,0.0,1.0,1.0,0.0,0.0,0,0,,,1.0,1.0,False,False,0.0,0.0,0,0,,,,,,,2,False,,40.55475022818905,0.0,0.0,False,,,,False,-0.0475,0.38122097673779737,0.25793349783300035,0.36084552542920234,0.5574996653514287,0.4425003346485713,0.5939622137690814,0.23817562647150078,0.22752074766234678,1,1-1,0.12059903430761205
52,Group Stage,Group I,2026-06-22,Norway,Senegal,挪威,塞内加尔,1.480669310687434,1.434872793867339,1.480669310687434,1.434872793867339,1.0,1.0,0.0,0.0,1.0,1.0,0.0,0.0,0,0,,,1.0,1.0,False,False,0.0,0.0,0,0,,,,,,,2,False,,40.55475022818905,0.0,0.0,False,,,,False,-0.0475,0.38122097673779737,0.25793349783300035,0.36084552542920234,0.5574996653514287,0.4425003346485713,0.5939622137690814,0.23817562647150078,0.22752074766234678,2,2-1,0.08523498281518957
52,Group Stage,Group I,2026-06-22,Norway,Senegal,挪威,塞内加尔,1.480669310687434,1.434872793867339,1.480669310687434,1.434872793867339,1.0,1.0,0.0,0.0,1.0,1.0,0.0,0.0,0,0,,,1.0,1.0,False,False,0.0,0.0,0,0,,,,,,,2,False,,40.55475022818905,0.0,0.0,False,,,,False,-0.0475,0.38122097673779737,0.25793349783300035,0.36084552542920234,0.5574996653514287,0.4425003346485713,0.5939622137690814,0.23817562647150078,0.22752074766234678,3,1-2,0.0825986984700078
52,Group Stage,Group I,2026-06-22,Norway,Senegal,挪威,塞内加尔,1.480669310687434,1.434872793867339,1.480669310687434,1.434872793867339,1.0,1.0,0.0,0.0,1.0,1.0,0.0,0.0,0,0,,,1.0,1.0,False,False,0.0,0.0,0,0,,,,,,,2,False,,40.55475022818905,0.0,0.0,False,,,,False,-0.0475,0.38122097673779737,0.25793349783300035,0.36084552542920234,0.5574996653514287,0.4425003346485713,0.5939622137690814,0.23817562647150078,0.22752074766234678,4,1-0,0.07476862556618724
52,Group Stage,Group I,2026-06-22,Norway,Senegal,挪威,塞内加尔,1.480669310687434,1.434872793867339,1.480669310687434,1.434872793867339,1.0,1.0,0.0,0.0,1.0,1.0,0.0,0.0,0,0,,,1.0,1.0,False,False,0.0,0.0,0,0,,,,,,,2,False,,40.55475022818905,0.0,0.0,False,,,,False,-0.0475,0.38122097673779737,0.25793349783300035,0.36084552542920234,0.5574996653514287,0.4425003346485713,0.5939622137690814,0.23817562647150078,0.22752074766234678,5,0-1,0.0722869170546199
52,Group Stage,Group I,2026-06-22,Norway,Senegal,挪威,塞内加尔,1.480669310687434,1.434872793867339,1.480669310687434,1.434872793867339,1.0,1.0,0.0,0.0,1.0,1.0,0.0,0.0,0,0,,,1.0,1.0,False,False,0.0,0.0,0,0,,,,,,,2,False,,40.55475022818905,0.0,0.0,False,,,,False,-0.0475,0.38122097673779737,0.25793349783300035,0.36084552542920234,0.5574996653514287,0.4425003346485713,0.5939622137690814,0.23817562647150078,0.22752074766234678,6,2-2,0.061150678963632826
52,Group Stage,Group I,2026-06-22,Norway,Senegal,挪威,塞内加尔,1.480669310687434,1.434872793867339,1.480669310687434,1.434872793867339,1.0,1.0,0.0,0.0,1.0,1.0,0.0,0.0,0,0,,,1.0,1.0,False,False,0.0,0.0,0,0,,,,,,,2,False,,40.55475022818905,0.0,0.0,False,,,,False,-0.0475,0.38122097673779737,0.25793349783300035,0.36084552542920234,0.5574996653514287,0.4425003346485713,0.5939622137690814,0.23817562647150078,0.22752074766234678,7,0-0,0.05965858790292897
52,Group Stage,Group I,2026-06-22,Norway,Senegal,挪威,塞内加尔,1.480669310687434,1.434872793867339,1.480669310687434,1.434872793867339,1.0,1.0,0.0,0.0,1.0,1.0,0.0,0.0,0,0,,,1.0,1.0,False,False,0.0,0.0,0,0,,,,,,,2,False,,40.55475022818905,0.0,0.0,False,,,,False,-0.0475,0.38122097673779737,0.25793349783300035,0.36084552542920234,0.5574996653514287,0.4425003346485713,0.5939622137690814,0.23817562647150078,0.22752074766234678,8,2-0,0.059402466322788165
52,Group Stage,Group I,2026-06-22,Norway,Senegal,挪威,塞内加尔,1.480669310687434,1.434872793867339,1.480669310687434,1.434872793867339,1.0,1.0,0.0,0.0,1.0,1.0,0.0,0.0,0,0,,,1.0,1.0,False,False,0.0,0.0,0,0,,,,,,,2,False,,40.55475022818905,0.0,0.0,False,,,,False,-0.0475,0.38122097673779737,0.25793349783300035,0.36084552542920234,0.5574996653514287,0.4425003346485713,0.5939622137690814,0.23817562647150078,0.22752074766234678,9,0-2,0.05578470349443489
52,Group Stage,Group I,2026-06-22,Norway,Senegal,挪威,塞内加尔,1.480669310687434,1.434872793867339,1.480669310687434,1.434872793867339,1.0,1.0,0.0,0.0,1.0,1.0,0.0,0.0,0,0,,,1.0,1.0,False,False,0.0,0.0,0,0,,,,,,,2,False,,40.55475022818905,0.0,0.0,False,,,,False,-0.0475,0.38122097673779737,0.25793349783300035,0.36084552542920234,0.5574996653514287,0.4425003346485713,0.5939622137690814,0.23817562647150078,0.22752074766234678,10,3-1,0.04206827441714067
57,Group Stage,Group J,2026-06-22,Argentina,Austria,阿根廷,奥地利,2.319667221269659,0.6984309776353564,2.319667221269659,0.6984309776353564,1.0,1.0,0.0,0.0,1.0,1.0,0.0,0.0,0,0,,,1.0,1.0,False,False,0.0,0.0,0,0,,,,,,,2,False,,226.61675676236428,0.0,0.0,False,,,,False,-0.0475,0.7338575325358563,0.1745947045777484,0.09154776288639532,0.5797069061407466,0.4202930938592534,0.45686039225232644,0.4973654451727261,0.09857488638994366,1,2-0,0.13190561095941009
57,Group Stage,Group J,2026-06-22,Argentina,Austria,阿根廷,奥地利,2.319667221269659,0.6984309776353564,2.319667221269659,0.6984309776353564,1.0,1.0,0.0,0.0,1.0,1.0,0.0,0.0,0,0,,,1.0,1.0,False,False,0.0,0.0,0,0,,,,,,,2,False,,226.61675676236428,0.0,0.0,False,,,,False,-0.0475,0.7338575325358563,0.1745947045777484,0.09154776288639532,0.5797069061407466,0.4202930938592534,0.45686039225232644,0.4973654451727261,0.09857488638994366,2,1-0,0.10995506507244068
57,Group Stage,Group J,2026-06-22,Argentina,Austria,阿根廷,奥地利,2.319667221269659,0.6984309776353564,2.319667221269659,0.6984309776353564,1.0,1.0,0.0,0.0,1.0,1.0,0.0,0.0,0,0,,,1.0,1.0,False,False,0.0,0.0,0,0,,,,,,,2,False,,226.61675676236428,0.0,0.0,False,,,,False,-0.0475,0.7338575325358563,0.1745947045777484,0.09154776288639532,0.5797069061407466,0.4202930938592534,0.45686039225232644,0.4973654451727261,0.09857488638994366,3,3-0,0.10199237401469716
57,Group Stage,Group J,2026-06-22,Argentina,Austria,阿根廷,奥地利,2.319667221269659,0.6984309776353564,2.319667221269659,0.6984309776353564,1.0,1.0,0.0,0.0,1.0,1.0,0.0,0.0,0,0,,,1.0,1.0,False,False,0.0,0.0,0,0,,,,,,,2,False,,226.61675676236428,0.0,0.0,False,,,,False,-0.0475,0.7338575325358563,0.1745947045777484,0.09154776288639532,0.5797069061407466,0.4202930938592534,0.45686039225232644,0.4973654451727261,0.09857488638994366,4,2-1,0.09212696481796977
57,Group Stage,Group J,2026-06-22,Argentina,Austria,阿根廷,奥地利,2.319667221269659,0.6984309776353564,2.319667221269659,0.6984309776353564,1.0,1.0,0.0,0.0,1.0,1.0,0.0,0.0,0,0,,,1.0,1.0,False,False,0.0,0.0,0,0,,,,,,,2,False,,226.61675676236428,0.0,0.0,False,,,,False,-0.0475,0.7338575325358563,0.1745947045777484,0.09154776288639532,0.5797069061407466,0.4202930938592534,0.45686039225232644,0.4973654451727261,0.09857488638994366,5,1-1,0.083204172358829
57,Group Stage,Group J,2026-06-22,Argentina,Austria,阿根廷,奥地利,2.319667221269659,0.6984309776353564,2.319667221269659,0.6984309776353564,1.0,1.0,0.0,0.0,1.0,1.0,0.0,0.0,0,0,,,1.0,1.0,False,False,0.0,0.0,0,0,,,,,,,2,False,,226.61675676236428,0.0,0.0,False,,,,False,-0.0475,0.7338575325358563,0.1745947045777484,0.09154776288639532,0.5797069061407466,0.4202930938592534,0.45686039225232644,0.4973654451727261,0.09857488638994366,6,3-1,0.07123463349443586
57,Group Stage,Group J,2026-06-22,Argentina,Austria,阿根廷,奥地利,2.319667221269659,0.6984309776353564,2.319667221269659,0.6984309776353564,1.0,1.0,0.0,0.0,1.0,1.0,0.0,0.0,0,0,,,1.0,1.0,False,False,0.0,0.0,0,0,,,,,,,2,False,,226.61675676236428,0.0,0.0,False,,,,False,-0.0475,0.7338575325358563,0.1745947045777484,0.09154776288639532,0.5797069061407466,0.4202930938592534,0.45686039225232644,0.4973654451727261,0.09857488638994366,7,4-0,0.05914709170534207
57,Group Stage,Group J,2026-06-22,Argentina,Austria,阿根廷,奥地利,2.319667221269659,0.6984309776353564,2.319667221269659,0.6984309776353564,1.0,1.0,0.0,0.0,1.0,1.0,0.0,0.0,0,0,,,1.0,1.0,False,False,0.0,0.0,0,0,,,,,,,2,False,,226.61675676236428,0.0,0.0,False,,,,False,-0.0475,0.7338575325358563,0.1745947045777484,0.09154776288639532,0.5797069061407466,0.4202930938592534,0.45686039225232644,0.4973654451727261,0.09857488638994366,8,0-0,0.05280072381499608
57,Group Stage,Group J,2026-06-22,Argentina,Austria,阿根廷,奥地利,2.319667221269659,0.6984309776353564,2.319667221269659,0.6984309776353564,1.0,1.0,0.0,0.0,1.0,1.0,0.0,0.0,0,0,,,1.0,1.0,False,False,0.0,0.0,0,0,,,,,,,2,False,,226.61675676236428,0.0,0.0,False,,,,False,-0.0475,0.7338575325358563,0.1745947045777484,0.09154776288639532,0.5797069061407466,0.4202930938592534,0.45686039225232644,0.4973654451727261,0.09857488638994366,9,4-1,0.04131016108405015
57,Group Stage,Group J,2026-06-22,Argentina,Austria,阿根廷,奥地利,2.319667221269659,0.6984309776353564,2.319667221269659,0.6984309776353564,1.0,1.0,0.0,0.0,1.0,1.0,0.0,0.0,0,0,,,1.0,1.0,False,False,0.0,0.0,0,0,,,,,,,2,False,,226.61675676236428,0.0,0.0,False,,,,False,-0.0475,0.7338575325358563,0.1745947045777484,0.09154776288639532,0.5797069061407466,0.4202930938592534,0.45686039225232644,0.4973654451727261,0.09857488638994366,10,2-2,0.03217216305219636
58,Group Stage,Group J,2026-06-22,Jordan,Algeria,约旦,阿尔及利亚,0.8251586495409114,1.723528436490938,0.8251586495409114,1.723528436490938,1.0,1.0,0.0,0.0,1.0,1.0,0.0,0.0,0,0,,,1.0,1.0,False,False,0.0,0.0,0,0,,,,,,,2,False,,137.01602555371778,0.0,0.0,False,,,,False,-0.0475,0.1718240449728008,0.24641444709181387,0.5817615079353854,0.46838693360582384,0.5316130663941762,0.4668237790376028,0.17851113284358805,0.43816659782383843,1,0-1,0.129526391029395
58,Group Stage,Group J,2026-06-22,Jordan,Algeria,约旦,阿尔及利亚,0.8251586495409114,1.723528436490938,0.8251586495409114,1.723528436490938,1.0,1.0,0.0,0.0,1.0,1.0,0.0,0.0,0,0,,,1.0,1.0,False,False,0.0,0.0,0,0,,,,,,,2,False,,137.01602555371778,0.0,0.0,False,,,,False,-0.0475,0.1718240449728008,0.24641444709181387,0.5817615079353854,0.46838693360582384,0.5316130663941762,0.4668237790376028,0.17851113284358805,0.43816659782383843,2,1-1,0.1165237666538003
58,Group Stage,Group J,2026-06-22,Jordan,Algeria,约旦,阿尔及利亚,0.8251586495409114,1.723528436490938,0.8251586495409114,1.723528436490938,1.0,1.0,0.0,0.0,1.0,1.0,0.0,0.0,0,0,,,1.0,1.0,False,False,0.0,0.0,0,0,,,,,,,2,False,,137.01602555371778,0.0,0.0,False,,,,False,-0.0475,0.1718240449728008,0.24641444709181387,0.5817615079353854,0.46838693360582384,0.5316130663941762,0.4668237790376028,0.17851113284358805,0.43816659782383843,3,0-2,0.11617467984953944
58,Group Stage,Group J,2026-06-22,Jordan,Algeria,约旦,阿尔及利亚,0.8251586495409114,1.723528436490938,0.8251586495409114,1.723528436490938,1.0,1.0,0.0,0.0,1.0,1.0,0.0,0.0,0,0,,,1.0,1.0,False,False,0.0,0.0,0,0,,,,,,,2,False,,137.01602555371778,0.0,0.0,False,,,,False,-0.0475,0.1718240449728008,0.24641444709181387,0.5817615079353854,0.46838693360582384,0.5316130663941762,0.4668237790376028,0.17851113284358805,0.43816659782383843,4,1-2,0.0958625419354937
58,Group Stage,Group J,2026-06-22,Jordan,Algeria,约旦,阿尔及利亚,0.8251586495409114,1.723528436490938,0.8251586495409114,1.723528436490938,1.0,1.0,0.0,0.0,1.0,1.0,0.0,0.0,0,0,,,1.0,1.0,False,False,0.0,0.0,0,0,,,,,,,2,False,,137.01602555371778,0.0,0.0,False,,,,False,-0.0475,0.1718240449728008,0.24641444709181387,0.5817615079353854,0.46838693360582384,0.5316130663941762,0.4668237790376028,0.17851113284358805,0.43816659782383843,5,0-0,0.08350150970502919
58,Group Stage,Group J,2026-06-22,Jordan,Algeria,约旦,阿尔及利亚,0.8251586495409114,1.723528436490938,0.8251586495409114,1.723528436490938,1.0,1.0,0.0,0.0,1.0,1.0,0.0,0.0,0,0,,,1.0,1.0,False,False,0.0,0.0,0,0,,,,,,,2,False,,137.01602555371778,0.0,0.0,False,,,,False,-0.0475,0.1718240449728008,0.24641444709181387,0.5817615079353854,0.46838693360582384,0.5316130663941762,0.4668237790376028,0.17851113284358805,0.43816659782383843,6,0-3,0.06674345477363733
58,Group Stage,Group J,2026-06-22,Jordan,Algeria,约旦,阿尔及利亚,0.8251586495409114,1.723528436490938,0.8251586495409114,1.723528436490938,1.0,1.0,0.0,0.0,1.0,1.0,0.0,0.0,0,0,,,1.0,1.0,False,False,0.0,0.0,0,0,,,,,,,2,False,,137.01602555371778,0.0,0.0,False,,,,False,-0.0475,0.1718240449728008,0.24641444709181387,0.5817615079353854,0.46838693360582384,0.5316130663941762,0.4668237790376028,0.17851113284358805,0.43816659782383843,7,1-0,0.0592580482307525
58,Group Stage,Group J,2026-06-22,Jordan,Algeria,约旦,阿尔及利亚,0.8251586495409114,1.723528436490938,0.8251586495409114,1.723528436490938,1.0,1.0,0.0,0.0,1.0,1.0,0.0,0.0,0,0,,,1.0,1.0,False,False,0.0,0.0,0,0,,,,,,,2,False,,137.01602555371778,0.0,0.0,False,,,,False,-0.0475,0.1718240449728008,0.24641444709181387,0.5817615079353854,0.46838693360582384,0.5316130663941762,0.4668237790376028,0.17851113284358805,0.43816659782383843,8,1-3,0.05507393900670948
58,Group Stage,Group J,2026-06-22,Jordan,Algeria,约旦,阿尔及利亚,0.8251586495409114,1.723528436490938,0.8251586495409114,1.723528436490938,1.0,1.0,0.0,0.0,1.0,1.0,0.0,0.0,0,0,,,1.0,1.0,False,False,0.0,0.0,0,0,,,,,,,2,False,,137.01602555371778,0.0,0.0,False,,,,False,-0.0475,0.1718240449728008,0.24641444709181387,0.5817615079353854,0.46838693360582384,0.5316130663941762,0.4668237790376028,0.17851113284358805,0.43816659782383843,9,2-1,0.045895271566334196
58,Group Stage,Group J,2026-06-22,Jordan,Algeria,约旦,阿尔及利亚,0.8251586495409114,1.723528436490938,0.8251586495409114,1.723528436490938,1.0,1.0,0.0,0.0,1.0,1.0,0.0,0.0,0,0,,,1.0,1.0,False,False,0.0,0.0,0,0,,,,,,,2,False,,137.01602555371778,0.0,0.0,False,,,,False,-0.0475,0.1718240449728008,0.24641444709181387,0.5817615079353854,0.46838693360582384,0.5316130663941762,0.4668237790376028,0.17851113284358805,0.43816659782383843,10,2-2,0.039550902822525484
63,Group Stage,Group K,2026-06-23,Portugal,Uzbekistan,葡萄牙,乌兹别克斯坦,2.0147638330160675,0.842309949347094,2.0147638330160675,0.842309949347094,1.0,1.0,0.0,0.0,1.0,1.0,0.0,0.0,0,0,,,1.0,1.0,False,False,0.0,0.0,0,0,,,,,,,2,False,,177.69026588733368,0.0,0.0,False,,,,False,-0.0475,0.6419522254873951,0.21445465139359393,0.14359312311901098,0.5435135430158586,0.45648645698414136,0.4979171617978595,0.4307157297623797,0.1335052114606858,1,2-0,0.11670977944112503
63,Group Stage,Group K,2026-06-23,Portugal,Uzbekistan,葡萄牙,乌兹别克斯坦,2.0147638330160675,0.842309949347094,2.0147638330160675,0.842309949347094,1.0,1.0,0.0,0.0,1.0,1.0,0.0,0.0,0,0,,,1.0,1.0,False,False,0.0,0.0,0,0,,,,,,,2,False,,177.69026588733368,0.0,0.0,False,,,,False,-0.0475,0.6419522254873951,0.21445465139359393,0.14359312311901098,0.5435135430158586,0.45648645698414136,0.4979171617978595,0.4307157297623797,0.1335052114606858,2,1-0,0.11121924238034175
63,Group Stage,Group K,2026-06-23,Portugal,Uzbekistan,葡萄牙,乌兹别克斯坦,2.0147638330160675,0.842309949347094,2.0147638330160675,0.842309949347094,1.0,1.0,0.0,0.0,1.0,1.0,0.0,0.0,0,0,,,1.0,1.0,False,False,0.0,0.0,0,0,,,,,,,2,False,,177.69026588733368,0.0,0.0,False,,,,False,-0.0475,0.6419522254873951,0.21445465139359393,0.14359312311901098,0.5435135430158586,0.45648645698414136,0.4979171617978595,0.4307157297623797,0.1335052114606858,3,1-1,0.10222074927229265
63,Group Stage,Group K,2026-06-23,Portugal,Uzbekistan,葡萄牙,乌兹别克斯坦,2.0147638330160675,0.842309949347094,2.0147638330160675,0.842309949347094,1.0,1.0,0.0,0.0,1.0,1.0,0.0,0.0,0,0,,,1.0,1.0,False,False,0.0,0.0,0,0,,,,,,,2,False,,177.69026588733368,0.0,0.0,False,,,,False,-0.0475,0.6419522254873951,0.21445465139359393,0.14359312311901098,0.5435135430158586,0.45648645698414136,0.4979171617978595,0.4307157297623797,0.1335052114606858,4,2-1,0.09830580840936452
63,Group Stage,Group K,2026-06-23,Portugal,Uzbekistan,葡萄牙,乌兹别克斯坦,2.0147638330160675,0.842309949347094,2.0147638330160675,0.842309949347094,1.0,1.0,0.0,0.0,1.0,1.0,0.0,0.0,0,0,,,1.0,1.0,False,False,0.0,0.0,0,0,,,,,,,2,False,,177.69026588733368,0.0,0.0,False,,,,False,-0.0475,0.6419522254873951,0.21445465139359393,0.14359312311901098,0.5435135430158586,0.45648645698414136,0.4979171617978595,0.4307157297623797,0.1335052114606858,5,3-0,0.07838088085908698
63,Group Stage,Group K,2026-06-23,Portugal,Uzbekistan,葡萄牙,乌兹别克斯坦,2.0147638330160675,0.842309949347094,2.0147638330160675,0.842309949347094,1.0,1.0,0.0,0.0,1.0,1.0,0.0,0.0,0,0,,,1.0,1.0,False,False,0.0,0.0,0,0,,,,,,,2,False,,177.69026588733368,0.0,0.0,False,,,,False,-0.0475,0.6419522254873951,0.21445465139359393,0.14359312311901098,0.5435135430158586,0.45648645698414136,0.4979171617978595,0.4307157297623797,0.1335052114606858,6,3-1,0.06602099578619816
63,Group Stage,Group K,2026-06-23,Portugal,Uzbekistan,葡萄牙,乌兹别克斯坦,2.0147638330160675,0.842309949347094,2.0147638330160675,0.842309949347094,1.0,1.0,0.0,0.0,1.0,1.0,0.0,0.0,0,0,,,1.0,1.0,False,False,0.0,0.0,0,0,,,,,,,2,False,,177.69026588733368,0.0,0.0,False,,,,False,-0.0475,0.6419522254873951,0.21445465139359393,0.14359312311901098,0.5435135430158586,0.45648645698414136,0.4979171617978595,0.4307157297623797,0.1335052114606858,7,0-0,0.062138103020925144
63,Group Stage,Group K,2026-06-23,Portugal,Uzbekistan,葡萄牙,乌兹别克斯坦,2.0147638330160675,0.842309949347094,2.0147638330160675,0.842309949347094,1.0,1.0,0.0,0.0,1.0,1.0,0.0,0.0,0,0,,,1.0,1.0,False,False,0.0,0.0,0,0,,,,,,,2,False,,177.69026588733368,0.0,0.0,False,,,,False,-0.0475,0.6419522254873951,0.21445465139359393,0.14359312311901098,0.5435135430158586,0.45648645698414136,0.4979171617978595,0.4307157297623797,0.1335052114606858,8,0-1,0.04379986755159517
63,Group Stage,Group K,2026-06-23,Portugal,Uzbekistan,葡萄牙,乌兹别克斯坦,2.0147638330160675,0.842309949347094,2.0147638330160675,0.842309949347094,1.0,1.0,0.0,0.0,1.0,1.0,0.0,0.0,0,0,,,1.0,1.0,False,False,0.0,0.0,0,0,,,,,,,2,False,,177.69026588733368,0.0,0.0,False,,,,False,-0.0475,0.6419522254873951,0.21445465139359393,0.14359312311901098,0.5435135430158586,0.45648645698414136,0.4979171617978595,0.4307157297623797,0.1335052114606858,9,2-2,0.04140198025090848
63,Group Stage,Group K,2026-06-23,Portugal,Uzbekistan,葡萄牙,乌兹别克斯坦,2.0147638330160675,0.842309949347094,2.0147638330160675,0.842309949347094,1.0,1.0,0.0,0.0,1.0,1.0,0.0,0.0,0,0,,,1.0,1.0,False,False,0.0,0.0,0,0,,,,,,,2,False,,177.69026588733368,0.0,0.0,False,,,,False,-0.0475,0.6419522254873951,0.21445465139359393,0.14359312311901098,0.5435135430158586,0.45648645698414136,0.4979171617978595,0.4307157297623797,0.1335052114606858,10,1-2,0.04109859386241852
64,Group Stage,Group K,2026-06-23,Colombia,DR Congo,哥伦比亚,刚果民主共和国,2.3956758024347384,0.6618840124053774,2.3956758024347384,0.6618840124053774,1.0,1.0,0.0,0.0,1.0,1.0,0.0,0.0,0,0,,,1.0,1.0,False,False,0.0,0.0,0,0,,,,,,,2,False,,247.57391923275145,0.0,0.0,False,,,,False,-0.0475,0.7547414859582292,0.16445541527638718,0.0808030987653837,0.5882209107245455,0.4117790892754545,0.4434181403834632,0.5158787591365062,0.0914130283179205,1,2-0,0.13532618536299226
64,Group Stage,Group K,2026-06-23,Colombia,DR Congo,哥伦比亚,刚果民主共和国,2.3956758024347384,0.6618840124053774,2.3956758024347384,0.6618840124053774,1.0,1.0,0.0,0.0,1.0,1.0,0.0,0.0,0,0,,,1.0,1.0,False,False,0.0,0.0,0,0,,,,,,,2,False,,247.57391923275145,0.0,0.0,False,,,,False,-0.0475,0.7547414859582292,0.16445541527638718,0.0808030987653837,0.5882209107245455,0.4117790892754545,0.4434181403834632,0.5158787591365062,0.0914130283179205,2,1-0,0.10942348618171444
64,Group Stage,Group K,2026-06-23,Colombia,DR Congo,哥伦比亚,刚果民主共和国,2.3956758024347384,0.6618840124053774,2.3956758024347384,0.6618840124053774,1.0,1.0,0.0,0.0,1.0,1.0,0.0,0.0,0,0,,,1.0,1.0,False,False,0.0,0.0,0,0,,,,,,,2,False,,247.57391923275145,0.0,0.0,False,,,,False,-0.0475,0.7547414859582292,0.16445541527638718,0.0808030987653837,0.5882209107245455,0.4117790892754545,0.4434181403834632,0.5158787591365062,0.0914130283179205,3,3-0,0.10806588923663954
64,Group Stage,Group K,2026-06-23,Colombia,DR Congo,哥伦比亚,刚果民主共和国,2.3956758024347384,0.6618840124053774,2.3956758024347384,0.6618840124053774,1.0,1.0,0.0,0.0,1.0,1.0,0.0,0.0,0,0,,,1.0,1.0,False,False,0.0,0.0,0,0,,,,,,,2,False,,247.57391923275145,0.0,0.0,False,,,,False,-0.0475,0.7547414859582292,0.16445541527638718,0.0808030987653837,0.5882209107245455,0.4117790892754545,0.4434181403834632,0.5158787591365062,0.0914130283179205,4,2-1,0.08957023855157119
64,Group Stage,Group K,2026-06-23,Colombia,DR Congo,哥伦比亚,刚果民主共和国,2.3956758024347384,0.6618840124053774,2.3956758024347384,0.6618840124053774,1.0,1.0,0.0,0.0,1.0,1.0,0.0,0.0,0,0,,,1.0,1.0,False,False,0.0,0.0,0,0,,,,,,,2,False,,247.57391923275145,0.0,0.0,False,,,,False,-0.0475,0.7547414859582292,0.16445541527638718,0.0808030987653837,0.5882209107245455,0.4117790892754545,0.4434181403834632,0.5158787591365062,0.0914130283179205,5,1-1,0.07832848233255614
64,Group Stage,Group K,2026-06-23,Colombia,DR Congo,哥伦比亚,刚果民主共和国,2.3956758024347384,0.6618840124053774,2.3956758024347384,0.6618840124053774,1.0,1.0,0.0,0.0,1.0,1.0,0.0,0.0,0,0,,,1.0,1.0,False,False,0.0,0.0,0,0,,,,,,,2,False,,247.57391923275145,0.0,0.0,False,,,,False,-0.0475,0.7547414859582292,0.16445541527638718,0.0808030987653837,0.5882209107245455,0.4117790892754545,0.4434181403834632,0.5158787591365062,0.0914130283179205,6,3-1,0.07152708437210206
64,Group Stage,Group K,2026-06-23,Colombia,DR Congo,哥伦比亚,刚果民主共和国,2.3956758024347384,0.6618840124053774,2.3956758024347384,0.6618840124053774,1.0,1.0,0.0,0.0,1.0,1.0,0.0,0.0,0,0,,,1.0,1.0,False,False,0.0,0.0,0,0,,,,,,,2,False,,247.57391923275145,0.0,0.0,False,,,,False,-0.0475,0.7547414859582292,0.16445541527638718,0.0808030987653837,0.5882209107245455,0.4117790892754545,0.4434181403834632,0.5158787591365062,0.0914130283179205,7,4-0,0.0647227089782025
64,Group Stage,Group K,2026-06-23,Colombia,DR Congo,哥伦比亚,刚果民主共和国,2.3956758024347384,0.6618840124053774,2.3956758024347384,0.6618840124053774,1.0,1.0,0.0,0.0,1.0,1.0,0.0,0.0,0,0,,,1.0,1.0,False,False,0.0,0.0,0,0,,,,,,,2,False,,247.57391923275145,0.0,0.0,False,,,,False,-0.0475,0.7547414859582292,0.16445541527638718,0.0808030987653837,0.5882209107245455,0.4117790892754545,0.4434181403834632,0.5158787591365062,0.0914130283179205,8,0-0,0.05070992783788982
64,Group Stage,Group K,2026-06-23,Colombia,DR Congo,哥伦比亚,刚果民主共和国,2.3956758024347384,0.6618840124053774,2.3956758024347384,0.6618840124053774,1.0,1.0,0.0,0.0,1.0,1.0,0.0,0.0,0,0,,,1.0,1.0,False,False,0.0,0.0,0,0,,,,,,,2,False,,247.57391923275145,0.0,0.0,False,,,,False,-0.0475,0.7547414859582292,0.16445541527638718,0.0808030987653837,0.5882209107245455,0.4117790892754545,0.4434181403834632,0.5158787591365062,0.0914130283179205,9,4-1,0.042838926312238214
64,Group Stage,Group K,2026-06-23,Colombia,DR Congo,哥伦比亚,刚果民主共和国,2.3956758024347384,0.6618840124053774,2.3956758024347384,0.6618840124053774,1.0,1.0,0.0,0.0,1.0,1.0,0.0,0.0,0,0,,,1.0,1.0,False,False,0.0,0.0,0,0,,,,,,,2,False,,247.57391923275145,0.0,0.0,False,,,,False,-0.0475,0.7547414859582292,0.16445541527638718,0.0808030987653837,0.5882209107245455,0.4117790892754545,0.4434181403834632,0.5158787591365062,0.0914130283179205,10,5-0,0.03101092555342106
69,Group Stage,Group L,2026-06-23,England,Ghana,英格兰,加纳,2.719977958910036,0.6524863887336949,2.719977958910036,0.6524863887336949,1.0,1.0,0.0,0.0,1.0,1.0,0.0,0.0,0,0,,,1.0,1.0,False,False,0.0,0.0,0,0,,,,,,,2,False,,305.50854870175726,0.0,0.0,False,,,,False,-0.0475,0.802963143271786,0.13487750916644586,0.06215934756176819,0.6525191777899957,0.3474808222100043,0.45037172926255786,0.5207496184511894,0.06633419712791115,1,2-0,0.1277812732829759
69,Group Stage,Group L,2026-06-23,England,Ghana,英格兰,加纳,2.719977958910036,0.6524863887336949,2.719977958910036,0.6524863887336949,1.0,1.0,0.0,0.0,1.0,1.0,0.0,0.0,0,0,,,1.0,1.0,False,False,0.0,0.0,0,0,,,,,,,2,False,,305.50854870175726,0.0,0.0,False,,,,False,-0.0475,0.802963143271786,0.13487750916644586,0.06215934756176819,0.6525191777899957,0.3474808222100043,0.45037172926255786,0.5207496184511894,0.06633419712791115,2,3-0,0.11585408229705144
69,Group Stage,Group L,2026-06-23,England,Ghana,英格兰,加纳,2.719977958910036,0.6524863887336949,2.719977958910036,0.6524863887336949,1.0,1.0,0.0,0.0,1.0,1.0,0.0,0.0,0,0,,,1.0,1.0,False,False,0.0,0.0,0,0,,,,,,,2,False,,305.50854870175726,0.0,0.0,False,,,,False,-0.0475,0.802963143271786,0.13487750916644586,0.06215934756176819,0.6525191777899957,0.3474808222100043,0.45037172926255786,0.5207496184511894,0.06633419712791115,3,1-0,0.09104554296378525
69,Group Stage,Group L,2026-06-23,England,Ghana,英格兰,加纳,2.719977958910036,0.6524863887336949,2.719977958910036,0.6524863887336949,1.0,1.0,0.0,0.0,1.0,1.0,0.0,0.0,0,0,,,1.0,1.0,False,False,0.0,0.0,0,0,,,,,,,2,False,,305.50854870175726,0.0,0.0,False,,,,False,-0.0475,0.802963143271786,0.13487750916644586,0.06215934756176819,0.6525191777899957,0.3474808222100043,0.45037172926255786,0.5207496184511894,0.06633419712791115,4,2-1,0.08337554155220232
69,Group Stage,Group L,2026-06-23,England,Ghana,英格兰,加纳,2.719977958910036,0.6524863887336949,2.719977958910036,0.6524863887336949,1.0,1.0,0.0,0.0,1.0,1.0,0.0,0.0,0,0,,,1.0,1.0,False,False,0.0,0.0,0,0,,,,,,,2,False,,305.50854870175726,0.0,0.0,False,,,,False,-0.0475,0.802963143271786,0.13487750916644586,0.06215934756176819,0.6525191777899957,0.3474808222100043,0.45037172926255786,0.5207496184511894,0.06633419712791115,5,4-0,0.07878013757443232
69,Group Stage,Group L,2026-06-23,England,Ghana,英格兰,加纳,2.719977958910036,0.6524863887336949,2.719977958910036,0.6524863887336949,1.0,1.0,0.0,0.0,1.0,1.0,0.0,0.0,0,0,,,1.0,1.0,False,False,0.0,0.0,0,0,,,,,,,2,False,,305.50854870175726,0.0,0.0,False,,,,False,-0.0475,0.802963143271786,0.13487750916644586,0.06215934756176819,0.6525191777899957,0.3474808222100043,0.45037172926255786,0.5207496184511894,0.06633419712791115,6,3-1,0.07559321177805939
69,Group Stage,Group L,2026-06-23,England,Ghana,英格兰,加纳,2.719977958910036,0.6524863887336949,2.719977958910036,0.6524863887336949,1.0,1.0,0.0,0.0,1.0,1.0,0.0,0.0,0,0,,,1.0,1.0,False,False,0.0,0.0,0,0,,,,,,,2,False,,305.50854870175726,0.0,0.0,False,,,,False,-0.0475,0.802963143271786,0.13487750916644586,0.06215934756176819,0.6525191777899957,0.3474808222100043,0.45037172926255786,0.5207496184511894,0.06633419712791115,7,1-1,0.06421807903982403
69,Group Stage,Group L,2026-06-23,England,Ghana,英格兰,加纳,2.719977958910036,0.6524863887336949,2.719977958910036,0.6524863887336949,1.0,1.0,0.0,0.0,1.0,1.0,0.0,0.0,0,0,,,1.0,1.0,False,False,0.0,0.0,0,0,,,,,,,2,False,,305.50854870175726,0.0,0.0,False,,,,False,-0.0475,0.802963143271786,0.13487750916644586,0.06215934756176819,0.6525191777899957,0.3474808222100043,0.45037172926255786,0.5207496184511894,0.06633419712791115,8,4-1,0.051402967469885014
69,Group Stage,Group L,2026-06-23,England,Ghana,英格兰,加纳,2.719977958910036,0.6524863887336949,2.719977958910036,0.6524863887336949,1.0,1.0,0.0,0.0,1.0,1.0,0.0,0.0,0,0,,,1.0,1.0,False,False,0.0,0.0,0,0,,,,,,,2,False,,305.50854870175726,0.0,0.0,False,,,,False,-0.0475,0.802963143271786,0.13487750916644586,0.06215934756176819,0.6525191777899957,0.3474808222100043,0.45037172926255786,0.5207496184511894,0.06633419712791115,9,5-0,0.042856047560471254
69,Group Stage,Group L,2026-06-23,England,Ghana,英格兰,加纳,2.719977958910036,0.6524863887336949,2.719977958910036,0.6524863887336949,1.0,1.0,0.0,0.0,1.0,1.0,0.0,0.0,0,0,,,1.0,1.0,False,False,0.0,0.0,0,0,,,,,,,2,False,,305.50854870175726,0.0,0.0,False,,,,False,-0.0475,0.802963143271786,0.13487750916644586,0.06215934756176819,0.6525191777899957,0.3474808222100043,0.45037172926255786,0.5207496184511894,0.06633419712791115,10,0-0,0.037455544841658306
70,Group Stage,Group L,2026-06-23,Panama,Croatia,巴拿马,克罗地亚,1.070237116177737,1.9281006629668698,1.070237116177737,1.9281006629668698,1.0,1.0,0.0,0.0,1.0,1.0,0.0,0.0,0,0,,,1.0,1.0,False,False,0.0,0.0,0,0,,,,,,,2,False,,131.09103459299286,0.0,0.0,False,,,,False,-0.0475,0.2020128787760184,0.22972519414510578,0.5682619270788761,0.5760611906167766,0.42393880938322337,0.5663228677047755,0.14555090071235507,0.3429328822066045,1,1-1,0.10789163409635627
70,Group Stage,Group L,2026-06-23,Panama,Croatia,巴拿马,克罗地亚,1.070237116177737,1.9281006629668698,1.070237116177737,1.9281006629668698,1.0,1.0,0.0,0.0,1.0,1.0,0.0,0.0,0,0,,,1.0,1.0,False,False,0.0,0.0,0,0,,,,,,,2,False,,131.09103459299286,0.0,0.0,False,,,,False,-0.0475,0.2020128787760184,0.22972519414510578,0.5682619270788761,0.5760611906167766,0.42393880938322337,0.5663228677047755,0.14555090071235507,0.3429328822066045,2,1-2,0.0992963872218441
70,Group Stage,Group L,2026-06-23,Panama,Croatia,巴拿马,克罗地亚,1.070237116177737,1.9281006629668698,1.070237116177737,1.9281006629668698,1.0,1.0,0.0,0.0,1.0,1.0,0.0,0.0,0,0,,,1.0,1.0,False,False,0.0,0.0,0,0,,,,,,,2,False,,131.09103459299286,0.0,0.0,False,,,,False,-0.0475,0.2020128787760184,0.22972519414510578,0.5682619270788761,0.5760611906167766,0.42393880938322337,0.5663228677047755,0.14555090071235507,0.3429328822066045,3,0-2,0.09277980152330437
70,Group Stage,Group L,2026-06-23,Panama,Croatia,巴拿马,克罗地亚,1.070237116177737,1.9281006629668698,1.070237116177737,1.9281006629668698,1.0,1.0,0.0,0.0,1.0,1.0,0.0,0.0,0,0,,,1.0,1.0,False,False,0.0,0.0,0,0,,,,,,,2,False,,131.09103459299286,0.0,0.0,False,,,,False,-0.0475,0.2020128787760184,0.22972519414510578,0.5682619270788761,0.5760611906167766,0.42393880938322337,0.5663228677047755,0.14555090071235507,0.3429328822066045,4,0-1,0.09134712188186202
70,Group Stage,Group L,2026-06-23,Panama,Croatia,巴拿马,克罗地亚,1.070237116177737,1.9281006629668698,1.070237116177737,1.9281006629668698,1.0,1.0,0.0,0.0,1.0,1.0,0.0,0.0,0,0,,,1.0,1.0,False,False,0.0,0.0,0,0,,,,,,,2,False,,131.09103459299286,0.0,0.0,False,,,,False,-0.0475,0.2020128787760184,0.22972519414510578,0.5682619270788761,0.5760611906167766,0.42393880938322337,0.5663228677047755,0.14555090071235507,0.3429328822066045,5,1-3,0.06381781001088421
70,Group Stage,Group L,2026-06-23,Panama,Croatia,巴拿马,克罗地亚,1.070237116177737,1.9281006629668698,1.070237116177737,1.9281006629668698,1.0,1.0,0.0,0.0,1.0,1.0,0.0,0.0,0,0,,,1.0,1.0,False,False,0.0,0.0,0,0,,,,,,,2,False,,131.09103459299286,0.0,0.0,False,,,,False,-0.0475,0.2020128787760184,0.22972519414510578,0.5682619270788761,0.5760611906167766,0.42393880938322337,0.5663228677047755,0.14555090071235507,0.3429328822066045,6,0-3,0.059629598942339254
70,Group Stage,Group L,2026-06-23,Panama,Croatia,巴拿马,克罗地亚,1.070237116177737,1.9281006629668698,1.070237116177737,1.9281006629668698,1.0,1.0,0.0,0.0,1.0,1.0,0.0,0.0,0,0,,,1.0,1.0,False,False,0.0,0.0,0,0,,,,,,,2,False,,131.09103459299286,0.0,0.0,False,,,,False,-0.0475,0.2020128787760184,0.22972519414510578,0.5682619270788761,0.5760611906167766,0.42393880938322337,0.5663228677047755,0.14555090071235507,0.3429328822066045,7,2-1,0.055116769133645785
70,Group Stage,Group L,2026-06-23,Panama,Croatia,巴拿马,克罗地亚,1.070237116177737,1.9281006629668698,1.070237116177737,1.9281006629668698,1.0,1.0,0.0,0.0,1.0,1.0,0.0,0.0,0,0,,,1.0,1.0,False,False,0.0,0.0,0,0,,,,,,,2,False,,131.09103459299286,0.0,0.0,False,,,,False,-0.0475,0.2020128787760184,0.22972519414510578,0.5682619270788761,0.5760611906167766,0.42393880938322337,0.5663228677047755,0.14555090071235507,0.3429328822066045,8,0-0,0.05480665062373488
70,Group Stage,Group L,2026-06-23,Panama,Croatia,巴拿马,克罗地亚,1.070237116177737,1.9281006629668698,1.070237116177737,1.9281006629668698,1.0,1.0,0.0,0.0,1.0,1.0,0.0,0.0,0,0,,,1.0,1.0,False,False,0.0,0.0,0,0,,,,,,,2,False,,131.09103459299286,0.0,0.0,False,,,,False,-0.0475,0.2020128787760184,0.22972519414510578,0.5682619270788761,0.5760611906167766,0.42393880938322337,0.5663228677047755,0.14555090071235507,0.3429328822066045,9,2-2,0.053135339553587166
70,Group Stage,Group L,2026-06-23,Panama,Croatia,巴拿马,克罗地亚,1.070237116177737,1.9281006629668698,1.070237116177737,1.9281006629668698,1.0,1.0,0.0,0.0,1.0,1.0,0.0,0.0,0,0,,,1.0,1.0,False,False,0.0,0.0,0,0,,,,,,,2,False,,131.09103459299286,0.0,0.0,False,,,,False,-0.0475,0.2020128787760184,0.22972519414510578,0.5682619270788761,0.5760611906167766,0.42393880938322337,0.5663228677047755,0.14555090071235507,0.3429328822066045,10,1-0,0.048527557908530805
5,Group Stage,Group A,2026-06-24,Mexico,Czech Republic,墨西哥,捷克,1.858589859315882,1.0422811638217535,1.853022445034916,1.0540730318050588,1.0,1.0,0.0,0.0,0.997004495503373,1.0113135192236113,-0.003,0.01125,1,0,蒙特斯,,1.0,1.0,False,False,0.0,0.0,0,0,,,,,,,3,False,,110.57609106188897,0.0,0.0,False,,,,False,-0.0475,0.5552458678693799,0.2365596803262279,0.20819445180439222,0.5553692981298509,0.4446307018701491,0.554355050220913,0.3485205314324966,0.15686875849800505,1,1-1,0.11185882180156681
5,Group Stage,Group A,2026-06-24,Mexico,Czech Republic,墨西哥,捷克,1.858589859315882,1.0422811638217535,1.853022445034916,1.0540730318050588,1.0,1.0,0.0,0.0,0.997004495503373,1.0113135192236113,-0.003,0.01125,1,0,蒙特斯,,1.0,1.0,False,False,0.0,0.0,0,0,,,,,,,3,False,,110.57609106188897,0.0,0.0,False,,,,False,-0.0475,0.5552458678693799,0.2365596803262279,0.20819445180439222,0.5553692981298509,0.4446307018701491,0.554355050220913,0.3485205314324966,0.15686875849800505,2,2-1,0.09893885798256051
5,Group Stage,Group A,2026-06-24,Mexico,Czech Republic,墨西哥,捷克,1.858589859315882,1.0422811638217535,1.853022445034916,1.0540730318050588,1.0,1.0,0.0,0.0,0.997004495503373,1.0113135192236113,-0.003,0.01125,1,0,蒙特斯,,1.0,1.0,False,False,0.0,0.0,0,0,,,,,,,3,False,,110.57609106188897,0.0,0.0,False,,,,False,-0.0475,0.5552458678693799,0.2365596803262279,0.20819445180439222,0.5553692981298509,0.4446307018701491,0.554355050220913,0.3485205314324966,0.15686875849800505,3,1-0,0.09623605468149493
5,Group Stage,Group A,2026-06-24,Mexico,Czech Republic,墨西哥,捷克,1.858589859315882,1.0422811638217535,1.853022445034916,1.0540730318050588,1.0,1.0,0.0,0.0,0.997004495503373,1.0113135192236113,-0.003,0.01125,1,0,蒙特斯,,1.0,1.0,False,False,0.0,0.0,0,0,,,,,,,3,False,,110.57609106188897,0.0,0.0,False,,,,False,-0.0475,0.5552458678693799,0.2365596803262279,0.20819445180439222,0.5553692981298509,0.4446307018701491,0.554355050220913,0.3485205314324966,0.15686875849800505,4,2-0,0.09386338042738043
5,Group Stage,Group A,2026-06-24,Mexico,Czech Republic,墨西哥,捷克,1.858589859315882,1.0422811638217535,1.853022445034916,1.0540730318050588,1.0,1.0,0.0,0.0,0.997004495503373,1.0113135192236113,-0.003,0.01125,1,0,蒙特斯,,1.0,1.0,False,False,0.0,0.0,0,0,,,,,,,3,False,,110.57609106188897,0.0,0.0,False,,,,False,-0.0475,0.5552458678693799,0.2365596803262279,0.20819445180439222,0.5553692981298509,0.4446307018701491,0.554355050220913,0.3485205314324966,0.15686875849800505,5,3-1,0.0611119748426022
5,Group Stage,Group A,2026-06-24,Mexico,Czech Republic,墨西哥,捷克,1.858589859315882,1.0422811638217535,1.853022445034916,1.0540730318050588,1.0,1.0,0.0,0.0,0.997004495503373,1.0113135192236113,-0.003,0.01125,1,0,蒙特斯,,1.0,1.0,False,False,0.0,0.0,0,0,,,,,,,3,False,,110.57609106188897,0.0,0.0,False,,,,False,-0.0475,0.5552458678693799,0.2365596803262279,0.20819445180439222,0.5553692981298509,0.4446307018701491,0.554355050220913,0.3485205314324966,0.15686875849800505,6,0-0,0.05974434015141474
5,Group Stage,Group A,2026-06-24,Mexico,Czech Republic,墨西哥,捷克,1.858589859315882,1.0422811638217535,1.853022445034916,1.0540730318050588,1.0,1.0,0.0,0.0,0.997004495503373,1.0113135192236113,-0.003,0.01125,1,0,蒙特斯,,1.0,1.0,False,False,0.0,0.0,0,0,,,,,,,3,False,,110.57609106188897,0.0,0.0,False,,,,False,-0.0475,0.5552458678693799,0.2365596803262279,0.20819445180439222,0.5553692981298509,0.4446307018701491,0.554355050220913,0.3485205314324966,0.15686875849800505,7,3-0,0.057976983566262325
5,Group Stage,Group A,2026-06-24,Mexico,Czech Republic,墨西哥,捷克,1.858589859315882,1.0422811638217535,1.853022445034916,1.0540730318050588,1.0,1.0,0.0,0.0,0.997004495503373,1.0113135192236113,-0.003,0.01125,1,0,蒙特斯,,1.0,1.0,False,False,0.0,0.0,0,0,,,,,,,3,False,,110.57609106188897,0.0,0.0,False,,,,False,-0.0475,0.5552458678693799,0.2365596803262279,0.20819445180439222,0.5553692981298509,0.4446307018701491,0.554355050220913,0.3485205314324966,0.15686875849800505,8,1-2,0.056280366315283686
5,Group Stage,Group A,2026-06-24,Mexico,Czech Republic,墨西哥,捷克,1.858589859315882,1.0422811638217535,1.853022445034916,1.0540730318050588,1.0,1.0,0.0,0.0,0.997004495503373,1.0113135192236113,-0.003,0.01125,1,0,蒙特斯,,1.0,1.0,False,False,0.0,0.0,0,0,,,,,,,3,False,,110.57609106188897,0.0,0.0,False,,,,False,-0.0475,0.5552458678693799,0.2365596803262279,0.20819445180439222,0.5553692981298509,0.4446307018701491,0.554355050220913,0.3485205314324966,0.15686875849800505,9,0-1,0.052555905882108435
5,Group Stage,Group A,2026-06-24,Mexico,Czech Republic,墨西哥,捷克,1.858589859315882,1.0422811638217535,1.853022445034916,1.0540730318050588,1.0,1.0,0.0,0.0,0.997004495503373,1.0113135192236113,-0.003,0.01125,1,0,蒙特斯,,1.0,1.0,False,False,0.0,0.0,0,0,,,,,,,3,False,,110.57609106188897,0.0,0.0,False,,,,False,-0.0475,0.5552458678693799,0.2365596803262279,0.20819445180439222,0.5553692981298509,0.4446307018701491,0.554355050220913,0.3485205314324966,0.15686875849800505,10,2-2,0.052144390998503855
6,Group Stage,Group A,2026-06-24,South Korea,South Africa,韩国,南非,1.8927289464299506,0.7995604172441025,1.9098403929550751,0.7876565134611719,1.0,1.0,0.0,0.0,1.0090406217738679,0.9851119396030626,0.009000000000000001,-0.015,0,2,,兹瓦内、西索尔,1.0,1.0,False,False,0.0,0.0,0,0,,,,,,,3,False,,165.4876853720482,0.0,0.0,False,,,,False,-0.0475,0.633549104825976,0.2236592095447622,0.14279168562926178,0.5053556746672636,0.4946443253327364,0.4691114538691852,0.45491045422622195,0.1482255544744097,1,1-0,0.123961196283612
6,Group Stage,Group A,2026-06-24,South Korea,South Africa,韩国,南非,1.8927289464299506,0.7995604172441025,1.9098403929550751,0.7876565134611719,1.0,1.0,0.0,0.0,1.0090406217738679,0.9851119396030626,0.009000000000000001,-0.015,0,2,,兹瓦内、西索尔,1.0,1.0,False,False,0.0,0.0,0,0,,,,,,,3,False,,165.4876853720482,0.0,0.0,False,,,,False,-0.0475,0.633549104825976,0.2236592095447622,0.14279168562926178,0.5053556746672636,0.4946443253327364,0.4691114538691852,0.45491045422622195,0.1482255544744097,2,2-0,0.12297395879313969
6,Group Stage,Group A,2026-06-24,South Korea,South Africa,韩国,南非,1.8927289464299506,0.7995604172441025,1.9098403929550751,0.7876565134611719,1.0,1.0,0.0,0.0,1.0090406217738679,0.9851119396030626,0.009000000000000001,-0.015,0,2,,兹瓦内、西索尔,1.0,1.0,False,False,0.0,0.0,0,0,,,,,,,3,False,,165.4876853720482,0.0,0.0,False,,,,False,-0.0475,0.633549104825976,0.2236592095447622,0.14279168562926178,0.5053556746672636,0.4946443253327364,0.4691114538691852,0.45491045422622195,0.1482255544744097,3,1-1,0.10625196627549938
6,Group Stage,Group A,2026-06-24,South Korea,South Africa,韩国,南非,1.8927289464299506,0.7995604172441025,1.9098403929550751,0.7876565134611719,1.0,1.0,0.0,0.0,1.0090406217738679,0.9851119396030626,0.009000000000000001,-0.015,0,2,,兹瓦内、西索尔,1.0,1.0,False,False,0.0,0.0,0,0,,,,,,,3,False,,165.4876853720482,0.0,0.0,False,,,,False,-0.0475,0.633549104825976,0.2236592095447622,0.14279168562926178,0.5053556746672636,0.4946443253327364,0.4691114538691852,0.45491045422622195,0.1482255544744097,4,2-1,0.09686123962952224
6,Group Stage,Group A,2026-06-24,South Korea,South Africa,韩国,南非,1.8927289464299506,0.7995604172441025,1.9098403929550751,0.7876565134611719,1.0,1.0,0.0,0.0,1.0090406217738679,0.9851119396030626,0.009000000000000001,-0.015,0,2,,兹瓦内、西索尔,1.0,1.0,False,False,0.0,0.0,0,0,,,,,,,3,False,,165.4876853720482,0.0,0.0,False,,,,False,-0.0475,0.633549104825976,0.2236592095447622,0.14279168562926178,0.5053556746672636,0.4946443253327364,0.4691114538691852,0.45491045422622195,0.1482255544744097,5,3-0,0.07828687792824371
6,Group Stage,Group A,2026-06-24,South Korea,South Africa,韩国,南非,1.8927289464299506,0.7995604172441025,1.9098403929550751,0.7876565134611719,1.0,1.0,0.0,0.0,1.0090406217738679,0.9851119396030626,0.009000000000000001,-0.015,0,2,,兹瓦内、西索尔,1.0,1.0,False,False,0.0,0.0,0,0,,,,,,,3,False,,165.4876853720482,0.0,0.0,False,,,,False,-0.0475,0.633549104825976,0.2236592095447622,0.14279168562926178,0.5053556746672636,0.4946443253327364,0.4691114538691852,0.45491045422622195,0.1482255544744097,6,0-0,0.07224746256981689
6,Group Stage,Group A,2026-06-24,South Korea,South Africa,韩国,南非,1.8927289464299506,0.7995604172441025,1.9098403929550751,0.7876565134611719,1.0,1.0,0.0,0.0,1.0090406217738679,0.9851119396030626,0.009000000000000001,-0.015,0,2,,兹瓦内、西索尔,1.0,1.0,False,False,0.0,0.0,0,0,,,,,,,3,False,,165.4876853720482,0.0,0.0,False,,,,False,-0.0475,0.633549104825976,0.2236592095447622,0.14279168562926178,0.5053556746672636,0.4946443253327364,0.4691114538691852,0.45491045422622195,0.1482255544744097,7,3-1,0.06166316931872082
6,Group Stage,Group A,2026-06-24,South Korea,South Africa,韩国,南非,1.8927289464299506,0.7995604172441025,1.9098403929550751,0.7876565134611719,1.0,1.0,0.0,0.0,1.0090406217738679,0.9851119396030626,0.009000000000000001,-0.015,0,2,,兹瓦内、西索尔,1.0,1.0,False,False,0.0,0.0,0,0,,,,,,,3,False,,165.4876853720482,0.0,0.0,False,,,,False,-0.0475,0.633549104825976,0.2236592095447622,0.14279168562926178,0.5053556746672636,0.4946443253327364,0.4691114538691852,0.45491045422622195,0.1482255544744097,8,0-1,0.048293061867884964
6,Group Stage,Group A,2026-06-24,South Korea,South Africa,韩国,南非,1.8927289464299506,0.7995604172441025,1.9098403929550751,0.7876565134611719,1.0,1.0,0.0,0.0,1.0090406217738679,0.9851119396030626,0.009000000000000001,-0.015,0,2,,兹瓦内、西索尔,1.0,1.0,False,False,0.0,0.0,0,0,,,,,,,3,False,,165.4876853720482,0.0,0.0,False,,,,False,-0.0475,0.633549104825976,0.2236592095447622,0.14279168562926178,0.5053556746672636,0.4946443253327364,0.4691114538691852,0.45491045422622195,0.1482255544744097,9,1-2,0.03994751947730493
6,Group Stage,Group A,2026-06-24,South Korea,South Africa,韩国,南非,1.8927289464299506,0.7995604172441025,1.9098403929550751,0.7876565134611719,1.0,1.0,0.0,0.0,1.0090406217738679,0.9851119396030626,0.009000000000000001,-0.015,0,2,,兹瓦内、西索尔,1.0,1.0,False,False,0.0,0.0,0,0,,,,,,,3,False,,165.4876853720482,0.0,0.0,False,,,,False,-0.0475,0.633549104825976,0.2236592095447622,0.14279168562926178,0.5053556746672636,0.4946443253327364,0.4691114538691852,0.45491045422622195,0.1482255544744097,10,2-2,0.03814669314805828
11,Group Stage,Group B,2026-06-24,Canada,Switzerland,加拿大,瑞士,1.2722452047810027,1.3497434088003737,1.2722452047810027,1.3497434088003737,1.0,1.0,0.0,0.0,1.0,1.0,0.0,0.0,0,0,,,1.0,1.0,False,False,0.0,0.0,0,0,,,,,,,3,False,,35.866977573317854,0.0,0.0,False,,,,False,-0.0475,0.3447872956290844,0.2742776788414675,0.3809350255294482,0.48700538297042817,0.5129946170295718,0.5390499755225899,0.25932833830509766,0.2802173318271829,1,1-1,0.13071367963496988
11,Group Stage,Group B,2026-06-24,Canada,Switzerland,加拿大,瑞士,1.2722452047810027,1.3497434088003737,1.2722452047810027,1.3497434088003737,1.0,1.0,0.0,0.0,1.0,1.0,0.0,0.0,0,0,,,1.0,1.0,False,False,0.0,0.0,0,0,,,,,,,3,False,,35.866977573317854,0.0,0.0,False,,,,False,-0.0475,0.3447872956290844,0.2742776788414675,0.3809350255294482,0.48700538297042817,0.5129946170295718,0.5390499755225899,0.25932833830509766,0.2802173318271829,2,0-1,0.09215620161365798
11,Group Stage,Group B,2026-06-24,Canada,Switzerland,加拿大,瑞士,1.2722452047810027,1.3497434088003737,1.2722452047810027,1.3497434088003737,1.0,1.0,0.0,0.0,1.0,1.0,0.0,0.0,0,0,,,1.0,1.0,False,False,0.0,0.0,0,0,,,,,,,3,False,,35.866977573317854,0.0,0.0,False,,,,False,-0.0475,0.3447872956290844,0.2742776788414675,0.3809350255294482,0.48700538297042817,0.5129946170295718,0.5390499755225899,0.25932833830509766,0.2802173318271829,3,1-0,0.08652453925991324
11,Group Stage,Group B,2026-06-24,Canada,Switzerland,加拿大,瑞士,1.2722452047810027,1.3497434088003737,1.2722452047810027,1.3497434088003737,1.0,1.0,0.0,0.0,1.0,1.0,0.0,0.0,0,0,,,1.0,1.0,False,False,0.0,0.0,0,0,,,,,,,3,False,,35.866977573317854,0.0,0.0,False,,,,False,-0.0475,0.3447872956290844,0.2742776788414675,0.3809350255294482,0.48700538297042817,0.5129946170295718,0.5390499755225899,0.25932833830509766,0.2802173318271829,4,1-2,0.08421476254288508
11,Group Stage,Group B,2026-06-24,Canada,Switzerland,加拿大,瑞士,1.2722452047810027,1.3497434088003737,1.2722452047810027,1.3497434088003737,1.0,1.0,0.0,0.0,1.0,1.0,0.0,0.0,0,0,,,1.0,1.0,False,False,0.0,0.0,0,0,,,,,,,3,False,,35.866977573317854,0.0,0.0,False,,,,False,-0.0475,0.3447872956290844,0.2742776788414675,0.3809350255294482,0.48700538297042817,0.5129946170295718,0.5390499755225899,0.25932833830509766,0.2802173318271829,5,2-1,0.07937940435077358
11,Group Stage,Group B,2026-06-24,Canada,Switzerland,加拿大,瑞士,1.2722452047810027,1.3497434088003737,1.2722452047810027,1.3497434088003737,1.0,1.0,0.0,0.0,1.0,1.0,0.0,0.0,0,0,,,1.0,1.0,False,False,0.0,0.0,0,0,,,,,,,3,False,,35.866977573317854,0.0,0.0,False,,,,False,-0.0475,0.3447872956290844,0.2742776788414675,0.3809350255294482,0.48700538297042817,0.5129946170295718,0.5390499755225899,0.25932833830509766,0.2802173318271829,6,0-0,0.07859564565487022
11,Group Stage,Group B,2026-06-24,Canada,Switzerland,加拿大,瑞士,1.2722452047810027,1.3497434088003737,1.2722452047810027,1.3497434088003737,1.0,1.0,0.0,0.0,1.0,1.0,0.0,0.0,0,0,,,1.0,1.0,False,False,0.0,0.0,0,0,,,,,,,3,False,,35.866977573317854,0.0,0.0,False,,,,False,-0.0475,0.3447872956290844,0.2742776788414675,0.3809350255294482,0.48700538297042817,0.5129946170295718,0.5390499755225899,0.25932833830509766,0.2802173318271829,7,0-2,0.06619381407484365
11,Group Stage,Group B,2026-06-24,Canada,Switzerland,加拿大,瑞士,1.2722452047810027,1.3497434088003737,1.2722452047810027,1.3497434088003737,1.0,1.0,0.0,0.0,1.0,1.0,0.0,0.0,0,0,,,1.0,1.0,False,False,0.0,0.0,0,0,,,,,,,3,False,,35.866977573317854,0.0,0.0,False,,,,False,-0.0475,0.3447872956290844,0.2742776788414675,0.3809350255294482,0.48700538297042817,0.5129946170295718,0.5390499755225899,0.25932833830509766,0.2802173318271829,8,2-0,0.05881073679131686
11,Group Stage,Group B,2026-06-24,Canada,Switzerland,加拿大,瑞士,1.2722452047810027,1.3497434088003737,1.2722452047810027,1.3497434088003737,1.0,1.0,0.0,0.0,1.0,1.0,0.0,0.0,0,0,,,1.0,1.0,False,False,0.0,0.0,0,0,,,,,,,3,False,,35.866977573317854,0.0,0.0,False,,,,False,-0.0475,0.3447872956290844,0.2742776788414675,0.3809350255294482,0.48700538297042817,0.5129946170295718,0.5390499755225899,0.25932833830509766,0.2802173318271829,9,2-2,0.053570913908478165
11,Group Stage,Group B,2026-06-24,Canada,Switzerland,加拿大,瑞士,1.2722452047810027,1.3497434088003737,1.2722452047810027,1.3497434088003737,1.0,1.0,0.0,0.0,1.0,1.0,0.0,0.0,0,0,,,1.0,1.0,False,False,0.0,0.0,0,0,,,,,,,3,False,,35.866977573317854,0.0,0.0,False,,,,False,-0.0475,0.3447872956290844,0.2742776788414675,0.3809350255294482,0.48700538297042817,0.5129946170295718,0.5390499755225899,0.25932833830509766,0.2802173318271829,10,1-3,0.037889440221982575
12,Group Stage,Group B,2026-06-24,Qatar,Bosnia and Herzegovina,卡塔尔,波黑,1.2108103332585392,1.290872626384926,1.2108103332585392,1.290872626384926,1.0,1.0,0.0,0.0,1.0,1.0,0.0,0.0,0,0,,,1.0,1.0,False,False,0.0,0.0,0,0,,,,,,,3,False,,20.86995409382689,0.0,0.0,False,,,,False,-0.0475,0.34000410764201844,0.2818714282785023,0.37812446407947914,0.4565638522199117,0.5434361477800883,0.5150247930007698,0.27504752269702337,0.2979674646557148,1,1-1,0.13418072221123395
12,Group Stage,Group B,2026-06-24,Qatar,Bosnia and Herzegovina,卡塔尔,波黑,1.2108103332585392,1.290872626384926,1.2108103332585392,1.290872626384926,1.0,1.0,0.0,0.0,1.0,1.0,0.0,0.0,0,0,,,1.0,1.0,False,False,0.0,0.0,0,0,,,,,,,3,False,,20.86995409382689,0.0,0.0,False,,,,False,-0.0475,0.34000410764201844,0.2818714282785023,0.37812446407947914,0.4565638522199117,0.5434361477800883,0.5150247930007698,0.27504752269702337,0.2979674646557148,2,0-1,0.0997091736928522
12,Group Stage,Group B,2026-06-24,Qatar,Bosnia and Herzegovina,卡塔尔,波黑,1.2108103332585392,1.290872626384926,1.2108103332585392,1.290872626384926,1.0,1.0,0.0,0.0,1.0,1.0,0.0,0.0,0,0,,,1.0,1.0,False,False,0.0,0.0,0,0,,,,,,,3,False,,20.86995409382689,0.0,0.0,False,,,,False,-0.0475,0.34000410764201844,0.2818714282785023,0.37812446407947914,0.4565638522199117,0.5434361477800883,0.5150247930007698,0.27504752269702337,0.2979674646557148,3,1-0,0.09314765140658149
12,Group Stage,Group B,2026-06-24,Qatar,Bosnia and Herzegovina,卡塔尔,波黑,1.2108103332585392,1.290872626384926,1.2108103332585392,1.290872626384926,1.0,1.0,0.0,0.0,1.0,1.0,0.0,0.0,0,0,,,1.0,1.0,False,False,0.0,0.0,0,0,,,,,,,3,False,,20.86995409382689,0.0,0.0,False,,,,False,-0.0475,0.34000410764201844,0.2818714282785023,0.37812446407947914,0.4565638522199117,0.5434361477800883,0.5150247930007698,0.27504752269702337,0.2979674646557148,4,0-0,0.0880397803535079
12,Group Stage,Group B,2026-06-24,Qatar,Bosnia and Herzegovina,卡塔尔,波黑,1.2108103332585392,1.290872626384926,1.2108103332585392,1.290872626384926,1.0,1.0,0.0,0.0,1.0,1.0,0.0,0.0,0,0,,,1.0,1.0,False,False,0.0,0.0,0,0,,,,,,,3,False,,20.86995409382689,0.0,0.0,False,,,,False,-0.0475,0.34000410764201844,0.2818714282785023,0.37812446407947914,0.4565638522199117,0.5434361477800883,0.5150247930007698,0.27504752269702337,0.2979674646557148,5,1-2,0.08267790992412492
12,Group Stage,Group B,2026-06-24,Qatar,Bosnia and Herzegovina,卡塔尔,波黑,1.2108103332585392,1.290872626384926,1.2108103332585392,1.290872626384926,1.0,1.0,0.0,0.0,1.0,1.0,0.0,0.0,0,0,,,1.0,1.0,False,False,0.0,0.0,0,0,,,,,,,3,False,,20.86995409382689,0.0,0.0,False,,,,False,-0.0475,0.34000410764201844,0.2818714282785023,0.37812446407947914,0.4565638522199117,0.5434361477800883,0.5150247930007698,0.27504752269702337,0.2979674646557148,6,2-1,0.07755007397491916
12,Group Stage,Group B,2026-06-24,Qatar,Bosnia and Herzegovina,卡塔尔,波黑,1.2108103332585392,1.290872626384926,1.2108103332585392,1.290872626384926,1.0,1.0,0.0,0.0,1.0,1.0,0.0,0.0,0,0,,,1.0,1.0,False,False,0.0,0.0,0,0,,,,,,,3,False,,20.86995409382689,0.0,0.0,False,,,,False,-0.0475,0.34000410764201844,0.2818714282785023,0.37812446407947914,0.4565638522199117,0.5434361477800883,0.5150247930007698,0.27504752269702337,0.2979674646557148,7,0-2,0.06828312218117738
12,Group Stage,Group B,2026-06-24,Qatar,Bosnia and Herzegovina,卡塔尔,波黑,1.2108103332585392,1.290872626384926,1.2108103332585392,1.290872626384926,1.0,1.0,0.0,0.0,1.0,1.0,0.0,0.0,0,0,,,1.0,1.0,False,False,0.0,0.0,0,0,,,,,,,3,False,,20.86995409382689,0.0,0.0,False,,,,False,-0.0475,0.34000410764201844,0.2818714282785023,0.37812446407947914,0.4565638522199117,0.5434361477800883,0.5150247930007698,0.27504752269702337,0.2979674646557148,8,2-0,0.06007569793473524
12,Group Stage,Group B,2026-06-24,Qatar,Bosnia and Herzegovina,卡塔尔,波黑,1.2108103332585392,1.290872626384926,1.2108103332585392,1.290872626384926,1.0,1.0,0.0,0.0,1.0,1.0,0.0,0.0,0,0,,,1.0,1.0,False,False,0.0,0.0,0,0,,,,,,,3,False,,20.86995409382689,0.0,0.0,False,,,,False,-0.0475,0.34000410764201844,0.2818714282785023,0.37812446407947914,0.4565638522199117,0.5434361477800883,0.5150247930007698,0.27504752269702337,0.2979674646557148,9,2-2,0.05005363383417459
12,Group Stage,Group B,2026-06-24,Qatar,Bosnia and Herzegovina,卡塔尔,波黑,1.2108103332585392,1.290872626384926,1.2108103332585392,1.290872626384926,1.0,1.0,0.0,0.0,1.0,1.0,0.0,0.0,0,0,,,1.0,1.0,False,False,0.0,0.0,0,0,,,,,,,3,False,,20.86995409382689,0.0,0.0,False,,,,False,-0.0475,0.34000410764201844,0.2818714282785023,0.37812446407947914,0.4565638522199117,0.5434361477800883,0.5150247930007698,0.27504752269702337,0.2979674646557148,10,1-3,0.035575550242590494
17,Group Stage,Group C,2026-06-24,Scotland,Brazil,苏格兰,巴西,0.8322782420693339,2.425646517653497,0.8322782420693339,2.425646517653497,1.0,1.0,0.0,0.0,1.0,1.0,0.0,0.0,0,0,,,1.0,1.0,False,True,0.0,0.0,0,0,,,,,,,3,False,,235.408266624529,0.0,0.0,False,,,,False,-0.0475,0.10612884444383514,0.17331391439678281,0.720557241159382,0.6307397119391711,0.3692602880608289,0.518512911994838,0.08873644632770375,0.43505818094243165,1,0-2,0.11357281797924142
17,Group Stage,Group C,2026-06-24,Scotland,Brazil,苏格兰,巴西,0.8322782420693339,2.425646517653497,0.8322782420693339,2.425646517653497,1.0,1.0,0.0,0.0,1.0,1.0,0.0,0.0,0,0,,,1.0,1.0,False,True,0.0,0.0,0,0,,,,,,,3,False,,235.408266624529,0.0,0.0,False,,,,False,-0.0475,0.10612884444383514,0.17331391439678281,0.720557241159382,0.6307397119391711,0.3692602880608289,0.518512911994838,0.08873644632770375,0.43505818094243165,2,1-2,0.09452418529462348
17,Group Stage,Group C,2026-06-24,Scotland,Brazil,苏格兰,巴西,0.8322782420693339,2.425646517653497,0.8322782420693339,2.425646517653497,1.0,1.0,0.0,0.0,1.0,1.0,0.0,0.0,0,0,,,1.0,1.0,False,True,0.0,0.0,0,0,,,,,,,3,False,,235.408266624529,0.0,0.0,False,,,,False,-0.0475,0.10612884444383514,0.17331391439678281,0.720557241159382,0.6307397119391711,0.3692602880608289,0.518512911994838,0.08873644632770375,0.43505818094243165,3,0-3,0.09182917014381378
17,Group Stage,Group C,2026-06-24,Scotland,Brazil,苏格兰,巴西,0.8322782420693339,2.425646517653497,0.8322782420693339,2.425646517653497,1.0,1.0,0.0,0.0,1.0,1.0,0.0,0.0,0,0,,,1.0,1.0,False,True,0.0,0.0,0,0,,,,,,,3,False,,235.408266624529,0.0,0.0,False,,,,False,-0.0475,0.10612884444383514,0.17331391439678281,0.720557241159382,0.6307397119391711,0.3692602880608289,0.518512911994838,0.08873644632770375,0.43505818094243165,4,0-1,0.08994131534323524
17,Group Stage,Group C,2026-06-24,Scotland,Brazil,苏格兰,巴西,0.8322782420693339,2.425646517653497,0.8322782420693339,2.425646517653497,1.0,1.0,0.0,0.0,1.0,1.0,0.0,0.0,0,0,,,1.0,1.0,False,True,0.0,0.0,0,0,,,,,,,3,False,,235.408266624529,0.0,0.0,False,,,,False,-0.0475,0.10612884444383514,0.17331391439678281,0.720557241159382,0.6307397119391711,0.3692602880608289,0.518512911994838,0.08873644632770375,0.43505818094243165,5,1-1,0.08163933481280823
17,Group Stage,Group C,2026-06-24,Scotland,Brazil,苏格兰,巴西,0.8322782420693339,2.425646517653497,0.8322782420693339,2.425646517653497,1.0,1.0,0.0,0.0,1.0,1.0,0.0,0.0,0,0,,,1.0,1.0,False,True,0.0,0.0,0,0,,,,,,,3,False,,235.408266624529,0.0,0.0,False,,,,False,-0.0475,0.10612884444383514,0.17331391439678281,0.720557241159382,0.6307397119391711,0.3692602880608289,0.518512911994838,0.08873644632770375,0.43505818094243165,6,1-3,0.0764274202979791
17,Group Stage,Group C,2026-06-24,Scotland,Brazil,苏格兰,巴西,0.8322782420693339,2.425646517653497,0.8322782420693339,2.425646517653497,1.0,1.0,0.0,0.0,1.0,1.0,0.0,0.0,0,0,,,1.0,1.0,False,True,0.0,0.0,0,0,,,,,,,3,False,,235.408266624529,0.0,0.0,False,,,,False,-0.0475,0.10612884444383514,0.17331391439678281,0.720557241159382,0.6307397119391711,0.3692602880608289,0.518512911994838,0.08873644632770375,0.43505818094243165,7,0-4,0.05568627669458811
17,Group Stage,Group C,2026-06-24,Scotland,Brazil,苏格兰,巴西,0.8322782420693339,2.425646517653497,0.8322782420693339,2.425646517653497,1.0,1.0,0.0,0.0,1.0,1.0,0.0,0.0,0,0,,,1.0,1.0,False,True,0.0,0.0,0,0,,,,,,,3,False,,235.408266624529,0.0,0.0,False,,,,False,-0.0475,0.10612884444383514,0.17331391439678281,0.720557241159382,0.6307397119391711,0.3692602880608289,0.518512911994838,0.08873644632770375,0.43505818094243165,8,1-4,0.04634647647475831
17,Group Stage,Group C,2026-06-24,Scotland,Brazil,苏格兰,巴西,0.8322782420693339,2.425646517653497,0.8322782420693339,2.425646517653497,1.0,1.0,0.0,0.0,1.0,1.0,0.0,0.0,0,0,,,1.0,1.0,False,True,0.0,0.0,0,0,,,,,,,3,False,,235.408266624529,0.0,0.0,False,,,,False,-0.0475,0.10612884444383514,0.17331391439678281,0.720557241159382,0.6307397119391711,0.3692602880608289,0.518512911994838,0.08873644632770375,0.43505818094243165,9,0-0,0.042307539264973416
17,Group Stage,Group C,2026-06-24,Scotland,Brazil,苏格兰,巴西,0.8322782420693339,2.425646517653497,0.8322782420693339,2.425646517653497,1.0,1.0,0.0,0.0,1.0,1.0,0.0,0.0,0,0,,,1.0,1.0,False,True,0.0,0.0,0,0,,,,,,,3,False,,235.408266624529,0.0,0.0,False,,,,False,-0.0475,0.10612884444383514,0.17331391439678281,0.720557241159382,0.6307397119391711,0.3692602880608289,0.518512911994838,0.08873644632770375,0.43505818094243165,10,2-2,0.039335211385022606
18,Group Stage,Group C,2026-06-24,Morocco,Haiti,摩洛哥,海地,2.895496796401509,0.6774328977989788,2.895496796401509,0.6774328977989788,1.0,1.0,0.0,0.0,1.0,1.0,0.0,0.0,0,0,,,1.0,1.0,True,False,0.0,0.0,0,0,,,,,,,3,False,,237.1829459827702,0.0,0.0,False,,,,False,-0.0475,0.8193678036311454,0.12324867782227482,0.05738351854657973,0.6893871074841532,0.3106128925158468,0.4672547949575088,0.5079195073915609,0.05581858014894641,1,2-0,0.1188474478134468
18,Group Stage,Group C,2026-06-24,Morocco,Haiti,摩洛哥,海地,2.895496796401509,0.6774328977989788,2.895496796401509,0.6774328977989788,1.0,1.0,0.0,0.0,1.0,1.0,0.0,0.0,0,0,,,1.0,1.0,True,False,0.0,0.0,0,0,,,,,,,3,False,,237.1829459827702,0.0,0.0,False,,,,False,-0.0475,0.8193678036311454,0.12324867782227482,0.05738351854657973,0.6893871074841532,0.3106128925158468,0.4672547949575088,0.5079195073915609,0.05581858014894641,2,3-0,0.11470746813477689
18,Group Stage,Group C,2026-06-24,Morocco,Haiti,摩洛哥,海地,2.895496796401509,0.6774328977989788,2.895496796401509,0.6774328977989788,1.0,1.0,0.0,0.0,1.0,1.0,0.0,0.0,0,0,,,1.0,1.0,True,False,0.0,0.0,0,0,,,,,,,3,False,,237.1829459827702,0.0,0.0,False,,,,False,-0.0475,0.8193678036311454,0.12324867782227482,0.05738351854657973,0.6893871074841532,0.3106128925158468,0.4672547949575088,0.5079195073915609,0.05581858014894641,3,4-0,0.08303377662689367
18,Group Stage,Group C,2026-06-24,Morocco,Haiti,摩洛哥,海地,2.895496796401509,0.6774328977989788,2.895496796401509,0.6774328977989788,1.0,1.0,0.0,0.0,1.0,1.0,0.0,0.0,0,0,,,1.0,1.0,True,False,0.0,0.0,0,0,,,,,,,3,False,,237.1829459827702,0.0,0.0,False,,,,False,-0.0475,0.8193678036311454,0.12324867782227482,0.05738351854657973,0.6893871074841532,0.3106128925158468,0.4672547949575088,0.5079195073915609,0.05581858014894641,4,2-1,0.08051117096827617
18,Group Stage,Group C,2026-06-24,Morocco,Haiti,摩洛哥,海地,2.895496796401509,0.6774328977989788,2.895496796401509,0.6774328977989788,1.0,1.0,0.0,0.0,1.0,1.0,0.0,0.0,0,0,,,1.0,1.0,True,False,0.0,0.0,0,0,,,,,,,3,False,,237.1829459827702,0.0,0.0,False,,,,False,-0.0475,0.8193678036311454,0.12324867782227482,0.05738351854657973,0.6893871074841532,0.3106128925158468,0.4672547949575088,0.5079195073915609,0.05581858014894641,5,1-0,0.07944969397680092
18,Group Stage,Group C,2026-06-24,Morocco,Haiti,摩洛哥,海地,2.895496796401509,0.6774328977989788,2.895496796401509,0.6774328977989788,1.0,1.0,0.0,0.0,1.0,1.0,0.0,0.0,0,0,,,1.0,1.0,True,False,0.0,0.0,0,0,,,,,,,3,False,,237.1829459827702,0.0,0.0,False,,,,False,-0.0475,0.8193678036311454,0.12324867782227482,0.05738351854657973,0.6893871074841532,0.3106128925158468,0.4672547949575088,0.5079195073915609,0.05581858014894641,6,3-1,0.07770661253772593
18,Group Stage,Group C,2026-06-24,Morocco,Haiti,摩洛哥,海地,2.895496796401509,0.6774328977989788,2.895496796401509,0.6774328977989788,1.0,1.0,0.0,0.0,1.0,1.0,0.0,0.0,0,0,,,1.0,1.0,True,False,0.0,0.0,0,0,,,,,,,3,False,,237.1829459827702,0.0,0.0,False,,,,False,-0.0475,0.8193678036311454,0.12324867782227482,0.05738351854657973,0.6893871074841532,0.3106128925158468,0.4672547949575088,0.5079195073915609,0.05581858014894641,7,1-1,0.05825283709108602
18,Group Stage,Group C,2026-06-24,Morocco,Haiti,摩洛哥,海地,2.895496796401509,0.6774328977989788,2.895496796401509,0.6774328977989788,1.0,1.0,0.0,0.0,1.0,1.0,0.0,0.0,0,0,,,1.0,1.0,True,False,0.0,0.0,0,0,,,,,,,3,False,,237.1829459827702,0.0,0.0,False,,,,False,-0.0475,0.8193678036311454,0.12324867782227482,0.05738351854657973,0.6893871074841532,0.3106128925158468,0.4672547949575088,0.5079195073915609,0.05581858014894641,8,4-1,0.05624981191554968
18,Group Stage,Group C,2026-06-24,Morocco,Haiti,摩洛哥,海地,2.895496796401509,0.6774328977989788,2.895496796401509,0.6774328977989788,1.0,1.0,0.0,0.0,1.0,1.0,0.0,0.0,0,0,,,1.0,1.0,True,False,0.0,0.0,0,0,,,,,,,3,False,,237.1829459827702,0.0,0.0,False,,,,False,-0.0475,0.8193678036311454,0.12324867782227482,0.05738351854657973,0.6893871074841532,0.3106128925158468,0.4672547949575088,0.5079195073915609,0.05581858014894641,9,5-0,0.04808480684325781
18,Group Stage,Group C,2026-06-24,Morocco,Haiti,摩洛哥,海地,2.895496796401509,0.6774328977989788,2.895496796401509,0.6774328977989788,1.0,1.0,0.0,0.0,1.0,1.0,0.0,0.0,0,0,,,1.0,1.0,True,False,0.0,0.0,0,0,,,,,,,3,False,,237.1829459827702,0.0,0.0,False,,,,False,-0.0475,0.8193678036311454,0.12324867782227482,0.05738351854657973,0.6893871074841532,0.3106128925158468,0.4672547949575088,0.5079195073915609,0.05581858014894641,10,5-1,0.03257423003993231
23,Group Stage,Group D,2026-06-25,United States,Turkey,美国,土耳其,1.3965408404819295,1.700630048370431,1.3965408404819295,1.700630048370431,1.0,1.0,0.0,0.0,1.0,1.0,0.0,0.0,0,0,,,1.0,1.0,False,False,0.0,0.0,0,0,,,,,,,3,False,,49.45206126179892,0.0,0.0,False,,,,False,-0.0475,0.3113914979472547,0.2460528566061304,0.44255564544661474,0.5980258150456023,0.40197418495439774,0.6201813228178252,0.1826394476176306,0.24747738898148589,1,1-1,0.11244693727992562
23,Group Stage,Group D,2026-06-25,United States,Turkey,美国,土耳其,1.3965408404819295,1.700630048370431,1.3965408404819295,1.700630048370431,1.0,1.0,0.0,0.0,1.0,1.0,0.0,0.0,0,0,,,1.0,1.0,False,False,0.0,0.0,0,0,,,,,,,3,False,,49.45206126179892,0.0,0.0,False,,,,False,-0.0475,0.3113914979472547,0.2460528566061304,0.44255564544661474,0.5980258150456023,0.40197418495439774,0.6201813228178252,0.1826394476176306,0.24747738898148589,2,1-2,0.09127954195010345
23,Group Stage,Group D,2026-06-25,United States,Turkey,美国,土耳其,1.3965408404819295,1.700630048370431,1.3965408404819295,1.700630048370431,1.0,1.0,0.0,0.0,1.0,1.0,0.0,0.0,0,0,,,1.0,1.0,False,False,0.0,0.0,0,0,,,,,,,3,False,,49.45206126179892,0.0,0.0,False,,,,False,-0.0475,0.3113914979472547,0.2460528566061304,0.44255564544661474,0.5980258150456023,0.40197418495439774,0.6201813228178252,0.1826394476176306,0.24747738898148589,3,2-1,0.07495787126421295
23,Group Stage,Group D,2026-06-25,United States,Turkey,美国,土耳其,1.3965408404819295,1.700630048370431,1.3965408404819295,1.700630048370431,1.0,1.0,0.0,0.0,1.0,1.0,0.0,0.0,0,0,,,1.0,1.0,False,False,0.0,0.0,0,0,,,,,,,3,False,,49.45206126179892,0.0,0.0,False,,,,False,-0.0475,0.3113914979472547,0.2460528566061304,0.44255564544661474,0.5980258150456023,0.40197418495439774,0.6201813228178252,0.1826394476176306,0.24747738898148589,4,0-1,0.07176797900140788
23,Group Stage,Group D,2026-06-25,United States,Turkey,美国,土耳其,1.3965408404819295,1.700630048370431,1.3965408404819295,1.700630048370431,1.0,1.0,0.0,0.0,1.0,1.0,0.0,0.0,0,0,,,1.0,1.0,False,False,0.0,0.0,0,0,,,,,,,3,False,,49.45206126179892,0.0,0.0,False,,,,False,-0.0475,0.3113914979472547,0.2460528566061304,0.44255564544661474,0.5980258150456023,0.40197418495439774,0.6201813228178252,0.1826394476176306,0.24747738898148589,5,0-2,0.0653611690429361
23,Group Stage,Group D,2026-06-25,United States,Turkey,美国,土耳其,1.3965408404819295,1.700630048370431,1.3965408404819295,1.700630048370431,1.0,1.0,0.0,0.0,1.0,1.0,0.0,0.0,0,0,,,1.0,1.0,False,False,0.0,0.0,0,0,,,,,,,3,False,,49.45206126179892,0.0,0.0,False,,,,False,-0.0475,0.3113914979472547,0.2460528566061304,0.44255564544661474,0.5980258150456023,0.40197418495439774,0.6201813228178252,0.1826394476176306,0.24747738898148589,6,2-2,0.0637378041169015
23,Group Stage,Group D,2026-06-25,United States,Turkey,美国,土耳其,1.3965408404819295,1.700630048370431,1.3965408404819295,1.700630048370431,1.0,1.0,0.0,0.0,1.0,1.0,0.0,0.0,0,0,,,1.0,1.0,False,False,0.0,0.0,0,0,,,,,,,3,False,,49.45206126179892,0.0,0.0,False,,,,False,-0.0475,0.3113914979472547,0.2460528566061304,0.44255564544661474,0.5980258150456023,0.40197418495439774,0.6201813228178252,0.1826394476176306,0.24747738898148589,7,1-0,0.05802341026122006
23,Group Stage,Group D,2026-06-25,United States,Turkey,美国,土耳其,1.3965408404819295,1.700630048370431,1.3965408404819295,1.700630048370431,1.0,1.0,0.0,0.0,1.0,1.0,0.0,0.0,0,0,,,1.0,1.0,False,False,0.0,0.0,0,0,,,,,,,3,False,,49.45206126179892,0.0,0.0,False,,,,False,-0.0475,0.3113914979472547,0.2460528566061304,0.44255564544661474,0.5980258150456023,0.40197418495439774,0.6201813228178252,0.1826394476176306,0.24747738898148589,8,1-3,0.051744243947278404
23,Group Stage,Group D,2026-06-25,United States,Turkey,美国,土耳其,1.3965408404819295,1.700630048370431,1.3965408404819295,1.700630048370431,1.0,1.0,0.0,0.0,1.0,1.0,0.0,0.0,0,0,,,1.0,1.0,False,False,0.0,0.0,0,0,,,,,,,3,False,,49.45206126179892,0.0,0.0,False,,,,False,-0.0475,0.3113914979472547,0.2460528566061304,0.44255564544661474,0.5980258150456023,0.40197418495439774,0.6201813228178252,0.1826394476176306,0.24747738898148589,9,0-0,0.05029815941694183
23,Group Stage,Group D,2026-06-25,United States,Turkey,美国,土耳其,1.3965408404819295,1.700630048370431,1.3965408404819295,1.700630048370431,1.0,1.0,0.0,0.0,1.0,1.0,0.0,0.0,0,0,,,1.0,1.0,False,False,0.0,0.0,0,0,,,,,,,3,False,,49.45206126179892,0.0,0.0,False,,,,False,-0.0475,0.3113914979472547,0.2460528566061304,0.44255564544661474,0.5980258150456023,0.40197418495439774,0.6201813228178252,0.1826394476176306,0.24747738898148589,10,2-0,0.04407652995196615
24,Group Stage,Group D,2026-06-25,Paraguay,Australia,巴拉圭,澳大利亚,1.2365962617175943,1.2529809886956544,1.2365962617175943,1.2529809886956544,1.0,1.0,0.0,0.0,1.0,1.0,0.0,0.0,0,0,,,1.0,1.0,False,False,0.0,0.0,0,0,,,,,,,3,False,,19.551006423420404,0.0,0.0,False,,,,False,-0.0475,0.35462236940945335,0.2829353250290266,0.3624423055615199,0.4534583633380464,0.5465416366619535,0.5130077514297755,0.28566624955315395,0.29038410886169685,1,1-1,0.13463507656302115
24,Group Stage,Group D,2026-06-25,Paraguay,Australia,巴拉圭,澳大利亚,1.2365962617175943,1.2529809886956544,1.2365962617175943,1.2529809886956544,1.0,1.0,0.0,0.0,1.0,1.0,0.0,0.0,0,0,,,1.0,1.0,False,False,0.0,0.0,0,0,,,,,,,3,False,,19.551006423420404,0.0,0.0,False,,,,False,-0.0475,0.35462236940945335,0.2829353250290266,0.3624423055615199,0.4534583633380464,0.5465416366619535,0.5130077514297755,0.28566624955315395,0.29038410886169685,2,0-1,0.09783328537352352
24,Group Stage,Group D,2026-06-25,Paraguay,Australia,巴拉圭,澳大利亚,1.2365962617175943,1.2529809886956544,1.2365962617175943,1.2529809886956544,1.0,1.0,0.0,0.0,1.0,1.0,0.0,0.0,0,0,,,1.0,1.0,False,False,0.0,0.0,0,0,,,,,,,3,False,,19.551006423420404,0.0,0.0,False,,,,False,-0.0475,0.35462236940945335,0.2829353250290266,0.3624423055615199,0.4534583633380464,0.5465416366619535,0.5130077514297755,0.28566624955315395,0.29038410886169685,3,1-0,0.09647412411092852
24,Group Stage,Group D,2026-06-25,Paraguay,Australia,巴拉圭,澳大利亚,1.2365962617175943,1.2529809886956544,1.2365962617175943,1.2529809886956544,1.0,1.0,0.0,0.0,1.0,1.0,0.0,0.0,0,0,,,1.0,1.0,False,False,0.0,0.0,0,0,,,,,,,3,False,,19.551006423420404,0.0,0.0,False,,,,False,-0.0475,0.35462236940945335,0.2829353250290266,0.3624423055615199,0.4534583633380464,0.5465416366619535,0.5130077514297755,0.28566624955315395,0.29038410886169685,4,0-0,0.08905810984462638
24,Group Stage,Group D,2026-06-25,Paraguay,Australia,巴拉圭,澳大利亚,1.2365962617175943,1.2529809886956544,1.2365962617175943,1.2529809886956544,1.0,1.0,0.0,0.0,1.0,1.0,0.0,0.0,0,0,,,1.0,1.0,False,False,0.0,0.0,0,0,,,,,,,3,False,,19.551006423420404,0.0,0.0,False,,,,False,-0.0475,0.35462236940945335,0.2829353250290266,0.3624423055615199,0.4534583633380464,0.5465416366619535,0.5130077514297755,0.28566624955315395,0.29038410886169685,5,1-2,0.08052276436517868
24,Group Stage,Group D,2026-06-25,Paraguay,Australia,巴拉圭,澳大利亚,1.2365962617175943,1.2529809886956544,1.2365962617175943,1.2529809886956544,1.0,1.0,0.0,0.0,1.0,1.0,0.0,0.0,0,0,,,1.0,1.0,False,False,0.0,0.0,0,0,,,,,,,3,False,,19.551006423420404,0.0,0.0,False,,,,False,-0.0475,0.35462236940945335,0.2829353250290266,0.3624423055615199,0.4534583633380464,0.5465416366619535,0.5130077514297755,0.28566624955315395,0.29038410886169685,6,2-1,0.07946980065579667
24,Group Stage,Group D,2026-06-25,Paraguay,Australia,巴拉圭,澳大利亚,1.2365962617175943,1.2529809886956544,1.2365962617175943,1.2529809886956544,1.0,1.0,0.0,0.0,1.0,1.0,0.0,0.0,0,0,,,1.0,1.0,False,False,0.0,0.0,0,0,,,,,,,3,False,,19.551006423420404,0.0,0.0,False,,,,False,-0.0475,0.35462236940945335,0.2829353250290266,0.3624423055615199,0.4534583633380464,0.5465416366619535,0.5130077514297755,0.28566624955315395,0.29038410886169685,7,0-2,0.0651164546246768
24,Group Stage,Group D,2026-06-25,Paraguay,Australia,巴拉圭,澳大利亚,1.2365962617175943,1.2529809886956544,1.2365962617175943,1.2529809886956544,1.0,1.0,0.0,0.0,1.0,1.0,0.0,0.0,0,0,,,1.0,1.0,False,False,0.0,0.0,0,0,,,,,,,3,False,,19.551006423420404,0.0,0.0,False,,,,False,-0.0475,0.35462236940945335,0.2829353250290266,0.3624423055615199,0.4534583633380464,0.5465416366619535,0.5130077514297755,0.28566624955315395,0.29038410886169685,8,2-0,0.06342458614517707
24,Group Stage,Group D,2026-06-25,Paraguay,Australia,巴拉圭,澳大利亚,1.2365962617175943,1.2529809886956544,1.2365962617175943,1.2529809886956544,1.0,1.0,0.0,0.0,1.0,1.0,0.0,0.0,0,0,,,1.0,1.0,False,False,0.0,0.0,0,0,,,,,,,3,False,,19.551006423420404,0.0,0.0,False,,,,False,-0.0475,0.35462236940945335,0.2829353250290266,0.3624423055615199,0.4534583633380464,0.5465416366619535,0.5130077514297755,0.28566624955315395,0.29038410886169685,9,2-2,0.04978707469857334
24,Group Stage,Group D,2026-06-25,Paraguay,Australia,巴拉圭,澳大利亚,1.2365962617175943,1.2529809886956544,1.2365962617175943,1.2529809886956544,1.0,1.0,0.0,0.0,1.0,1.0,0.0,0.0,0,0,,,1.0,1.0,False,False,0.0,0.0,0,0,,,,,,,3,False,,19.551006423420404,0.0,0.0,False,,,,False,-0.0475,0.35462236940945335,0.2829353250290266,0.3624423055615199,0.4534583633380464,0.5465416366619535,0.5130077514297755,0.28566624955315395,0.29038410886169685,10,1-3,0.03363116430226293
29,Group Stage,Group E,2026-06-25,Ecuador,Germany,厄瓜多尔,德国,1.2251415745106269,1.2399356703970925,1.2251415745106269,1.2399356703970925,1.0,1.0,0.0,0.0,1.0,1.0,0.0,0.0,0,0,,,1.0,1.0,False,False,0.0,0.0,0,0,,,,,,,3,False,,35.97438739450354,0.0,0.0,False,,,,False,-0.0475,0.3541677521193196,0.2845732412195968,0.3612590066610834,0.44714862662310895,0.552851373376891,0.5079989940320044,0.28941626312632646,0.29372865696706313,1,1-1,0.13527225022912948
29,Group Stage,Group E,2026-06-25,Ecuador,Germany,厄瓜多尔,德国,1.2251415745106269,1.2399356703970925,1.2251415745106269,1.2399356703970925,1.0,1.0,0.0,0.0,1.0,1.0,0.0,0.0,0,0,,,1.0,1.0,False,False,0.0,0.0,0,0,,,,,,,3,False,,35.97438739450354,0.0,0.0,False,,,,False,-0.0475,0.3541677521193196,0.2845732412195968,0.3612590066610834,0.44714862662310895,0.552851373376891,0.5079989940320044,0.28941626312632646,0.29372865696706313,2,0-1,0.09927268183514387
29,Group Stage,Group E,2026-06-25,Ecuador,Germany,厄瓜多尔,德国,1.2251415745106269,1.2399356703970925,1.2251415745106269,1.2399356703970925,1.0,1.0,0.0,0.0,1.0,1.0,0.0,0.0,0,0,,,1.0,1.0,False,False,0.0,0.0,0,0,,,,,,,3,False,,35.97438739450354,0.0,0.0,False,,,,False,-0.0475,0.3541677521193196,0.2845732412195968,0.3612590066610834,0.44714862662310895,0.552851373376891,0.5079989940320044,0.28941626312632646,0.29372865696706313,3,1-0,0.09801503795891808
29,Group Stage,Group E,2026-06-25,Ecuador,Germany,厄瓜多尔,德国,1.2251415745106269,1.2399356703970925,1.2251415745106269,1.2399356703970925,1.0,1.0,0.0,0.0,1.0,1.0,0.0,0.0,0,0,,,1.0,1.0,False,False,0.0,0.0,0,0,,,,,,,3,False,,35.97438739450354,0.0,0.0,False,,,,False,-0.0475,0.3541677521193196,0.2845732412195968,0.3612590066610834,0.44714862662310895,0.552851373376891,0.5079989940320044,0.28941626312632646,0.29372865696706313,4,0-0,0.09114391412539426
29,Group Stage,Group E,2026-06-25,Ecuador,Germany,厄瓜多尔,德国,1.2251415745106269,1.2399356703970925,1.2251415745106269,1.2399356703970925,1.0,1.0,0.0,0.0,1.0,1.0,0.0,0.0,0,0,,,1.0,1.0,False,False,0.0,0.0,0,0,,,,,,,3,False,,35.97438739450354,0.0,0.0,False,,,,False,-0.0475,0.3541677521193196,0.2845732412195968,0.3612590066610834,0.44714862662310895,0.552851373376891,0.5079989940320044,0.28941626312632646,0.29372865696706313,5,1-2,0.08006152184915462
29,Group Stage,Group E,2026-06-25,Ecuador,Germany,厄瓜多尔,德国,1.2251415745106269,1.2399356703970925,1.2251415745106269,1.2399356703970925,1.0,1.0,0.0,0.0,1.0,1.0,0.0,0.0,0,0,,,1.0,1.0,False,False,0.0,0.0,0,0,,,,,,,3,False,,35.97438739450354,0.0,0.0,False,,,,False,-0.0475,0.3541677521193196,0.2845732412195968,0.3612590066610834,0.44714862662310895,0.552851373376891,0.5079989940320044,0.28941626312632646,0.29372865696706313,6,2-1,0.07910628049322731
29,Group Stage,Group E,2026-06-25,Ecuador,Germany,厄瓜多尔,德国,1.2251415745106269,1.2399356703970925,1.2251415745106269,1.2399356703970925,1.0,1.0,0.0,0.0,1.0,1.0,0.0,0.0,0,0,,,1.0,1.0,False,False,0.0,0.0,0,0,,,,,,,3,False,,35.97438739450354,0.0,0.0,False,,,,False,-0.0475,0.3541677521193196,0.2845732412195968,0.3612590066610834,0.44714862662310895,0.552851373376891,0.5079989940320044,0.28941626312632646,0.29372865696706313,7,0-2,0.06534879193952303
29,Group Stage,Group E,2026-06-25,Ecuador,Germany,厄瓜多尔,德国,1.2251415745106269,1.2399356703970925,1.2251415745106269,1.2399356703970925,1.0,1.0,0.0,0.0,1.0,1.0,0.0,0.0,0,0,,,1.0,1.0,False,False,0.0,0.0,0,0,,,,,,,3,False,,35.97438739450354,0.0,0.0,False,,,,False,-0.0475,0.3541677521193196,0.2845732412195968,0.3612590066610834,0.44714862662310895,0.552851373376891,0.5079989940320044,0.28941626312632646,0.29372865696706313,8,2-0,0.06379869728878218
29,Group Stage,Group E,2026-06-25,Ecuador,Germany,厄瓜多尔,德国,1.2251415745106269,1.2399356703970925,1.2251415745106269,1.2399356703970925,1.0,1.0,0.0,0.0,1.0,1.0,0.0,0.0,0,0,,,1.0,1.0,False,False,0.0,0.0,0,0,,,,,,,3,False,,35.97438739450354,0.0,0.0,False,,,,False,-0.0475,0.3541677521193196,0.2845732412195968,0.3612590066610834,0.44714862662310895,0.552851373376891,0.5079989940320044,0.28941626312632646,0.29372865696706313,9,2-2,0.049043349467995115
29,Group Stage,Group E,2026-06-25,Ecuador,Germany,厄瓜多尔,德国,1.2251415745106269,1.2399356703970925,1.2251415745106269,1.2399356703970925,1.0,1.0,0.0,0.0,1.0,1.0,0.0,0.0,0,0,,,1.0,1.0,False,False,0.0,0.0,0,0,,,,,,,3,False,,35.97438739450354,0.0,0.0,False,,,,False,-0.0475,0.3541677521193196,0.2845732412195968,0.3612590066610834,0.44714862662310895,0.552851373376891,0.5079989940320044,0.28941626312632646,0.29372865696706313,10,1-3,0.03309037892234766
30,Group Stage,Group E,2026-06-25,Curaçao,Ivory Coast,库拉索,科特迪瓦,0.8980995591774016,2.246277284016057,0.8980995591774016,2.246277284016057,1.0,1.0,0.0,0.0,1.0,1.0,0.0,0.0,0,0,,,1.0,1.0,False,False,0.0,0.0,0,0,,,,,,,3,False,,227.10559331373724,0.0,0.0,False,,,,False,-0.0475,0.1324067474551962,0.1937443391411054,0.6738489134036985,0.607484008080235,0.39251599191976505,0.5339544130833332,0.10603030690460408,0.40734498858139884,1,0-2,0.10896552884921377
30,Group Stage,Group E,2026-06-25,Curaçao,Ivory Coast,库拉索,科特迪瓦,0.8980995591774016,2.246277284016057,0.8980995591774016,2.246277284016057,1.0,1.0,0.0,0.0,1.0,1.0,0.0,0.0,0,0,,,1.0,1.0,False,False,0.0,0.0,0,0,,,,,,,3,False,,227.10559331373724,0.0,0.0,False,,,,False,-0.0475,0.1324067474551962,0.1937443391411054,0.6738489134036985,0.607484008080235,0.39251599191976505,0.5339544130833332,0.10603030690460408,0.40734498858139884,2,1-2,0.09786189342501132
30,Group Stage,Group E,2026-06-25,Curaçao,Ivory Coast,库拉索,科特迪瓦,0.8980995591774016,2.246277284016057,0.8980995591774016,2.246277284016057,1.0,1.0,0.0,0.0,1.0,1.0,0.0,0.0,0,0,,,1.0,1.0,False,False,0.0,0.0,0,0,,,,,,,3,False,,227.10559331373724,0.0,0.0,False,,,,False,-0.0475,0.1324067474551962,0.1937443391411054,0.6738489134036985,0.607484008080235,0.39251599191976505,0.5339544130833332,0.10603030690460408,0.40734498858139884,3,0-1,0.09287997492902578
30,Group Stage,Group E,2026-06-25,Curaçao,Ivory Coast,库拉索,科特迪瓦,0.8980995591774016,2.246277284016057,0.8980995591774016,2.246277284016057,1.0,1.0,0.0,0.0,1.0,1.0,0.0,0.0,0,0,,,1.0,1.0,False,False,0.0,0.0,0,0,,,,,,,3,False,,227.10559331373724,0.0,0.0,False,,,,False,-0.0475,0.1324067474551962,0.1937443391411054,0.6738489134036985,0.607484008080235,0.39251599191976505,0.5339544130833332,0.10603030690460408,0.40734498858139884,4,1-1,0.0912713083929015
30,Group Stage,Group E,2026-06-25,Curaçao,Ivory Coast,库拉索,科特迪瓦,0.8980995591774016,2.246277284016057,0.8980995591774016,2.246277284016057,1.0,1.0,0.0,0.0,1.0,1.0,0.0,0.0,0,0,,,1.0,1.0,False,False,0.0,0.0,0,0,,,,,,,3,False,,227.10559331373724,0.0,0.0,False,,,,False,-0.0475,0.1324067474551962,0.1937443391411054,0.6738489134036985,0.607484008080235,0.39251599191976505,0.5339544130833332,0.10603030690460408,0.40734498858139884,5,0-3,0.08158893073159508
30,Group Stage,Group E,2026-06-25,Curaçao,Ivory Coast,库拉索,科特迪瓦,0.8980995591774016,2.246277284016057,0.8980995591774016,2.246277284016057,1.0,1.0,0.0,0.0,1.0,1.0,0.0,0.0,0,0,,,1.0,1.0,False,False,0.0,0.0,0,0,,,,,,,3,False,,227.10559331373724,0.0,0.0,False,,,,False,-0.0475,0.1324067474551962,0.1937443391411054,0.6738489134036985,0.607484008080235,0.39251599191976505,0.5339544130833332,0.10603030690460408,0.40734498858139884,6,1-3,0.07327498272380109
30,Group Stage,Group E,2026-06-25,Curaçao,Ivory Coast,库拉索,科特迪瓦,0.8980995591774016,2.246277284016057,0.8980995591774016,2.246277284016057,1.0,1.0,0.0,0.0,1.0,1.0,0.0,0.0,0,0,,,1.0,1.0,False,False,0.0,0.0,0,0,,,,,,,3,False,,227.10559331373724,0.0,0.0,False,,,,False,-0.0475,0.1324067474551962,0.1937443391411054,0.6738489134036985,0.607484008080235,0.39251599191976505,0.5339544130833332,0.10603030690460408,0.40734498858139884,7,0-0,0.04732970856933608
30,Group Stage,Group E,2026-06-25,Curaçao,Ivory Coast,库拉索,科特迪瓦,0.8980995591774016,2.246277284016057,0.8980995591774016,2.246277284016057,1.0,1.0,0.0,0.0,1.0,1.0,0.0,0.0,0,0,,,1.0,1.0,False,False,0.0,0.0,0,0,,,,,,,3,False,,227.10559331373724,0.0,0.0,False,,,,False,-0.0475,0.1324067474551962,0.1937443391411054,0.6738489134036985,0.607484008080235,0.39251599191976505,0.5339544130833332,0.10603030690460408,0.40734498858139884,8,0-4,0.0458178404323854
30,Group Stage,Group E,2026-06-25,Curaçao,Ivory Coast,库拉索,科特迪瓦,0.8980995591774016,2.246277284016057,0.8980995591774016,2.246277284016057,1.0,1.0,0.0,0.0,1.0,1.0,0.0,0.0,0,0,,,1.0,1.0,False,False,0.0,0.0,0,0,,,,,,,3,False,,227.10559331373724,0.0,0.0,False,,,,False,-0.0475,0.1324067474551962,0.1937443391411054,0.6738489134036985,0.607484008080235,0.39251599191976505,0.5339544130833332,0.10603030690460408,0.40734498858139884,9,2-2,0.043944861672634256
30,Group Stage,Group E,2026-06-25,Curaçao,Ivory Coast,库拉索,科特迪瓦,0.8980995591774016,2.246277284016057,0.8980995591774016,2.246277284016057,1.0,1.0,0.0,0.0,1.0,1.0,0.0,0.0,0,0,,,1.0,1.0,False,False,0.0,0.0,0,0,,,,,,,3,False,,227.10559331373724,0.0,0.0,False,,,,False,-0.0475,0.1324067474551962,0.1937443391411054,0.6738489134036985,0.607484008080235,0.39251599191976505,0.5339544130833332,0.10603030690460408,0.40734498858139884,10,1-4,0.04114898229478585
35,Group Stage,Group F,2026-06-25,Tunisia,Netherlands,突尼斯,荷兰,0.8740378390593504,2.0740079162637897,0.8740378390593504,2.0740079162637897,1.0,1.0,0.0,0.0,1.0,1.0,0.0,0.0,0,0,,,1.0,1.0,False,True,0.0,0.0,0,0,,,,,,,3,False,,177.82443329771377,0.0,0.0,False,,,,False,-0.0475,0.1441005641359814,0.20964578299554268,0.646253652868476,0.5644689603744694,0.43553103962553064,0.513917248359835,0.1258541875717154,0.4172649282021044,1,0-2,0.11294587579541901
35,Group Stage,Group F,2026-06-25,Tunisia,Netherlands,突尼斯,荷兰,0.8740378390593504,2.0740079162637897,0.8740378390593504,2.0740079162637897,1.0,1.0,0.0,0.0,1.0,1.0,0.0,0.0,0,0,,,1.0,1.0,False,True,0.0,0.0,0,0,,,,,,,3,False,,177.82443329771377,0.0,0.0,False,,,,False,-0.0475,0.1441005641359814,0.20964578299554268,0.646253652868476,0.5644689603744694,0.43553103962553064,0.513917248359835,0.1258541875717154,0.4172649282021044,2,0-1,0.1043937430604605
35,Group Stage,Group F,2026-06-25,Tunisia,Netherlands,突尼斯,荷兰,0.8740378390593504,2.0740079162637897,0.8740378390593504,2.0740079162637897,1.0,1.0,0.0,0.0,1.0,1.0,0.0,0.0,0,0,,,1.0,1.0,False,True,0.0,0.0,0,0,,,,,,,3,False,,177.82443329771377,0.0,0.0,False,,,,False,-0.0475,0.1441005641359814,0.20964578299554268,0.646253652868476,0.5644689603744694,0.43553103962553064,0.513917248359835,0.1258541875717154,0.4172649282021044,3,1-1,0.09971815385805786
35,Group Stage,Group F,2026-06-25,Tunisia,Netherlands,突尼斯,荷兰,0.8740378390593504,2.0740079162637897,0.8740378390593504,2.0740079162637897,1.0,1.0,0.0,0.0,1.0,1.0,0.0,0.0,0,0,,,1.0,1.0,False,True,0.0,0.0,0,0,,,,,,,3,False,,177.82443329771377,0.0,0.0,False,,,,False,-0.0475,0.1441005641359814,0.20964578299554268,0.646253652868476,0.5644689603744694,0.43553103962553064,0.513917248359835,0.1258541875717154,0.4172649282021044,4,1-2,0.09871896921089382
35,Group Stage,Group F,2026-06-25,Tunisia,Netherlands,突尼斯,荷兰,0.8740378390593504,2.0740079162637897,0.8740378390593504,2.0740079162637897,1.0,1.0,0.0,0.0,1.0,1.0,0.0,0.0,0,0,,,1.0,1.0,False,True,0.0,0.0,0,0,,,,,,,3,False,,177.82443329771377,0.0,0.0,False,,,,False,-0.0475,0.1441005641359814,0.20964578299554268,0.646253652868476,0.5644689603744694,0.43553103962553064,0.513917248359835,0.1258541875717154,0.4172649282021044,5,0-3,0.0780835468363486
35,Group Stage,Group F,2026-06-25,Tunisia,Netherlands,突尼斯,荷兰,0.8740378390593504,2.0740079162637897,0.8740378390593504,2.0740079162637897,1.0,1.0,0.0,0.0,1.0,1.0,0.0,0.0,0,0,,,1.0,1.0,False,True,0.0,0.0,0,0,,,,,,,3,False,,177.82443329771377,0.0,0.0,False,,,,False,-0.0475,0.1441005641359814,0.20964578299554268,0.646253652868476,0.5644689603744694,0.43553103962553064,0.513917248359835,0.1258541875717154,0.4172649282021044,6,1-3,0.06824797454293172
35,Group Stage,Group F,2026-06-25,Tunisia,Netherlands,突尼斯,荷兰,0.8740378390593504,2.0740079162637897,0.8740378390593504,2.0740079162637897,1.0,1.0,0.0,0.0,1.0,1.0,0.0,0.0,0,0,,,1.0,1.0,False,True,0.0,0.0,0,0,,,,,,,3,False,,177.82443329771377,0.0,0.0,False,,,,False,-0.0475,0.1441005641359814,0.20964578299554268,0.646253652868476,0.5644689603744694,0.43553103962553064,0.513917248359835,0.1258541875717154,0.4172649282021044,7,0-0,0.05703636413365484
35,Group Stage,Group F,2026-06-25,Tunisia,Netherlands,突尼斯,荷兰,0.8740378390593504,2.0740079162637897,0.8740378390593504,2.0740079162637897,1.0,1.0,0.0,0.0,1.0,1.0,0.0,0.0,0,0,,,1.0,1.0,False,True,0.0,0.0,0,0,,,,,,,3,False,,177.82443329771377,0.0,0.0,False,,,,False,-0.0475,0.1441005641359814,0.20964578299554268,0.646253652868476,0.5644689603744694,0.43553103962553064,0.513917248359835,0.1258541875717154,0.4172649282021044,8,2-2,0.04314205726162809
35,Group Stage,Group F,2026-06-25,Tunisia,Netherlands,突尼斯,荷兰,0.8740378390593504,2.0740079162637897,0.8740378390593504,2.0740079162637897,1.0,1.0,0.0,0.0,1.0,1.0,0.0,0.0,0,0,,,1.0,1.0,False,True,0.0,0.0,0,0,,,,,,,3,False,,177.82443329771377,0.0,0.0,False,,,,False,-0.0475,0.1441005641359814,0.20964578299554268,0.646253652868476,0.5644689603744694,0.43553103962553064,0.513917248359835,0.1258541875717154,0.4172649282021044,9,2-1,0.041602596521758815
35,Group Stage,Group F,2026-06-25,Tunisia,Netherlands,突尼斯,荷兰,0.8740378390593504,2.0740079162637897,0.8740378390593504,2.0740079162637897,1.0,1.0,0.0,0.0,1.0,1.0,0.0,0.0,0,0,,,1.0,1.0,False,True,0.0,0.0,0,0,,,,,,,3,False,,177.82443329771377,0.0,0.0,False,,,,False,-0.0475,0.1441005641359814,0.20964578299554268,0.646253652868476,0.5644689603744694,0.43553103962553064,0.513917248359835,0.1258541875717154,0.4172649282021044,10,1-0,0.041377868193006005
36,Group Stage,Group F,2026-06-25,Japan,Sweden,日本,瑞典,1.9320697115371042,0.7782924845013153,1.9320697115371042,0.7782924845013153,1.0,1.0,0.0,0.0,1.0,1.0,0.0,0.0,0,0,,,1.0,1.0,True,False,0.0,0.0,0,0,,,,,,,3,False,,143.9493752657222,0.0,0.0,False,,,,False,-0.0475,0.6406856915320663,0.22073397198728986,0.13858033648064372,0.5084759767512387,0.4915240232487613,0.46716034185024713,0.45919018535773026,0.1449760018454548,1,2-0,0.12425226218422344
36,Group Stage,Group F,2026-06-25,Japan,Sweden,日本,瑞典,1.9320697115371042,0.7782924845013153,1.9320697115371042,0.7782924845013153,1.0,1.0,0.0,0.0,1.0,1.0,0.0,0.0,0,0,,,1.0,1.0,True,False,0.0,0.0,0,0,,,,,,,3,False,,143.9493752657222,0.0,0.0,False,,,,False,-0.0475,0.6406856915320663,0.22073397198728986,0.13858033648064372,0.5084759767512387,0.4915240232487613,0.46716034185024713,0.45919018535773026,0.1449760018454548,2,1-0,0.12386591734478698
36,Group Stage,Group F,2026-06-25,Japan,Sweden,日本,瑞典,1.9320697115371042,0.7782924845013153,1.9320697115371042,0.7782924845013153,1.0,1.0,0.0,0.0,1.0,1.0,0.0,0.0,0,0,,,1.0,1.0,True,False,0.0,0.0,0,0,,,,,,,3,False,,143.9493752657222,0.0,0.0,False,,,,False,-0.0475,0.6406856915320663,0.22073397198728986,0.13858033648064372,0.5084759767512387,0.4915240232487613,0.46716034185024713,0.45919018535773026,0.1449760018454548,3,1-1,0.10485964333770413
36,Group Stage,Group F,2026-06-25,Japan,Sweden,日本,瑞典,1.9320697115371042,0.7782924845013153,1.9320697115371042,0.7782924845013153,1.0,1.0,0.0,0.0,1.0,1.0,0.0,0.0,0,0,,,1.0,1.0,True,False,0.0,0.0,0,0,,,,,,,3,False,,143.9493752657222,0.0,0.0,False,,,,False,-0.0475,0.6406856915320663,0.22073397198728986,0.13858033648064372,0.5084759767512387,0.4915240232487613,0.46716034185024713,0.45919018535773026,0.1449760018454548,4,2-1,0.09670460184026808
36,Group Stage,Group F,2026-06-25,Japan,Sweden,日本,瑞典,1.9320697115371042,0.7782924845013153,1.9320697115371042,0.7782924845013153,1.0,1.0,0.0,0.0,1.0,1.0,0.0,0.0,0,0,,,1.0,1.0,True,False,0.0,0.0,0,0,,,,,,,3,False,,143.9493752657222,0.0,0.0,False,,,,False,-0.0475,0.6406856915320663,0.22073397198728986,0.13858033648064372,0.5084759767512387,0.4915240232487613,0.46716034185024713,0.45919018535773026,0.1449760018454548,5,3-0,0.08002134411870174
36,Group Stage,Group F,2026-06-25,Japan,Sweden,日本,瑞典,1.9320697115371042,0.7782924845013153,1.9320697115371042,0.7782924845013153,1.0,1.0,0.0,0.0,1.0,1.0,0.0,0.0,0,0,,,1.0,1.0,True,False,0.0,0.0,0,0,,,,,,,3,False,,143.9493752657222,0.0,0.0,False,,,,False,-0.0475,0.6406856915320663,0.22073397198728986,0.13858033648064372,0.5084759767512387,0.4915240232487613,0.46716034185024713,0.45919018535773026,0.1449760018454548,6,0-0,0.07132652905343222
36,Group Stage,Group F,2026-06-25,Japan,Sweden,日本,瑞典,1.9320697115371042,0.7782924845013153,1.9320697115371042,0.7782924845013153,1.0,1.0,0.0,0.0,1.0,1.0,0.0,0.0,0,0,,,1.0,1.0,True,False,0.0,0.0,0,0,,,,,,,3,False,,143.9493752657222,0.0,0.0,False,,,,False,-0.0475,0.6406856915320663,0.22073397198728986,0.13858033648064372,0.5084759767512387,0.4915240232487613,0.46716034185024713,0.45919018535773026,0.1449760018454548,7,3-1,0.06228001072727908
36,Group Stage,Group F,2026-06-25,Japan,Sweden,日本,瑞典,1.9320697115371042,0.7782924845013153,1.9320697115371042,0.7782924845013153,1.0,1.0,0.0,0.0,1.0,1.0,0.0,0.0,0,0,,,1.0,1.0,True,False,0.0,0.0,0,0,,,,,,,3,False,,143.9493752657222,0.0,0.0,False,,,,False,-0.0475,0.6406856915320663,0.22073397198728986,0.13858033648064372,0.5084759767512387,0.4915240232487613,0.46716034185024713,0.45919018535773026,0.1449760018454548,8,0-1,0.04705717072545571
36,Group Stage,Group F,2026-06-25,Japan,Sweden,日本,瑞典,1.9320697115371042,0.7782924845013153,1.9320697115371042,0.7782924845013153,1.0,1.0,0.0,0.0,1.0,1.0,0.0,0.0,0,0,,,1.0,1.0,True,False,0.0,0.0,0,0,,,,,,,3,False,,143.9493752657222,0.0,0.0,False,,,,False,-0.0475,0.6406856915320663,0.22073397198728986,0.13858033648064372,0.5084759767512387,0.4915240232487613,0.46716034185024713,0.45919018535773026,0.1449760018454548,9,1-2,0.03895535672421171
36,Group Stage,Group F,2026-06-25,Japan,Sweden,日本,瑞典,1.9320697115371042,0.7782924845013153,1.9320697115371042,0.7782924845013153,1.0,1.0,0.0,0.0,1.0,1.0,0.0,0.0,0,0,,,1.0,1.0,True,False,0.0,0.0,0,0,,,,,,,3,False,,143.9493752657222,0.0,0.0,False,,,,False,-0.0475,0.6406856915320663,0.22073397198728986,0.13858033648064372,0.5084759767512387,0.4915240232487613,0.46716034185024713,0.45919018535773026,0.1449760018454548,10,4-0,0.038651703812057854
41,Group Stage,Group G,2026-06-26,New Zealand,Belgium,新西兰,比利时,0.9306444945819455,2.6022002644636992,0.9306444945819455,2.6022002644636992,1.0,1.0,0.0,0.0,1.0,1.0,0.0,0.0,0,0,,,1.0,1.0,False,True,0.0,0.0,0,0,,,,,,,3,False,,236.99872786961237,0.0,0.0,False,,,,False,-0.0475,0.1088947088339316,0.16388962923757797,0.7272156619284905,0.683486607037288,0.31651339296271197,0.5639472554501798,0.07450969737858767,0.39430192145047627,1,0-2,0.09947023193834569
41,Group Stage,Group G,2026-06-26,New Zealand,Belgium,新西兰,比利时,0.9306444945819455,2.6022002644636992,0.9306444945819455,2.6022002644636992,1.0,1.0,0.0,0.0,1.0,1.0,0.0,0.0,0,0,,,1.0,1.0,False,True,0.0,0.0,0,0,,,,,,,3,False,,236.99872786961237,0.0,0.0,False,,,,False,-0.0475,0.1088947088339316,0.16388962923757797,0.7272156619284905,0.683486607037288,0.31651339296271197,0.5639472554501798,0.07450969737858767,0.39430192145047627,2,1-2,0.09257142372821062
41,Group Stage,Group G,2026-06-26,New Zealand,Belgium,新西兰,比利时,0.9306444945819455,2.6022002644636992,0.9306444945819455,2.6022002644636992,1.0,1.0,0.0,0.0,1.0,1.0,0.0,0.0,0,0,,,1.0,1.0,False,True,0.0,0.0,0,0,,,,,,,3,False,,236.99872786961237,0.0,0.0,False,,,,False,-0.0475,0.1088947088339316,0.16388962923757797,0.7272156619284905,0.683486607037288,0.31651339296271197,0.5639472554501798,0.07450969737858767,0.39430192145047627,3,0-3,0.08628048795207623
41,Group Stage,Group G,2026-06-26,New Zealand,Belgium,新西兰,比利时,0.9306444945819455,2.6022002644636992,0.9306444945819455,2.6022002644636992,1.0,1.0,0.0,0.0,1.0,1.0,0.0,0.0,0,0,,,1.0,1.0,False,True,0.0,0.0,0,0,,,,,,,3,False,,236.99872786961237,0.0,0.0,False,,,,False,-0.0475,0.1088947088339316,0.16388962923757797,0.7272156619284905,0.683486607037288,0.31651339296271197,0.5639472554501798,0.07450969737858767,0.39430192145047627,4,1-3,0.08029646110244361
41,Group Stage,Group G,2026-06-26,New Zealand,Belgium,新西兰,比利时,0.9306444945819455,2.6022002644636992,0.9306444945819455,2.6022002644636992,1.0,1.0,0.0,0.0,1.0,1.0,0.0,0.0,0,0,,,1.0,1.0,False,True,0.0,0.0,0,0,,,,,,,3,False,,236.99872786961237,0.0,0.0,False,,,,False,-0.0475,0.1088947088339316,0.16388962923757797,0.7272156619284905,0.683486607037288,0.31651339296271197,0.5639472554501798,0.07450969737858767,0.39430192145047627,5,1-1,0.0745281350398182
41,Group Stage,Group G,2026-06-26,New Zealand,Belgium,新西兰,比利时,0.9306444945819455,2.6022002644636992,0.9306444945819455,2.6022002644636992,1.0,1.0,0.0,0.0,1.0,1.0,0.0,0.0,0,0,,,1.0,1.0,False,True,0.0,0.0,0,0,,,,,,,3,False,,236.99872786961237,0.0,0.0,False,,,,False,-0.0475,0.1088947088339316,0.16388962923757797,0.7272156619284905,0.683486607037288,0.31651339296271197,0.5639472554501798,0.07450969737858767,0.39430192145047627,6,0-1,0.07307130862262806
41,Group Stage,Group G,2026-06-26,New Zealand,Belgium,新西兰,比利时,0.9306444945819455,2.6022002644636992,0.9306444945819455,2.6022002644636992,1.0,1.0,0.0,0.0,1.0,1.0,0.0,0.0,0,0,,,1.0,1.0,False,True,0.0,0.0,0,0,,,,,,,3,False,,236.99872786961237,0.0,0.0,False,,,,False,-0.0475,0.1088947088339316,0.16388962923757797,0.7272156619284905,0.683486607037288,0.31651339296271197,0.5639472554501798,0.07450969737858767,0.39430192145047627,7,0-4,0.05612977714173743
41,Group Stage,Group G,2026-06-26,New Zealand,Belgium,新西兰,比利时,0.9306444945819455,2.6022002644636992,0.9306444945819455,2.6022002644636992,1.0,1.0,0.0,0.0,1.0,1.0,0.0,0.0,0,0,,,1.0,1.0,False,True,0.0,0.0,0,0,,,,,,,3,False,,236.99872786961237,0.0,0.0,False,,,,False,-0.0475,0.1088947088339316,0.16388962923757797,0.7272156619284905,0.683486607037288,0.31651339296271197,0.5639472554501798,0.07450969737858767,0.39430192145047627,8,1-4,0.05223686807906947
41,Group Stage,Group G,2026-06-26,New Zealand,Belgium,新西兰,比利时,0.9306444945819455,2.6022002644636992,0.9306444945819455,2.6022002644636992,1.0,1.0,0.0,0.0,1.0,1.0,0.0,0.0,0,0,,,1.0,1.0,False,True,0.0,0.0,0,0,,,,,,,3,False,,236.99872786961237,0.0,0.0,False,,,,False,-0.0475,0.1088947088339316,0.16388962923757797,0.7272156619284905,0.683486607037288,0.31651339296271197,0.5639472554501798,0.07450969737858767,0.39430192145047627,9,2-2,0.04307554292413584
41,Group Stage,Group G,2026-06-26,New Zealand,Belgium,新西兰,比利时,0.9306444945819455,2.6022002644636992,0.9306444945819455,2.6022002644636992,1.0,1.0,0.0,0.0,1.0,1.0,0.0,0.0,0,0,,,1.0,1.0,False,True,0.0,0.0,0,0,,,,,,,3,False,,236.99872786961237,0.0,0.0,False,,,,False,-0.0475,0.1088947088339316,0.16388962923757797,0.7272156619284905,0.683486607037288,0.31651339296271197,0.5639472554501798,0.07450969737858767,0.39430192145047627,10,2-3,0.037363729729701235
42,Group Stage,Group G,2026-06-26,Egypt,Iran,埃及,伊朗,0.8740755832278552,1.3804443002538935,0.8740755832278552,1.3804443002538935,1.0,1.0,0.0,0.0,1.0,1.0,0.0,0.0,0,0,,,1.0,1.0,False,False,0.0,0.0,0,0,,,,,,,3,False,,77.1032975019682,0.0,0.0,False,,,,False,-0.0475,0.2317234027610219,0.28729811820901835,0.4809784790299596,0.391805021499602,0.6081949785003979,0.442208367060204,0.25149115799128063,0.41724917968971653,1,0-1,0.13884197857779293
42,Group Stage,Group G,2026-06-26,Egypt,Iran,埃及,伊朗,0.8740755832278552,1.3804443002538935,0.8740755832278552,1.3804443002538935,1.0,1.0,0.0,0.0,1.0,1.0,0.0,0.0,0,0,,,1.0,1.0,False,False,0.0,0.0,0,0,,,,,,,3,False,,77.1032975019682,0.0,0.0,False,,,,False,-0.0475,0.2317234027610219,0.28729811820901835,0.4809784790299596,0.391805021499602,0.6081949785003979,0.442208367060204,0.25149115799128063,0.41724917968971653,2,1-1,0.1326294963200698
42,Group Stage,Group G,2026-06-26,Egypt,Iran,埃及,伊朗,0.8740755832278552,1.3804443002538935,0.8740755832278552,1.3804443002538935,1.0,1.0,0.0,0.0,1.0,1.0,0.0,0.0,0,0,,,1.0,1.0,False,False,0.0,0.0,0,0,,,,,,,3,False,,77.1032975019682,0.0,0.0,False,,,,False,-0.0475,0.2317234027610219,0.28729811820901835,0.4809784790299596,0.391805021499602,0.6081949785003979,0.442208367060204,0.25149115799128063,0.41724917968971653,3,0-0,0.11094870474120125
42,Group Stage,Group G,2026-06-26,Egypt,Iran,埃及,伊朗,0.8740755832278552,1.3804443002538935,0.8740755832278552,1.3804443002538935,1.0,1.0,0.0,0.0,1.0,1.0,0.0,0.0,0,0,,,1.0,1.0,False,False,0.0,0.0,0,0,,,,,,,3,False,,77.1032975019682,0.0,0.0,False,,,,False,-0.0475,0.2317234027610219,0.28729811820901835,0.4809784790299596,0.391805021499602,0.6081949785003979,0.442208367060204,0.25149115799128063,0.41724917968971653,4,0-2,0.0999829605481577
42,Group Stage,Group G,2026-06-26,Egypt,Iran,埃及,伊朗,0.8740755832278552,1.3804443002538935,0.8740755832278552,1.3804443002538935,1.0,1.0,0.0,0.0,1.0,1.0,0.0,0.0,0,0,,,1.0,1.0,False,False,0.0,0.0,0,0,,,,,,,3,False,,77.1032975019682,0.0,0.0,False,,,,False,-0.0475,0.2317234027610219,0.28729811820901835,0.4809784790299596,0.391805021499602,0.6081949785003979,0.442208367060204,0.25149115799128063,0.41724917968971653,5,1-2,0.08739266455397857
42,Group Stage,Group G,2026-06-26,Egypt,Iran,埃及,伊朗,0.8740755832278552,1.3804443002538935,0.8740755832278552,1.3804443002538935,1.0,1.0,0.0,0.0,1.0,1.0,0.0,0.0,0,0,,,1.0,1.0,False,False,0.0,0.0,0,0,,,,,,,3,False,,77.1032975019682,0.0,0.0,False,,,,False,-0.0475,0.2317234027610219,0.28729811820901835,0.4809784790299596,0.391805021499602,0.6081949785003979,0.442208367060204,0.25149115799128063,0.41724917968971653,6,1-0,0.0857064408868645
42,Group Stage,Group G,2026-06-26,Egypt,Iran,埃及,伊朗,0.8740755832278552,1.3804443002538935,0.8740755832278552,1.3804443002538935,1.0,1.0,0.0,0.0,1.0,1.0,0.0,0.0,0,0,,,1.0,1.0,False,False,0.0,0.0,0,0,,,,,,,3,False,,77.1032975019682,0.0,0.0,False,,,,False,-0.0475,0.2317234027610219,0.28729811820901835,0.4809784790299596,0.391805021499602,0.6081949785003979,0.442208367060204,0.25149115799128063,0.41724917968971653,7,2-1,0.05533565840056406
42,Group Stage,Group G,2026-06-26,Egypt,Iran,埃及,伊朗,0.8740755832278552,1.3804443002538935,0.8740755832278552,1.3804443002538935,1.0,1.0,0.0,0.0,1.0,1.0,0.0,0.0,0,0,,,1.0,1.0,False,False,0.0,0.0,0,0,,,,,,,3,False,,77.1032975019682,0.0,0.0,False,,,,False,-0.0475,0.2317234027610219,0.28729811820901835,0.4809784790299596,0.391805021499602,0.6081949785003979,0.442208367060204,0.25149115799128063,0.41724917968971653,8,0-3,0.0460069693370714
42,Group Stage,Group G,2026-06-26,Egypt,Iran,埃及,伊朗,0.8740755832278552,1.3804443002538935,0.8740755832278552,1.3804443002538935,1.0,1.0,0.0,0.0,1.0,1.0,0.0,0.0,0,0,,,1.0,1.0,False,False,0.0,0.0,0,0,,,,,,,3,False,,77.1032975019682,0.0,0.0,False,,,,False,-0.0475,0.2317234027610219,0.28729811820901835,0.4809784790299596,0.391805021499602,0.6081949785003979,0.442208367060204,0.25149115799128063,0.41724917968971653,9,1-3,0.04021356855584673
42,Group Stage,Group G,2026-06-26,Egypt,Iran,埃及,伊朗,0.8740755832278552,1.3804443002538935,0.8740755832278552,1.3804443002538935,1.0,1.0,0.0,0.0,1.0,1.0,0.0,0.0,0,0,,,1.0,1.0,False,False,0.0,0.0,0,0,,,,,,,3,False,,77.1032975019682,0.0,0.0,False,,,,False,-0.0475,0.2317234027610219,0.28729811820901835,0.4809784790299596,0.391805021499602,0.6081949785003979,0.442208367060204,0.25149115799128063,0.41724917968971653,10,2-0,0.04008539742631169
47,Group Stage,Group H,2026-06-26,Uruguay,Spain,乌拉圭,西班牙,0.8871457603280051,1.6146695185393902,0.8871457603280051,1.6146695185393902,1.0,1.0,0.0,0.0,1.0,1.0,0.0,0.0,0,0,,,1.0,1.0,False,False,0.0,0.0,0,0,,,,,,,3,False,,145.5649752499819,0.0,0.0,False,,,,False,-0.0475,0.20075649519127584,0.2598840510719509,0.5393594537367733,0.4564997498621204,0.5435002501378796,0.47669297088935914,0.19901145954553012,0.41183132535218625,1,0-1,0.12676034370621891
47,Group Stage,Group H,2026-06-26,Uruguay,Spain,乌拉圭,西班牙,0.8871457603280051,1.6146695185393902,0.8871457603280051,1.6146695185393902,1.0,1.0,0.0,0.0,1.0,1.0,0.0,0.0,0,0,,,1.0,1.0,False,False,0.0,0.0,0,0,,,,,,,3,False,,145.5649752499819,0.0,0.0,False,,,,False,-0.0475,0.20075649519127584,0.2598840510719509,0.5393594537367733,0.4564997498621204,0.5435002501378796,0.47669297088935914,0.19901145954553012,0.41183132535218625,2,1-1,0.12297876352989215
47,Group Stage,Group H,2026-06-26,Uruguay,Spain,乌拉圭,西班牙,0.8871457603280051,1.6146695185393902,0.8871457603280051,1.6146695185393902,1.0,1.0,0.0,0.0,1.0,1.0,0.0,0.0,0,0,,,1.0,1.0,False,False,0.0,0.0,0,0,,,,,,,3,False,,145.5649752499819,0.0,0.0,False,,,,False,-0.0475,0.20075649519127584,0.2598840510719509,0.5393594537367733,0.4564997498621204,0.5435002501378796,0.47669297088935914,0.19901145954553012,0.41183132535218625,3,0-2,0.10684021672266067
47,Group Stage,Group H,2026-06-26,Uruguay,Spain,乌拉圭,西班牙,0.8871457603280051,1.6146695185393902,0.8871457603280051,1.6146695185393902,1.0,1.0,0.0,0.0,1.0,1.0,0.0,0.0,0,0,,,1.0,1.0,False,False,0.0,0.0,0,0,,,,,,,3,False,,145.5649752499819,0.0,0.0,False,,,,False,-0.0475,0.20075649519127584,0.2598840510719509,0.5393594537367733,0.4564997498621204,0.5435002501378796,0.47669297088935914,0.19901145954553012,0.41183132535218625,4,1-2,0.09478284529803363
47,Group Stage,Group H,2026-06-26,Uruguay,Spain,乌拉圭,西班牙,0.8871457603280051,1.6146695185393902,0.8871457603280051,1.6146695185393902,1.0,1.0,0.0,0.0,1.0,1.0,0.0,0.0,0,0,,,1.0,1.0,False,False,0.0,0.0,0,0,,,,,,,3,False,,145.5649752499819,0.0,0.0,False,,,,False,-0.0475,0.20075649519127584,0.2598840510719509,0.5393594537367733,0.4564997498621204,0.5435002501378796,0.47669297088935914,0.19901145954553012,0.41183132535218625,5,0-0,0.08753575578707563
47,Group Stage,Group H,2026-06-26,Uruguay,Spain,乌拉圭,西班牙,0.8871457603280051,1.6146695185393902,0.8871457603280051,1.6146695185393902,1.0,1.0,0.0,0.0,1.0,1.0,0.0,0.0,0,0,,,1.0,1.0,False,False,0.0,0.0,0,0,,,,,,,3,False,,145.5649752499819,0.0,0.0,False,,,,False,-0.0475,0.20075649519127584,0.2598840510719509,0.5393594537367733,0.4564997498621204,0.5435002501378796,0.47669297088935914,0.19901145954553012,0.41183132535218625,6,1-0,0.06713311259041249
47,Group Stage,Group H,2026-06-26,Uruguay,Spain,乌拉圭,西班牙,0.8871457603280051,1.6146695185393902,0.8871457603280051,1.6146695185393902,1.0,1.0,0.0,0.0,1.0,1.0,0.0,0.0,0,0,,,1.0,1.0,False,False,0.0,0.0,0,0,,,,,,,3,False,,145.5649752499819,0.0,0.0,False,,,,False,-0.0475,0.20075649519127584,0.2598840510719509,0.5393594537367733,0.4564997498621204,0.5435002501378796,0.47669297088935914,0.19901145954553012,0.41183132535218625,7,0-3,0.057503880432074196
47,Group Stage,Group H,2026-06-26,Uruguay,Spain,乌拉圭,西班牙,0.8871457603280051,1.6146695185393902,0.8871457603280051,1.6146695185393902,1.0,1.0,0.0,0.0,1.0,1.0,0.0,0.0,0,0,,,1.0,1.0,False,False,0.0,0.0,0,0,,,,,,,3,False,,145.5649752499819,0.0,0.0,False,,,,False,-0.0475,0.20075649519127584,0.2598840510719509,0.5393594537367733,0.4564997498621204,0.5435002501378796,0.47669297088935914,0.19901145954553012,0.41183132535218625,8,2-1,0.05207641464244587
47,Group Stage,Group H,2026-06-26,Uruguay,Spain,乌拉圭,西班牙,0.8871457603280051,1.6146695185393902,0.8871457603280051,1.6146695185393902,1.0,1.0,0.0,0.0,1.0,1.0,0.0,0.0,0,0,,,1.0,1.0,False,False,0.0,0.0,0,0,,,,,,,3,False,,145.5649752499819,0.0,0.0,False,,,,False,-0.0475,0.20075649519127584,0.2598840510719509,0.5393594537367733,0.4564997498621204,0.5435002501378796,0.47669297088935914,0.19901145954553012,0.41183132535218625,9,1-3,0.05101432372772315
47,Group Stage,Group H,2026-06-26,Uruguay,Spain,乌拉圭,西班牙,0.8871457603280051,1.6146695185393902,0.8871457603280051,1.6146695185393902,1.0,1.0,0.0,0.0,1.0,1.0,0.0,0.0,0,0,,,1.0,1.0,False,False,0.0,0.0,0,0,,,,,,,3,False,,145.5649752499819,0.0,0.0,False,,,,False,-0.0475,0.20075649519127584,0.2598840510719509,0.5393594537367733,0.4564997498621204,0.5435002501378796,0.47669297088935914,0.19901145954553012,0.41183132535218625,10,2-2,0.04204309967898786
48,Group Stage,Group H,2026-06-26,Cape Verde,Saudi Arabia,佛得角,沙特阿拉伯,1.0997363320402225,1.3788225009534882,1.0997363320402225,1.3788225009534882,1.0,1.0,0.0,0.0,1.0,1.0,0.0,0.0,0,0,,,1.0,1.0,False,False,0.0,0.0,0,0,,,,,,,3,False,,30.182558092060845,0.0,0.0,False,,,,False,-0.0475,0.29335262883749047,0.2802912052028956,0.42635616595961395,0.4506113959054218,0.5493886040945781,0.5050501364939729,0.2518991629992494,0.33296555199857863,1,1-1,0.13322232102052875
48,Group Stage,Group H,2026-06-26,Cape Verde,Saudi Arabia,佛得角,沙特阿拉伯,1.0997363320402225,1.3788225009534882,1.0997363320402225,1.3788225009534882,1.0,1.0,0.0,0.0,1.0,1.0,0.0,0.0,0,0,,,1.0,1.0,False,False,0.0,0.0,0,0,,,,,,,3,False,,30.182558092060845,0.0,0.0,False,,,,False,-0.0475,0.29335262883749047,0.2802912052028956,0.42635616595961395,0.4506113959054218,0.5493886040945781,0.5050501364939729,0.2518991629992494,0.33296555199857863,2,0-1,0.1096058976321209
48,Group Stage,Group H,2026-06-26,Cape Verde,Saudi Arabia,佛得角,沙特阿拉伯,1.0997363320402225,1.3788225009534882,1.0997363320402225,1.3788225009534882,1.0,1.0,0.0,0.0,1.0,1.0,0.0,0.0,0,0,,,1.0,1.0,False,False,0.0,0.0,0,0,,,,,,,3,False,,30.182558092060845,0.0,0.0,False,,,,False,-0.0475,0.29335262883749047,0.2802912052028956,0.42635616595961395,0.4506113959054218,0.5493886040945781,0.5050501364939729,0.2518991629992494,0.33296555199857863,3,0-0,0.0899148514918008
48,Group Stage,Group H,2026-06-26,Cape Verde,Saudi Arabia,佛得角,沙特阿拉伯,1.0997363320402225,1.3788225009534882,1.0997363320402225,1.3788225009534882,1.0,1.0,0.0,0.0,1.0,1.0,0.0,0.0,0,0,,,1.0,1.0,False,False,0.0,0.0,0,0,,,,,,,3,False,,30.182558092060845,0.0,0.0,False,,,,False,-0.0475,0.29335262883749047,0.2802912052028956,0.42635616595961395,0.4506113959054218,0.5493886040945781,0.5050501364939729,0.2518991629992494,0.33296555199857863,4,1-2,0.08768015935673219
48,Group Stage,Group H,2026-06-26,Cape Verde,Saudi Arabia,佛得角,沙特阿拉伯,1.0997363320402225,1.3788225009534882,1.0997363320402225,1.3788225009534882,1.0,1.0,0.0,0.0,1.0,1.0,0.0,0.0,0,0,,,1.0,1.0,False,False,0.0,0.0,0,0,,,,,,,3,False,,30.182558092060845,0.0,0.0,False,,,,False,-0.0475,0.29335262883749047,0.2802912052028956,0.42635616595961395,0.4506113959054218,0.5493886040945781,0.5050501364939729,0.2518991629992494,0.33296555199857863,5,1-0,0.08619789578693032
48,Group Stage,Group H,2026-06-26,Cape Verde,Saudi Arabia,佛得角,沙特阿拉伯,1.0997363320402225,1.3788225009534882,1.0997363320402225,1.3788225009534882,1.0,1.0,0.0,0.0,1.0,1.0,0.0,0.0,0,0,,,1.0,1.0,False,False,0.0,0.0,0,0,,,,,,,3,False,,30.182558092060845,0.0,0.0,False,,,,False,-0.0475,0.29335262883749047,0.2802912052028956,0.42635616595961395,0.4506113959054218,0.5493886040945781,0.5050501364939729,0.2518991629992494,0.33296555199857863,6,0-2,0.07972834651563128
48,Group Stage,Group H,2026-06-26,Cape Verde,Saudi Arabia,佛得角,沙特阿拉伯,1.0997363320402225,1.3788225009534882,1.0997363320402225,1.3788225009534882,1.0,1.0,0.0,0.0,1.0,1.0,0.0,0.0,0,0,,,1.0,1.0,False,False,0.0,0.0,0,0,,,,,,,3,False,,30.182558092060845,0.0,0.0,False,,,,False,-0.0475,0.29335262883749047,0.2802912052028956,0.42635616595961395,0.4506113959054218,0.5493886040945781,0.5050501364939729,0.2518991629992494,0.33296555199857863,7,2-1,0.06993290055608654
48,Group Stage,Group H,2026-06-26,Cape Verde,Saudi Arabia,佛得角,沙特阿拉伯,1.0997363320402225,1.3788225009534882,1.0997363320402225,1.3788225009534882,1.0,1.0,0.0,0.0,1.0,1.0,0.0,0.0,0,0,,,1.0,1.0,False,False,0.0,0.0,0,0,,,,,,,3,False,,30.182558092060845,0.0,0.0,False,,,,False,-0.0475,0.29335262883749047,0.2802912052028956,0.42635616595961395,0.4506113959054218,0.5493886040945781,0.5050501364939729,0.2518991629992494,0.33296555199857863,8,2-0,0.050719291647566174
48,Group Stage,Group H,2026-06-26,Cape Verde,Saudi Arabia,佛得角,沙特阿拉伯,1.0997363320402225,1.3788225009534882,1.0997363320402225,1.3788225009534882,1.0,1.0,0.0,0.0,1.0,1.0,0.0,0.0,0,0,,,1.0,1.0,False,False,0.0,0.0,0,0,,,,,,,3,False,,30.182558092060845,0.0,0.0,False,,,,False,-0.0475,0.29335262883749047,0.2802912052028956,0.42635616595961395,0.4506113959054218,0.5493886040945781,0.5050501364939729,0.2518991629992494,0.33296555199857863,9,2-2,0.04821252842183743
48,Group Stage,Group H,2026-06-26,Cape Verde,Saudi Arabia,佛得角,沙特阿拉伯,1.0997363320402225,1.3788225009534882,1.0997363320402225,1.3788225009534882,1.0,1.0,0.0,0.0,1.0,1.0,0.0,0.0,0,0,,,1.0,1.0,False,False,0.0,0.0,0,0,,,,,,,3,False,,30.182558092060845,0.0,0.0,False,,,,False,-0.0475,0.29335262883749047,0.2802912052028956,0.42635616595961395,0.4506113959054218,0.5493886040945781,0.5050501364939729,0.2518991629992494,0.33296555199857863,10,1-3,0.040298458869416624
53,Group Stage,Group I,2026-06-26,Norway,France,挪威,法国,1.1156873038373825,2.318373704098702,1.1156873038373825,2.318373704098702,1.0,1.0,0.0,0.0,1.0,1.0,0.0,0.0,0,0,,,1.0,1.0,False,False,0.0,0.0,0,0,,,,,,,3,False,,176.34546333298294,0.0,0.0,False,,,,False,-0.0475,0.1660703118186131,0.19639306601281495,0.6375366221685719,0.6658695317725076,0.33413046822749237,0.6099192923551914,0.09870157595121307,0.3276972635624027,1,1-2,0.09697868291678217
53,Group Stage,Group I,2026-06-26,Norway,France,挪威,法国,1.1156873038373825,2.318373704098702,1.1156873038373825,2.318373704098702,1.0,1.0,0.0,0.0,1.0,1.0,0.0,0.0,0,0,,,1.0,1.0,False,False,0.0,0.0,0,0,,,,,,,3,False,,176.34546333298294,0.0,0.0,False,,,,False,-0.0475,0.1660703118186131,0.19639306601281495,0.6375366221685719,0.6658695317725076,0.33413046822749237,0.6099192923551914,0.09870157595121307,0.3276972635624027,2,1-1,0.08763485384235921
53,Group Stage,Group I,2026-06-26,Norway,France,挪威,法国,1.1156873038373825,2.318373704098702,1.1156873038373825,2.318373704098702,1.0,1.0,0.0,0.0,1.0,1.0,0.0,0.0,0,0,,,1.0,1.0,False,False,0.0,0.0,0,0,,,,,,,3,False,,176.34546333298294,0.0,0.0,False,,,,False,-0.0475,0.1660703118186131,0.19639306601281495,0.6375366221685719,0.6658695317725076,0.33413046822749237,0.6099192923551914,0.09870157595121307,0.3276972635624027,3,0-2,0.08692281662005662
53,Group Stage,Group I,2026-06-26,Norway,France,挪威,法国,1.1156873038373825,2.318373704098702,1.1156873038373825,2.318373704098702,1.0,1.0,0.0,0.0,1.0,1.0,0.0,0.0,0,0,,,1.0,1.0,False,False,0.0,0.0,0,0,,,,,,,3,False,,176.34546333298294,0.0,0.0,False,,,,False,-0.0475,0.1660703118186131,0.19639306601281495,0.6375366221685719,0.6658695317725076,0.33413046822749237,0.6099192923551914,0.09870157595121307,0.3276972635624027,4,1-3,0.07494427611079794
53,Group Stage,Group I,2026-06-26,Norway,France,挪威,法国,1.1156873038373825,2.318373704098702,1.1156873038373825,2.318373704098702,1.0,1.0,0.0,0.0,1.0,1.0,0.0,0.0,0,0,,,1.0,1.0,False,False,0.0,0.0,0,0,,,,,,,3,False,,176.34546333298294,0.0,0.0,False,,,,False,-0.0475,0.1660703118186131,0.19639306601281495,0.6375366221685719,0.6658695317725076,0.33413046822749237,0.6099192923551914,0.09870157595121307,0.3276972635624027,5,0-1,0.07101213150923914
53,Group Stage,Group I,2026-06-26,Norway,France,挪威,法国,1.1156873038373825,2.318373704098702,1.1156873038373825,2.318373704098702,1.0,1.0,0.0,0.0,1.0,1.0,0.0,0.0,0,0,,,1.0,1.0,False,False,0.0,0.0,0,0,,,,,,,3,False,,176.34546333298294,0.0,0.0,False,,,,False,-0.0475,0.1660703118186131,0.19639306601281495,0.6375366221685719,0.6658695317725076,0.33413046822749237,0.6099192923551914,0.09870157595121307,0.3276972635624027,6,0-3,0.06717319077937761
53,Group Stage,Group I,2026-06-26,Norway,France,挪威,法国,1.1156873038373825,2.318373704098702,1.1156873038373825,2.318373704098702,1.0,1.0,0.0,0.0,1.0,1.0,0.0,0.0,0,0,,,1.0,1.0,False,False,0.0,0.0,0,0,,,,,,,3,False,,176.34546333298294,0.0,0.0,False,,,,False,-0.0475,0.1660703118186131,0.19639306601281495,0.6375366221685719,0.6658695317725076,0.33413046822749237,0.6099192923551914,0.09870157595121307,0.3276972635624027,7,2-2,0.05409894263656256
53,Group Stage,Group I,2026-06-26,Norway,France,挪威,法国,1.1156873038373825,2.318373704098702,1.1156873038373825,2.318373704098702,1.0,1.0,0.0,0.0,1.0,1.0,0.0,0.0,0,0,,,1.0,1.0,False,False,0.0,0.0,0,0,,,,,,,3,False,,176.34546333298294,0.0,0.0,False,,,,False,-0.0475,0.1660703118186131,0.19639306601281495,0.6375366221685719,0.6658695317725076,0.33413046822749237,0.6099192923551914,0.09870157595121307,0.3276972635624027,8,2-1,0.04666973451339609
53,Group Stage,Group I,2026-06-26,Norway,France,挪威,法国,1.1156873038373825,2.318373704098702,1.1156873038373825,2.318373704098702,1.0,1.0,0.0,0.0,1.0,1.0,0.0,0.0,0,0,,,1.0,1.0,False,False,0.0,0.0,0,0,,,,,,,3,False,,176.34546333298294,0.0,0.0,False,,,,False,-0.0475,0.1660703118186131,0.19639306601281495,0.6375366221685719,0.6658695317725076,0.33413046822749237,0.6099192923551914,0.09870157595121307,0.3276972635624027,9,1-4,0.043437209751996615
53,Group Stage,Group I,2026-06-26,Norway,France,挪威,法国,1.1156873038373825,2.318373704098702,1.1156873038373825,2.318373704098702,1.0,1.0,0.0,0.0,1.0,1.0,0.0,0.0,0,0,,,1.0,1.0,False,False,0.0,0.0,0,0,,,,,,,3,False,,176.34546333298294,0.0,0.0,False,,,,False,-0.0475,0.1660703118186131,0.19639306601281495,0.6375366221685719,0.6658695317725076,0.33413046822749237,0.6099192923551914,0.09870157595121307,0.3276972635624027,10,2-3,0.041807188676050246
54,Group Stage,Group I,2026-06-26,Senegal,Iraq,塞内加尔,伊拉克,1.4374068781947256,0.8574775640231741,1.4374068781947256,0.8574775640231741,1.0,1.0,0.0,0.0,1.0,1.0,0.0,0.0,0,0,,,1.0,1.0,False,False,0.0,0.0,0,0,,,,,,,3,False,,108.85500120142251,0.0,0.0,False,,,,False,-0.0475,0.5007794972247361,0.2807551634205824,0.21846533935468146,0.40252604455987906,0.5974739554401209,0.44488136761758174,0.4242322693499526,0.23757319146114528,1,1-0,0.138970183168401
54,Group Stage,Group I,2026-06-26,Senegal,Iraq,塞内加尔,伊拉克,1.4374068781947256,0.8574775640231741,1.4374068781947256,0.8574775640231741,1.0,1.0,0.0,0.0,1.0,1.0,0.0,0.0,0,0,,,1.0,1.0,False,False,0.0,0.0,0,0,,,,,,,3,False,,108.85500120142251,0.0,0.0,False,,,,False,-0.0475,0.5007794972247361,0.2807551634205824,0.21846533935468146,0.40252604455987906,0.5974739554401209,0.44488136761758174,0.4242322693499526,0.23757319146114528,2,1-1,0.130124072771191
54,Group Stage,Group I,2026-06-26,Senegal,Iraq,塞内加尔,伊拉克,1.4374068781947256,0.8574775640231741,1.4374068781947256,0.8574775640231741,1.0,1.0,0.0,0.0,1.0,1.0,0.0,0.0,0,0,,,1.0,1.0,False,False,0.0,0.0,0,0,,,,,,,3,False,,108.85500120142251,0.0,0.0,False,,,,False,-0.0475,0.5007794972247361,0.2807551634205824,0.21846533935468146,0.40252604455987906,0.5974739554401209,0.44488136761758174,0.4242322693499526,0.23757319146114528,3,0-0,0.10668682842867969
54,Group Stage,Group I,2026-06-26,Senegal,Iraq,塞内加尔,伊拉克,1.4374068781947256,0.8574775640231741,1.4374068781947256,0.8574775640231741,1.0,1.0,0.0,0.0,1.0,1.0,0.0,0.0,0,0,,,1.0,1.0,False,False,0.0,0.0,0,0,,,,,,,3,False,,108.85500120142251,0.0,0.0,False,,,,False,-0.0475,0.5007794972247361,0.2807551634205824,0.21846533935468146,0.40252604455987906,0.5974739554401209,0.44488136761758174,0.4242322693499526,0.23757319146114528,4,2-0,0.10411914034979851
54,Group Stage,Group I,2026-06-26,Senegal,Iraq,塞内加尔,伊拉克,1.4374068781947256,0.8574775640231741,1.4374068781947256,0.8574775640231741,1.0,1.0,0.0,0.0,1.0,1.0,0.0,0.0,0,0,,,1.0,1.0,False,False,0.0,0.0,0,0,,,,,,,3,False,,108.85500120142251,0.0,0.0,False,,,,False,-0.0475,0.5007794972247361,0.2807551634205824,0.21846533935468146,0.40252604455987906,0.5974739554401209,0.44488136761758174,0.4242322693499526,0.23757319146114528,5,2-1,0.0892798268353322
54,Group Stage,Group I,2026-06-26,Senegal,Iraq,塞内加尔,伊拉克,1.4374068781947256,0.8574775640231741,1.4374068781947256,0.8574775640231741,1.0,1.0,0.0,0.0,1.0,1.0,0.0,0.0,0,0,,,1.0,1.0,False,False,0.0,0.0,0,0,,,,,,,3,False,,108.85500120142251,0.0,0.0,False,,,,False,-0.0475,0.5007794972247361,0.2807551634205824,0.21846533935468146,0.40252604455987906,0.5974739554401209,0.44488136761758174,0.4242322693499526,0.23757319146114528,6,0-1,0.08052130311828636
54,Group Stage,Group I,2026-06-26,Senegal,Iraq,塞内加尔,伊拉克,1.4374068781947256,0.8574775640231741,1.4374068781947256,0.8574775640231741,1.0,1.0,0.0,0.0,1.0,1.0,0.0,0.0,0,0,,,1.0,1.0,False,False,0.0,0.0,0,0,,,,,,,3,False,,108.85500120142251,0.0,0.0,False,,,,False,-0.0475,0.5007794972247361,0.2807551634205824,0.21846533935468146,0.40252604455987906,0.5974739554401209,0.44488136761758174,0.4242322693499526,0.23757319146114528,7,1-2,0.05325941429146306
54,Group Stage,Group I,2026-06-26,Senegal,Iraq,塞内加尔,伊拉克,1.4374068781947256,0.8574775640231741,1.4374068781947256,0.8574775640231741,1.0,1.0,0.0,0.0,1.0,1.0,0.0,0.0,0,0,,,1.0,1.0,False,False,0.0,0.0,0,0,,,,,,,3,False,,108.85500120142251,0.0,0.0,False,,,,False,-0.0475,0.5007794972247361,0.2807551634205824,0.21846533935468146,0.40252604455987906,0.5974739554401209,0.44488136761758174,0.4242322693499526,0.23757319146114528,8,3-0,0.04988718949684078
54,Group Stage,Group I,2026-06-26,Senegal,Iraq,塞内加尔,伊拉克,1.4374068781947256,0.8574775640231741,1.4374068781947256,0.8574775640231741,1.0,1.0,0.0,0.0,1.0,1.0,0.0,0.0,0,0,,,1.0,1.0,False,False,0.0,0.0,0,0,,,,,,,3,False,,108.85500120142251,0.0,0.0,False,,,,False,-0.0475,0.5007794972247361,0.2807551634205824,0.21846533935468146,0.40252604455987906,0.5974739554401209,0.44488136761758174,0.4242322693499526,0.23757319146114528,9,3-1,0.042777145725713506
54,Group Stage,Group I,2026-06-26,Senegal,Iraq,塞内加尔,伊拉克,1.4374068781947256,0.8574775640231741,1.4374068781947256,0.8574775640231741,1.0,1.0,0.0,0.0,1.0,1.0,0.0,0.0,0,0,,,1.0,1.0,False,False,0.0,0.0,0,0,,,,,,,3,False,,108.85500120142251,0.0,0.0,False,,,,False,-0.0475,0.5007794972247361,0.2807551634205824,0.21846533935468146,0.40252604455987906,0.5974739554401209,0.44488136761758174,0.4242322693499526,0.23757319146114528,10,2-2,0.038277724215585736
59,Group Stage,Group J,2026-06-27,Jordan,Argentina,约旦,阿根廷,0.5300571226812523,3.436509415826352,0.5300571226812523,3.436509415826352,1.0,1.0,0.0,0.0,1.0,1.0,0.0,0.0,0,0,,,1.0,1.0,False,False,0.0,0.0,0,0,,,,,,,3,False,,347.1155219062932,0.0,0.0,False,,,,False,-0.0475,0.026954722750715,0.07788943787675101,0.8951558393725342,0.75088626814583,0.24911373185416996,0.3995390186059594,0.032980486900511655,0.5885714048108794,1,0-3,0.1312978412484618
59,Group Stage,Group J,2026-06-27,Jordan,Argentina,约旦,阿根廷,0.5300571226812523,3.436509415826352,0.5300571226812523,3.436509415826352,1.0,1.0,0.0,0.0,1.0,1.0,0.0,0.0,0,0,,,1.0,1.0,False,False,0.0,0.0,0,0,,,,,,,3,False,,347.1155219062932,0.0,0.0,False,,,,False,-0.0475,0.026954722750715,0.07788943787675101,0.8951558393725342,0.75088626814583,0.24911373185416996,0.3995390186059594,0.032980486900511655,0.5885714048108794,2,0-2,0.11462023701473513
59,Group Stage,Group J,2026-06-27,Jordan,Argentina,约旦,阿根廷,0.5300571226812523,3.436509415826352,0.5300571226812523,3.436509415826352,1.0,1.0,0.0,0.0,1.0,1.0,0.0,0.0,0,0,,,1.0,1.0,False,False,0.0,0.0,0,0,,,,,,,3,False,,347.1155219062932,0.0,0.0,False,,,,False,-0.0475,0.026954722750715,0.07788943787675101,0.8951558393725342,0.75088626814583,0.24911373185416996,0.3995390186059594,0.032980486900511655,0.5885714048108794,3,0-4,0.11280156693200315
59,Group Stage,Group J,2026-06-27,Jordan,Argentina,约旦,阿根廷,0.5300571226812523,3.436509415826352,0.5300571226812523,3.436509415826352,1.0,1.0,0.0,0.0,1.0,1.0,0.0,0.0,0,0,,,1.0,1.0,False,False,0.0,0.0,0,0,,,,,,,3,False,,347.1155219062932,0.0,0.0,False,,,,False,-0.0475,0.026954722750715,0.07788943787675101,0.8951558393725342,0.75088626814583,0.24911373185416996,0.3995390186059594,0.032980486900511655,0.5885714048108794,4,0-5,0.07752872937635906
59,Group Stage,Group J,2026-06-27,Jordan,Argentina,约旦,阿根廷,0.5300571226812523,3.436509415826352,0.5300571226812523,3.436509415826352,1.0,1.0,0.0,0.0,1.0,1.0,0.0,0.0,0,0,,,1.0,1.0,False,False,0.0,0.0,0,0,,,,,,,3,False,,347.1155219062932,0.0,0.0,False,,,,False,-0.0475,0.026954722750715,0.07788943787675101,0.8951558393725342,0.75088626814583,0.24911373185416996,0.3995390186059594,0.032980486900511655,0.5885714048108794,5,1-3,0.06959535594641951
59,Group Stage,Group J,2026-06-27,Jordan,Argentina,约旦,阿根廷,0.5300571226812523,3.436509415826352,0.5300571226812523,3.436509415826352,1.0,1.0,0.0,0.0,1.0,1.0,0.0,0.0,0,0,,,1.0,1.0,False,False,0.0,0.0,0,0,,,,,,,3,False,,347.1155219062932,0.0,0.0,False,,,,False,-0.0475,0.026954722750715,0.07788943787675101,0.8951558393725342,0.75088626814583,0.24911373185416996,0.3995390186059594,0.032980486900511655,0.5885714048108794,6,0-1,0.06502782214481212
59,Group Stage,Group J,2026-06-27,Jordan,Argentina,约旦,阿根廷,0.5300571226812523,3.436509415826352,0.5300571226812523,3.436509415826352,1.0,1.0,0.0,0.0,1.0,1.0,0.0,0.0,0,0,,,1.0,1.0,False,False,0.0,0.0,0,0,,,,,,,3,False,,347.1155219062932,0.0,0.0,False,,,,False,-0.0475,0.026954722750715,0.07788943787675101,0.8951558393725342,0.75088626814583,0.24911373185416996,0.3995390186059594,0.032980486900511655,0.5885714048108794,7,1-2,0.060755273033073674
59,Group Stage,Group J,2026-06-27,Jordan,Argentina,约旦,阿根廷,0.5300571226812523,3.436509415826352,0.5300571226812523,3.436509415826352,1.0,1.0,0.0,0.0,1.0,1.0,0.0,0.0,0,0,,,1.0,1.0,False,False,0.0,0.0,0,0,,,,,,,3,False,,347.1155219062932,0.0,0.0,False,,,,False,-0.0475,0.026954722750715,0.07788943787675101,0.8951558393725342,0.75088626814583,0.24911373185416996,0.3995390186059594,0.032980486900511655,0.5885714048108794,8,1-4,0.05979127400191428
59,Group Stage,Group J,2026-06-27,Jordan,Argentina,约旦,阿根廷,0.5300571226812523,3.436509415826352,0.5300571226812523,3.436509415826352,1.0,1.0,0.0,0.0,1.0,1.0,0.0,0.0,0,0,,,1.0,1.0,False,False,0.0,0.0,0,0,,,,,,,3,False,,347.1155219062932,0.0,0.0,False,,,,False,-0.0475,0.026954722750715,0.07788943787675101,0.8951558393725342,0.75088626814583,0.24911373185416996,0.3995390186059594,0.032980486900511655,0.5885714048108794,9,0-6,0.04440470141648517
59,Group Stage,Group J,2026-06-27,Jordan,Argentina,约旦,阿根廷,0.5300571226812523,3.436509415826352,0.5300571226812523,3.436509415826352,1.0,1.0,0.0,0.0,1.0,1.0,0.0,0.0,0,0,,,1.0,1.0,False,False,0.0,0.0,0,0,,,,,,,3,False,,347.1155219062932,0.0,0.0,False,,,,False,-0.0475,0.026954722750715,0.07788943787675101,0.8951558393725342,0.75088626814583,0.24911373185416996,0.3995390186059594,0.032980486900511655,0.5885714048108794,10,1-5,0.04109465521836636
60,Group Stage,Group J,2026-06-27,Algeria,Austria,阿尔及利亚,奥地利,1.2783402038130942,1.2197839419757883,1.2783402038130942,1.2197839419757883,1.0,1.0,0.0,0.0,1.0,1.0,0.0,0.0,0,0,,,1.0,1.0,False,False,0.0,0.0,0,0,,,,,,,3,False,,16.517260409788832,0.0,0.0,False,,,,False,-0.0475,0.37283377853172256,0.2822340000063965,0.34493222146188074,0.4556518887642974,0.5443481112357026,0.5145177092983443,0.29530619313158607,0.2785151180309565,1,1-1,0.1343398070270623
60,Group Stage,Group J,2026-06-27,Algeria,Austria,阿尔及利亚,奥地利,1.2783402038130942,1.2197839419757883,1.2783402038130942,1.2197839419757883,1.0,1.0,0.0,0.0,1.0,1.0,0.0,0.0,0,0,,,1.0,1.0,False,False,0.0,0.0,0,0,,,,,,,3,False,,16.517260409788832,0.0,0.0,False,,,,False,-0.0475,0.37283377853172256,0.2822340000063965,0.34493222146188074,0.4556518887642974,0.5443481112357026,0.5145177092983443,0.29530619313158607,0.2785151180309565,2,1-0,0.09904817134156753
60,Group Stage,Group J,2026-06-27,Algeria,Austria,阿尔及利亚,奥地利,1.2783402038130942,1.2197839419757883,1.2783402038130942,1.2197839419757883,1.0,1.0,0.0,0.0,1.0,1.0,0.0,0.0,0,0,,,1.0,1.0,False,False,0.0,0.0,0,0,,,,,,,3,False,,16.517260409788832,0.0,0.0,False,,,,False,-0.0475,0.37283377853172256,0.2822340000063965,0.34493222146188074,0.4556518887642974,0.5443481112357026,0.5145177092983443,0.29530619313158607,0.2785151180309565,3,0-1,0.0942320804655088
60,Group Stage,Group J,2026-06-27,Algeria,Austria,阿尔及利亚,奥地利,1.2783402038130942,1.2197839419757883,1.2783402038130942,1.2197839419757883,1.0,1.0,0.0,0.0,1.0,1.0,0.0,0.0,0,0,,,1.0,1.0,False,False,0.0,0.0,0,0,,,,,,,3,False,,16.517260409788832,0.0,0.0,False,,,,False,-0.0475,0.37283377853172256,0.2822340000063965,0.34493222146188074,0.4556518887642974,0.5443481112357026,0.5145177092983443,0.29530619313158607,0.2785151180309565,4,0-0,0.08833902046088699
60,Group Stage,Group J,2026-06-27,Algeria,Austria,阿尔及利亚,奥地利,1.2783402038130942,1.2197839419757883,1.2783402038130942,1.2197839419757883,1.0,1.0,0.0,0.0,1.0,1.0,0.0,0.0,0,0,,,1.0,1.0,False,False,0.0,0.0,0,0,,,,,,,3,False,,16.517260409788832,0.0,0.0,False,,,,False,-0.0475,0.37283377853172256,0.2822340000063965,0.34493222146188074,0.4556518887642974,0.5443481112357026,0.5145177092983443,0.29530619313158607,0.2785151180309565,5,2-1,0.08197230372085276
60,Group Stage,Group J,2026-06-27,Algeria,Austria,阿尔及利亚,奥地利,1.2783402038130942,1.2197839419757883,1.2783402038130942,1.2197839419757883,1.0,1.0,0.0,0.0,1.0,1.0,0.0,0.0,0,0,,,1.0,1.0,False,False,0.0,0.0,0,0,,,,,,,3,False,,16.517260409788832,0.0,0.0,False,,,,False,-0.0475,0.37283377853172256,0.2822340000063965,0.34493222146188074,0.4556518887642974,0.5443481112357026,0.5145177092983443,0.29530619313158607,0.2785151180309565,6,1-2,0.07821744123137792
60,Group Stage,Group J,2026-06-27,Algeria,Austria,阿尔及利亚,奥地利,1.2783402038130942,1.2197839419757883,1.2783402038130942,1.2197839419757883,1.0,1.0,0.0,0.0,1.0,1.0,0.0,0.0,0,0,,,1.0,1.0,False,False,0.0,0.0,0,0,,,,,,,3,False,,16.517260409788832,0.0,0.0,False,,,,False,-0.0475,0.37283377853172256,0.2822340000063965,0.34493222146188074,0.4556518887642974,0.5443481112357026,0.5145177092983443,0.29530619313158607,0.2785151180309565,7,2-0,0.06720231419678736
60,Group Stage,Group J,2026-06-27,Algeria,Austria,阿尔及利亚,奥地利,1.2783402038130942,1.2197839419757883,1.2783402038130942,1.2197839419757883,1.0,1.0,0.0,0.0,1.0,1.0,0.0,0.0,0,0,,,1.0,1.0,False,False,0.0,0.0,0,0,,,,,,,3,False,,16.517260409788832,0.0,0.0,False,,,,False,-0.0475,0.37283377853172256,0.2822340000063965,0.34493222146188074,0.4556518887642974,0.5443481112357026,0.5145177092983443,0.29530619313158607,0.2785151180309565,8,0-2,0.06118671774388946
60,Group Stage,Group J,2026-06-27,Algeria,Austria,阿尔及利亚,奥地利,1.2783402038130942,1.2197839419757883,1.2783402038130942,1.2197839419757883,1.0,1.0,0.0,0.0,1.0,1.0,0.0,0.0,0,0,,,1.0,1.0,False,False,0.0,0.0,0,0,,,,,,,3,False,,16.517260409788832,0.0,0.0,False,,,,False,-0.0475,0.37283377853172256,0.2822340000063965,0.34493222146188074,0.4556518887642974,0.5443481112357026,0.5145177092983443,0.29530619313158607,0.2785151180309565,9,2-2,0.04999424988272918
60,Group Stage,Group J,2026-06-27,Algeria,Austria,阿尔及利亚,奥地利,1.2783402038130942,1.2197839419757883,1.2783402038130942,1.2197839419757883,1.0,1.0,0.0,0.0,1.0,1.0,0.0,0.0,0,0,,,1.0,1.0,False,False,0.0,0.0,0,0,,,,,,,3,False,,16.517260409788832,0.0,0.0,False,,,,False,-0.0475,0.37283377853172256,0.2822340000063965,0.34493222146188074,0.4556518887642974,0.5443481112357026,0.5145177092983443,0.29530619313158607,0.2785151180309565,10,3-1,0.03492949714851459
65,Group Stage,Group K,2026-06-27,Colombia,Portugal,哥伦比亚,葡萄牙,1.5346589907106343,1.3585680352544685,1.5346589907106343,1.3585680352544685,1.0,1.0,0.0,0.0,1.0,1.0,0.0,0.0,0,0,,,1.0,1.0,False,False,0.0,0.0,0,0,,,,,,,3,False,,0.26703371320854785,0.0,0.0,False,,,,False,-0.0475,0.4102285333581633,0.2580696610474599,0.33170180559437684,0.552340778151867,0.447659221848133,0.588278054950825,0.25705090075235926,0.21557175230457878,1,1-1,0.12102031913492588
65,Group Stage,Group K,2026-06-27,Colombia,Portugal,哥伦比亚,葡萄牙,1.5346589907106343,1.3585680352544685,1.5346589907106343,1.3585680352544685,1.0,1.0,0.0,0.0,1.0,1.0,0.0,0.0,0,0,,,1.0,1.0,False,False,0.0,0.0,0,0,,,,,,,3,False,,0.26703371320854785,0.0,0.0,False,,,,False,-0.0475,0.4102285333581633,0.2580696610474599,0.33170180559437684,0.552340778151867,0.447659221848133,0.588278054950825,0.25705090075235926,0.21557175230457878,2,2-1,0.08865151351746264
65,Group Stage,Group K,2026-06-27,Colombia,Portugal,哥伦比亚,葡萄牙,1.5346589907106343,1.3585680352544685,1.5346589907106343,1.3585680352544685,1.0,1.0,0.0,0.0,1.0,1.0,0.0,0.0,0,0,,,1.0,1.0,False,False,0.0,0.0,0,0,,,,,,,3,False,,0.26703371320854785,0.0,0.0,False,,,,False,-0.0475,0.4102285333581633,0.2580696610474599,0.33170180559437684,0.552340778151867,0.447659221848133,0.588278054950825,0.25705090075235926,0.21557175230457878,3,1-0,0.07955213039949102
65,Group Stage,Group K,2026-06-27,Colombia,Portugal,哥伦比亚,葡萄牙,1.5346589907106343,1.3585680352544685,1.5346589907106343,1.3585680352544685,1.0,1.0,0.0,0.0,1.0,1.0,0.0,0.0,0,0,,,1.0,1.0,False,False,0.0,0.0,0,0,,,,,,,3,False,,0.26703371320854785,0.0,0.0,False,,,,False,-0.0475,0.4102285333581633,0.2580696610474599,0.33170180559437684,0.552340778151867,0.447659221848133,0.588278054950825,0.25705090075235926,0.21557175230457878,4,1-2,0.07847939722816466
65,Group Stage,Group K,2026-06-27,Colombia,Portugal,哥伦比亚,葡萄牙,1.5346589907106343,1.3585680352544685,1.5346589907106343,1.3585680352544685,1.0,1.0,0.0,0.0,1.0,1.0,0.0,0.0,0,0,,,1.0,1.0,False,False,0.0,0.0,0,0,,,,,,,3,False,,0.26703371320854785,0.0,0.0,False,,,,False,-0.0475,0.4102285333581633,0.2580696610474599,0.33170180559437684,0.552340778151867,0.447659221848133,0.588278054950825,0.25705090075235926,0.21557175230457878,5,0-1,0.0697944175859304
65,Group Stage,Group K,2026-06-27,Colombia,Portugal,哥伦比亚,葡萄牙,1.5346589907106343,1.3585680352544685,1.5346589907106343,1.3585680352544685,1.0,1.0,0.0,0.0,1.0,1.0,0.0,0.0,0,0,,,1.0,1.0,False,False,0.0,0.0,0,0,,,,,,,3,False,,0.26703371320854785,0.0,0.0,False,,,,False,-0.0475,0.4102285333581633,0.2580696610474599,0.33170180559437684,0.552340778151867,0.447659221848133,0.588278054950825,0.25705090075235926,0.21557175230457878,6,2-0,0.06525364296596133
65,Group Stage,Group K,2026-06-27,Colombia,Portugal,哥伦比亚,葡萄牙,1.5346589907106343,1.3585680352544685,1.5346589907106343,1.3585680352544685,1.0,1.0,0.0,0.0,1.0,1.0,0.0,0.0,0,0,,,1.0,1.0,False,False,0.0,0.0,0,0,,,,,,,3,False,,0.26703371320854785,0.0,0.0,False,,,,False,-0.0475,0.4102285333581633,0.2580696610474599,0.33170180559437684,0.552340778151867,0.447659221848133,0.588278054950825,0.25705090075235926,0.21557175230457878,7,0-0,0.06090070800776287
65,Group Stage,Group K,2026-06-27,Colombia,Portugal,哥伦比亚,葡萄牙,1.5346589907106343,1.3585680352544685,1.5346589907106343,1.3585680352544685,1.0,1.0,0.0,0.0,1.0,1.0,0.0,0.0,0,0,,,1.0,1.0,False,False,0.0,0.0,0,0,,,,,,,3,False,,0.26703371320854785,0.0,0.0,False,,,,False,-0.0475,0.4102285333581633,0.2580696610474599,0.33170180559437684,0.552340778151867,0.447659221848133,0.588278054950825,0.25705090075235926,0.21557175230457878,8,2-2,0.060219556270877085
65,Group Stage,Group K,2026-06-27,Colombia,Portugal,哥伦比亚,葡萄牙,1.5346589907106343,1.3585680352544685,1.5346589907106343,1.3585680352544685,1.0,1.0,0.0,0.0,1.0,1.0,0.0,0.0,0,0,,,1.0,1.0,False,False,0.0,0.0,0,0,,,,,,,3,False,,0.26703371320854785,0.0,0.0,False,,,,False,-0.0475,0.4102285333581633,0.2580696610474599,0.33170180559437684,0.552340778151867,0.447659221848133,0.588278054950825,0.25705090075235926,0.21557175230457878,9,0-2,0.051138003754061516
65,Group Stage,Group K,2026-06-27,Colombia,Portugal,哥伦比亚,葡萄牙,1.5346589907106343,1.3585680352544685,1.5346589907106343,1.3585680352544685,1.0,1.0,0.0,0.0,1.0,1.0,0.0,0.0,0,0,,,1.0,1.0,False,False,0.0,0.0,0,0,,,,,,,3,False,,0.26703371320854785,0.0,0.0,False,,,,False,-0.0475,0.4102285333581633,0.2580696610474599,0.33170180559437684,0.552340778151867,0.447659221848133,0.588278054950825,0.25705090075235926,0.21557175230457878,10,3-1,0.04534994741989312
66,Group Stage,Group K,2026-06-27,Uzbekistan,DR Congo,乌兹别克斯坦,刚果民主共和国,1.228859923017697,0.8387476217371209,1.228859923017697,0.8387476217371209,1.0,1.0,0.0,0.0,1.0,1.0,0.0,0.0,0,0,,,1.0,1.0,False,False,0.0,0.0,0,0,,,,,,,3,False,,69.61661963220922,0.0,0.0,False,,,,False,-0.0475,0.4465413697246041,0.3069584591577542,0.24650017111764153,0.34158548849478243,0.6584145115052176,0.4077953177580085,0.4322527774026755,0.29263876454088733,1,1-0,0.14925036630238622
66,Group Stage,Group K,2026-06-27,Uzbekistan,DR Congo,乌兹别克斯坦,刚果民主共和国,1.228859923017697,0.8387476217371209,1.228859923017697,0.8387476217371209,1.0,1.0,0.0,0.0,1.0,1.0,0.0,0.0,0,0,,,1.0,1.0,False,False,0.0,0.0,0,0,,,,,,,3,False,,69.61661963220922,0.0,0.0,False,,,,False,-0.0475,0.4465413697246041,0.3069584591577542,0.24650017111764153,0.34158548849478243,0.6584145115052176,0.4077953177580085,0.4322527774026755,0.29263876454088733,2,1-1,0.13657064522856455
66,Group Stage,Group K,2026-06-27,Uzbekistan,DR Congo,乌兹别克斯坦,刚果民主共和国,1.228859923017697,0.8387476217371209,1.228859923017697,0.8387476217371209,1.0,1.0,0.0,0.0,1.0,1.0,0.0,0.0,0,0,,,1.0,1.0,False,False,0.0,0.0,0,0,,,,,,,3,False,,69.61661963220922,0.0,0.0,False,,,,False,-0.0475,0.4465413697246041,0.3069584591577542,0.24650017111764153,0.34158548849478243,0.6584145115052176,0.4077953177580085,0.4322527774026755,0.29263876454088733,3,0-0,0.1326868597015714
66,Group Stage,Group K,2026-06-27,Uzbekistan,DR Congo,乌兹别克斯坦,刚果民主共和国,1.228859923017697,0.8387476217371209,1.228859923017697,0.8387476217371209,1.0,1.0,0.0,0.0,1.0,1.0,0.0,0.0,0,0,,,1.0,1.0,False,False,0.0,0.0,0,0,,,,,,,3,False,,69.61661963220922,0.0,0.0,False,,,,False,-0.0475,0.4465413697246041,0.3069584591577542,0.24650017111764153,0.34158548849478243,0.6584145115052176,0.4077953177580085,0.4322527774026755,0.29263876454088733,4,0-1,0.0999035325614161
66,Group Stage,Group K,2026-06-27,Uzbekistan,DR Congo,乌兹别克斯坦,刚果民主共和国,1.228859923017697,0.8387476217371209,1.228859923017697,0.8387476217371209,1.0,1.0,0.0,0.0,1.0,1.0,0.0,0.0,0,0,,,1.0,1.0,False,False,0.0,0.0,0,0,,,,,,,3,False,,69.61661963220922,0.0,0.0,False,,,,False,-0.0475,0.4465413697246041,0.3069584591577542,0.24650017111764153,0.34158548849478243,0.6584145115052176,0.4077953177580085,0.4322527774026755,0.29263876454088733,5,2-0,0.09550902529378748
66,Group Stage,Group K,2026-06-27,Uzbekistan,DR Congo,乌兹别克斯坦,刚果民主共和国,1.228859923017697,0.8387476217371209,1.228859923017697,0.8387476217371209,1.0,1.0,0.0,0.0,1.0,1.0,0.0,0.0,0,0,,,1.0,1.0,False,False,0.0,0.0,0,0,,,,,,,3,False,,69.61661963220922,0.0,0.0,False,,,,False,-0.0475,0.4465413697246041,0.3069584591577542,0.24650017111764153,0.34158548849478243,0.6584145115052176,0.4077953177580085,0.4322527774026755,0.29263876454088733,6,2-1,0.08010796781959477
66,Group Stage,Group K,2026-06-27,Uzbekistan,DR Congo,乌兹别克斯坦,刚果民主共和国,1.228859923017697,0.8387476217371209,1.228859923017697,0.8387476217371209,1.0,1.0,0.0,0.0,1.0,1.0,0.0,0.0,0,0,,,1.0,1.0,False,False,0.0,0.0,0,0,,,,,,,3,False,,69.61661963220922,0.0,0.0,False,,,,False,-0.0475,0.4465413697246041,0.3069584591577542,0.24650017111764153,0.34158548849478243,0.6584145115052176,0.4077953177580085,0.4322527774026755,0.29263876454088733,7,1-2,0.054676994694301956
66,Group Stage,Group K,2026-06-27,Uzbekistan,DR Congo,乌兹别克斯坦,刚果民主共和国,1.228859923017697,0.8387476217371209,1.228859923017697,0.8387476217371209,1.0,1.0,0.0,0.0,1.0,1.0,0.0,0.0,0,0,,,1.0,1.0,False,False,0.0,0.0,0,0,,,,,,,3,False,,69.61661963220922,0.0,0.0,False,,,,False,-0.0475,0.4465413697246041,0.3069584591577542,0.24650017111764153,0.34158548849478243,0.6584145115052176,0.4077953177580085,0.4322527774026755,0.29263876454088733,8,0-2,0.04449408241749173
66,Group Stage,Group K,2026-06-27,Uzbekistan,DR Congo,乌兹别克斯坦,刚果民主共和国,1.228859923017697,0.8387476217371209,1.228859923017697,0.8387476217371209,1.0,1.0,0.0,0.0,1.0,1.0,0.0,0.0,0,0,,,1.0,1.0,False,False,0.0,0.0,0,0,,,,,,,3,False,,69.61661963220922,0.0,0.0,False,,,,False,-0.0475,0.4465413697246041,0.3069584591577542,0.24650017111764153,0.34158548849478243,0.6584145115052176,0.4077953177580085,0.4322527774026755,0.29263876454088733,9,3-0,0.03912240449000633
66,Group Stage,Group K,2026-06-27,Uzbekistan,DR Congo,乌兹别克斯坦,刚果民主共和国,1.228859923017697,0.8387476217371209,1.228859923017697,0.8387476217371209,1.0,1.0,0.0,0.0,1.0,1.0,0.0,0.0,0,0,,,1.0,1.0,False,False,0.0,0.0,0,0,,,,,,,3,False,,69.61661963220922,0.0,0.0,False,,,,False,-0.0475,0.4465413697246041,0.3069584591577542,0.24650017111764153,0.34158548849478243,0.6584145115052176,0.4077953177580085,0.4322527774026755,0.29263876454088733,10,2-2,0.03359518374543947
71,Group Stage,Group L,2026-06-27,Panama,England,巴拿马,英格兰,0.8994111039184195,2.221424525235015,0.8994111039184195,2.221424525235015,1.0,1.0,0.0,0.0,1.0,1.0,0.0,0.0,0,0,,,1.0,1.0,False,False,0.0,0.0,0,0,,,,,,,3,False,,177.90676581619323,0.0,0.0,False,,,,False,-0.0475,0.13491858073288254,0.19618779616106136,0.6688936231060559,0.6024944652443315,0.3975055347556685,0.532915644069455,0.10868249935925692,0.4068111080112501,1,0-2,0.10909015255709438
71,Group Stage,Group L,2026-06-27,Panama,England,巴拿马,英格兰,0.8994111039184195,2.221424525235015,0.8994111039184195,2.221424525235015,1.0,1.0,0.0,0.0,1.0,1.0,0.0,0.0,0,0,,,1.0,1.0,False,False,0.0,0.0,0,0,,,,,,,3,False,,177.90676581619323,0.0,0.0,False,,,,False,-0.0475,0.13491858073288254,0.19618779616106136,0.6688936231060559,0.6024944652443315,0.3975055347556685,0.532915644069455,0.10868249935925692,0.4068111080112501,2,1-2,0.09811689453800505
71,Group Stage,Group L,2026-06-27,Panama,England,巴拿马,英格兰,0.8994111039184195,2.221424525235015,0.8994111039184195,2.221424525235015,1.0,1.0,0.0,0.0,1.0,1.0,0.0,0.0,0,0,,,1.0,1.0,False,False,0.0,0.0,0,0,,,,,,,3,False,,177.90676581619323,0.0,0.0,False,,,,False,-0.0475,0.13491858073288254,0.19618779616106136,0.6688936231060559,0.6024944652443315,0.3975055347556685,0.532915644069455,0.10868249935925692,0.4068111080112501,3,0-1,0.09402038996169906
71,Group Stage,Group L,2026-06-27,Panama,England,巴拿马,英格兰,0.8994111039184195,2.221424525235015,0.8994111039184195,2.221424525235015,1.0,1.0,0.0,0.0,1.0,1.0,0.0,0.0,0,0,,,1.0,1.0,False,False,0.0,0.0,0,0,,,,,,,3,False,,177.90676581619323,0.0,0.0,False,,,,False,-0.0475,0.13491858073288254,0.19618779616106136,0.6688936231060559,0.6024944652443315,0.3975055347556685,0.532915644069455,0.10868249935925692,0.4068111080112501,4,1-1,0.09253291827926229
71,Group Stage,Group L,2026-06-27,Panama,England,巴拿马,英格兰,0.8994111039184195,2.221424525235015,0.8994111039184195,2.221424525235015,1.0,1.0,0.0,0.0,1.0,1.0,0.0,0.0,0,0,,,1.0,1.0,False,False,0.0,0.0,0,0,,,,,,,3,False,,177.90676581619323,0.0,0.0,False,,,,False,-0.0475,0.13491858073288254,0.19618779616106136,0.6688936231060559,0.6024944652443315,0.3975055347556685,0.532915644069455,0.10868249935925692,0.4068111080112501,5,0-3,0.08077851345065293
71,Group Stage,Group L,2026-06-27,Panama,England,巴拿马,英格兰,0.8994111039184195,2.221424525235015,0.8994111039184195,2.221424525235015,1.0,1.0,0.0,0.0,1.0,1.0,0.0,0.0,0,0,,,1.0,1.0,False,False,0.0,0.0,0,0,,,,,,,3,False,,177.90676581619323,0.0,0.0,False,,,,False,-0.0475,0.13491858073288254,0.19618779616106136,0.6688936231060559,0.6024944652443315,0.3975055347556685,0.532915644069455,0.10868249935925692,0.4068111080112501,6,1-3,0.07265309195554065
71,Group Stage,Group L,2026-06-27,Panama,England,巴拿马,英格兰,0.8994111039184195,2.221424525235015,0.8994111039184195,2.221424525235015,1.0,1.0,0.0,0.0,1.0,1.0,0.0,0.0,0,0,,,1.0,1.0,False,False,0.0,0.0,0,0,,,,,,,3,False,,177.90676581619323,0.0,0.0,False,,,,False,-0.0475,0.13491858073288254,0.19618779616106136,0.6688936231060559,0.6024944652443315,0.3975055347556685,0.532915644069455,0.10868249935925692,0.4068111080112501,7,0-0,0.048409251439962185
71,Group Stage,Group L,2026-06-27,Panama,England,巴拿马,英格兰,0.8994111039184195,2.221424525235015,0.8994111039184195,2.221424525235015,1.0,1.0,0.0,0.0,1.0,1.0,0.0,0.0,0,0,,,1.0,1.0,False,False,0.0,0.0,0,0,,,,,,,3,False,,177.90676581619323,0.0,0.0,False,,,,False,-0.0475,0.13491858073288254,0.19618779616106136,0.6688936231060559,0.6024944652443315,0.3975055347556685,0.532915644069455,0.10868249935925692,0.4068111080112501,8,0-4,0.04486084272282674
71,Group Stage,Group L,2026-06-27,Panama,England,巴拿马,英格兰,0.8994111039184195,2.221424525235015,0.8994111039184195,2.221424525235015,1.0,1.0,0.0,0.0,1.0,1.0,0.0,0.0,0,0,,,1.0,1.0,False,False,0.0,0.0,0,0,,,,,,,3,False,,177.90676581619323,0.0,0.0,False,,,,False,-0.0475,0.13491858073288254,0.19618779616106136,0.6688936231060559,0.6024944652443315,0.3975055347556685,0.532915644069455,0.10868249935925692,0.4068111080112501,9,2-2,0.04412371221473714
71,Group Stage,Group L,2026-06-27,Panama,England,巴拿马,英格兰,0.8994111039184195,2.221424525235015,0.8994111039184195,2.221424525235015,1.0,1.0,0.0,0.0,1.0,1.0,0.0,0.0,0,0,,,1.0,1.0,False,False,0.0,0.0,0,0,,,,,,,3,False,,177.90676581619323,0.0,0.0,False,,,,False,-0.0475,0.13491858073288254,0.19618779616106136,0.6688936231060559,0.6024944652443315,0.3975055347556685,0.532915644069455,0.10868249935925692,0.4068111080112501,10,1-4,0.04034834007604819
72,Group Stage,Group L,2026-06-27,Croatia,Ghana,克罗地亚,加纳,2.390812358822029,0.7512081430334081,2.390812358822029,0.7512081430334081,1.0,1.0,0.0,0.0,1.0,1.0,0.0,0.0,0,0,,,1.0,1.0,False,False,0.0,0.0,0,0,,,,,,,3,False,,258.6928174785569,0.0,0.0,False,,,,False,-0.0475,0.7333362227809612,0.17132684124736583,0.09533693597167296,0.6065802404248118,0.39341975957518815,0.48338212177802803,0.4717968213223742,0.09185504077872901,1,2-0,0.12385655424095478
72,Group Stage,Group L,2026-06-27,Croatia,Ghana,克罗地亚,加纳,2.390812358822029,0.7512081430334081,2.390812358822029,0.7512081430334081,1.0,1.0,0.0,0.0,1.0,1.0,0.0,0.0,0,0,,,1.0,1.0,False,False,0.0,0.0,0,0,,,,,,,3,False,,258.6928174785569,0.0,0.0,False,,,,False,-0.0475,0.7333362227809612,0.17132684124736583,0.09533693597167296,0.6065802404248118,0.39341975957518815,0.48338212177802803,0.4717968213223742,0.09185504077872901,2,1-0,0.09991336737475605
72,Group Stage,Group L,2026-06-27,Croatia,Ghana,克罗地亚,加纳,2.390812358822029,0.7512081430334081,2.390812358822029,0.7512081430334081,1.0,1.0,0.0,0.0,1.0,1.0,0.0,0.0,0,0,,,1.0,1.0,False,False,0.0,0.0,0,0,,,,,,,3,False,,258.6928174785569,0.0,0.0,False,,,,False,-0.0475,0.7333362227809612,0.17132684124736583,0.09533693597167296,0.6065802404248118,0.39341975957518815,0.48338212177802803,0.4717968213223742,0.09185504077872901,3,3-0,0.0987059268667952
72,Group Stage,Group L,2026-06-27,Croatia,Ghana,克罗地亚,加纳,2.390812358822029,0.7512081430334081,2.390812358822029,0.7512081430334081,1.0,1.0,0.0,0.0,1.0,1.0,0.0,0.0,0,0,,,1.0,1.0,False,False,0.0,0.0,0,0,,,,,,,3,False,,258.6928174785569,0.0,0.0,False,,,,False,-0.0475,0.7333362227809612,0.17132684124736583,0.09533693597167296,0.6065802404248118,0.39341975957518815,0.48338212177802803,0.4717968213223742,0.09185504077872901,4,2-1,0.09304205211386422
72,Group Stage,Group L,2026-06-27,Croatia,Ghana,克罗地亚,加纳,2.390812358822029,0.7512081430334081,2.390812358822029,0.7512081430334081,1.0,1.0,0.0,0.0,1.0,1.0,0.0,0.0,0,0,,,1.0,1.0,False,False,0.0,0.0,0,0,,,,,,,3,False,,258.6928174785569,0.0,0.0,False,,,,False,-0.0475,0.7333362227809612,0.17132684124736583,0.09533693597167296,0.6065802404248118,0.39341975957518815,0.48338212177802803,0.4717968213223742,0.09185504077872901,5,1-1,0.08153007008654815
72,Group Stage,Group L,2026-06-27,Croatia,Ghana,克罗地亚,加纳,2.390812358822029,0.7512081430334081,2.390812358822029,0.7512081430334081,1.0,1.0,0.0,0.0,1.0,1.0,0.0,0.0,0,0,,,1.0,1.0,False,False,0.0,0.0,0,0,,,,,,,3,False,,258.6928174785569,0.0,0.0,False,,,,False,-0.0475,0.7333362227809612,0.17132684124736583,0.09533693597167296,0.6065802404248118,0.39341975957518815,0.48338212177802803,0.4717968213223742,0.09185504077872901,6,3-1,0.07414869602799662
72,Group Stage,Group L,2026-06-27,Croatia,Ghana,克罗地亚,加纳,2.390812358822029,0.7512081430334081,2.390812358822029,0.7512081430334081,1.0,1.0,0.0,0.0,1.0,1.0,0.0,0.0,0,0,,,1.0,1.0,False,False,0.0,0.0,0,0,,,,,,,3,False,,258.6928174785569,0.0,0.0,False,,,,False,-0.0475,0.7333362227809612,0.17132684124736583,0.09533693597167296,0.6065802404248118,0.39341975957518815,0.48338212177802803,0.4717968213223742,0.09185504077872901,7,4-0,0.05899683746052933
72,Group Stage,Group L,2026-06-27,Croatia,Ghana,克罗地亚,加纳,2.390812358822029,0.7512081430334081,2.390812358822029,0.7512081430334081,1.0,1.0,0.0,0.0,1.0,1.0,0.0,0.0,0,0,,,1.0,1.0,False,False,0.0,0.0,0,0,,,,,,,3,False,,258.6928174785569,0.0,0.0,False,,,,False,-0.0475,0.7333362227809612,0.17132684124736583,0.09533693597167296,0.6065802404248118,0.39341975957518815,0.48338212177802803,0.4717968213223742,0.09185504077872901,8,0-0,0.04703398387913118
72,Group Stage,Group L,2026-06-27,Croatia,Ghana,克罗地亚,加纳,2.390812358822029,0.7512081430334081,2.390812358822029,0.7512081430334081,1.0,1.0,0.0,0.0,1.0,1.0,0.0,0.0,0,0,,,1.0,1.0,False,False,0.0,0.0,0,0,,,,,,,3,False,,258.6928174785569,0.0,0.0,False,,,,False,-0.0475,0.7333362227809612,0.17132684124736583,0.09533693597167296,0.6065802404248118,0.39341975957518815,0.48338212177802803,0.4717968213223742,0.09185504077872901,9,4-1,0.04431890471356806
72,Group Stage,Group L,2026-06-27,Croatia,Ghana,克罗地亚,加纳,2.390812358822029,0.7512081430334081,2.390812358822029,0.7512081430334081,1.0,1.0,0.0,0.0,1.0,1.0,0.0,0.0,0,0,,,1.0,1.0,False,False,0.0,0.0,0,0,,,,,,,3,False,,258.6928174785569,0.0,0.0,False,,,,False,-0.0475,0.7333362227809612,0.17132684124736583,0.09533693597167296,0.6065802404248118,0.39341975957518815,0.48338212177802803,0.4717968213223742,0.09185504077872901,10,2-2,0.03494697359623677
